id,stock_code,stock_name,trade_date,is_open,open,close,high,low,volume,created_at
mm1lvwd5agc8spm2t,002027,分众传媒,2026-02-04,1,7.30,7.33,7.39,7.26,1372955,2026-02-25T05:40:47.895Z
mm1lvwd5a2qs3jmng,002027,分众传媒,2026-02-05,1,7.31,7.41,7.51,7.29,1535711,2026-02-25T05:40:47.895Z
mm1lvwd5qt939z6so,002027,分众传媒,2026-02-06,1,7.42,7.31,7.45,7.31,923025,2026-02-25T05:40:47.895Z
mm1lvwd563rbzqk04,002027,分众传媒,2026-02-09,1,7.39,7.31,7.39,7.26,1148214,2026-02-25T05:40:47.895Z
mm1lvwd51frnzvgim,002027,分众传媒,2026-02-10,1,7.30,7.48,7.54,7.30,2000362,2026-02-25T05:40:47.895Z
mm1lvwd5r6gct5672,002027,分众传媒,2026-02-11,1,7.48,7.47,7.54,7.42,1320048,2026-02-25T05:40:47.895Z
mm1lvwd52bkvqr6nr,002027,分众传媒,2026-02-12,1,7.46,7.34,7.48,7.28,1062434,2026-02-25T05:40:47.895Z
mm1lvwd591ptf95ob,002027,分众传媒,2026-02-13,1,7.32,7.28,7.39,7.28,994035,2026-02-25T05:40:47.895Z
mm1lvwd54bot8ibot,002027,分众传媒,2026-02-24,1,7.29,7.28,7.31,7.15,1710557,2026-02-25T05:40:47.895Z
mm1lvwd5pyzgo9kr6,002027,分众传媒,2026-02-25,1,7.27,7.23,7.29,7.21,640617,2026-02-25T05:40:47.895Z
mm1lvwsndakdq7slx,002558,巨人网络,2026-02-04,1,42.41,41.56,42.57,41.03,410277,2026-02-25T05:40:48.455Z
mm1lvwsnmi2sro09i,002558,巨人网络,2026-02-05,1,41.15,41.02,42.10,40.91,266393,2026-02-25T05:40:48.455Z
mm1lvwsn29rn3x1f2,002558,巨人网络,2026-02-06,1,40.80,42.02,42.87,40.26,376980,2026-02-25T05:40:48.455Z
mm1lvwsnwixvv6tfw,002558,巨人网络,2026-02-09,1,42.70,41.03,42.81,40.72,394262,2026-02-25T05:40:48.455Z
mm1lvwsntg8ntaa29,002558,巨人网络,2026-02-10,1,41.15,41.69,42.09,41.03,410105,2026-02-25T05:40:48.455Z
mm1lvwsnt5qtu56mw,002558,巨人网络,2026-02-11,1,41.32,41.90,42.77,40.52,408743,2026-02-25T05:40:48.455Z
mm1lvwsngxntn19cs,002558,巨人网络,2026-02-12,1,41.60,41.28,42.44,41.13,313540,2026-02-25T05:40:48.455Z
mm1lvwsnqhzww6vqk,002558,巨人网络,2026-02-13,1,41.05,40.96,41.85,40.95,199617,2026-02-25T05:40:48.455Z
mm1lvwsn6jak48ylg,002558,巨人网络,2026-02-24,1,40.94,39.23,40.95,38.31,616698,2026-02-25T05:40:48.455Z
mm1lvwsn5tyygtbrr,002558,巨人网络,2026-02-25,1,39.26,38.40,39.40,38.00,459072,2026-02-25T05:40:48.455Z
mm1lvx7uchyd6pij6,603986,兆易创新,2026-02-04,1,285.99,282.33,289.50,279.00,270958,2026-02-25T05:40:49.002Z
mm1lvx7uofgewbes8,603986,兆易创新,2026-02-05,1,269.94,277.74,279.52,268.21,229054,2026-02-25T05:40:49.002Z
mm1lvx7uhmlmiq3jm,603986,兆易创新,2026-02-06,1,271.00,276.17,280.51,268.20,186267,2026-02-25T05:40:49.002Z
mm1lvx7uquqjld357,603986,兆易创新,2026-02-09,1,283.97,292.98,294.44,280.20,283055,2026-02-25T05:40:49.002Z
mm1lvx7u43yugnuly,603986,兆易创新,2026-02-10,1,287.13,289.90,291.50,284.17,215966,2026-02-25T05:40:49.002Z
mm1lvx7uru7k8lfqv,603986,兆易创新,2026-02-11,1,285.00,284.59,286.50,280.50,173416,2026-02-25T05:40:49.002Z
mm1lvx7uzcw1g3phl,603986,兆易创新,2026-02-12,1,290.50,303.24,305.00,285.00,300674,2026-02-25T05:40:49.002Z
mm1lvx7udlkavsi6v,603986,兆易创新,2026-02-13,1,303.24,308.70,317.60,301.00,299254,2026-02-25T05:40:49.002Z
mm1lvx7ubjemd9rhg,603986,兆易创新,2026-02-24,1,317.50,323.05,331.16,311.00,302545,2026-02-25T05:40:49.002Z
mm1lvx7ucwgqlqdim,603986,兆易创新,2026-02-25,1,316.00,311.90,317.01,301.96,237486,2026-02-25T05:40:49.002Z
mm1lvxn6fd7t4qrfk,300002,神州泰岳,2026-02-04,1,12.18,11.98,12.22,11.78,865554,2026-02-25T05:40:49.554Z
mm1lvxn6nydp36jpm,300002,神州泰岳,2026-02-05,1,11.87,11.86,12.01,11.83,367429,2026-02-25T05:40:49.554Z
mm1lvxn6ie26enq96,300002,神州泰岳,2026-02-06,1,11.78,11.74,11.96,11.51,488024,2026-02-25T05:40:49.554Z
mm1lvxn634jhjxpja,300002,神州泰岳,2026-02-09,1,11.98,12.04,12.14,11.94,512217,2026-02-25T05:40:49.554Z
mm1lvxn6hw69lav2x,300002,神州泰岳,2026-02-10,1,12.05,12.54,12.74,11.99,1196202,2026-02-25T05:40:49.554Z
mm1lvxn635i8ey4nk,300002,神州泰岳,2026-02-11,1,12.43,12.35,12.65,12.33,654114,2026-02-25T05:40:49.554Z
mm1lvxn6n0gtcoqk2,300002,神州泰岳,2026-02-12,1,12.40,12.58,12.69,12.19,828830,2026-02-25T05:40:49.554Z
mm1lvxn6fdudxst5n,300002,神州泰岳,2026-02-13,1,12.49,12.21,12.59,12.20,593622,2026-02-25T05:40:49.554Z
mm1lvxn62vc00kvzz,300002,神州泰岳,2026-02-24,1,12.35,12.03,12.37,11.96,507990,2026-02-25T05:40:49.554Z
mm1lvxn602027y6j9,300002,神州泰岳,2026-02-25,1,12.05,12.03,12.13,12.00,299897,2026-02-25T05:40:49.554Z
mm1lvy2o991zpbnke,002517,恺英网络,2026-02-04,1,22.81,22.44,23.00,22.15,705619,2026-02-25T05:40:50.112Z
mm1lvy2omnp93xtsr,002517,恺英网络,2026-02-05,1,22.18,22.23,22.53,22.06,353512,2026-02-25T05:40:50.112Z
mm1lvy2o3xc6lege1,002517,恺英网络,2026-02-06,1,22.02,22.26,22.67,21.55,482730,2026-02-25T05:40:50.112Z
mm1lvy2oopjch8mce,002517,恺英网络,2026-02-09,1,22.63,22.81,22.95,22.47,407537,2026-02-25T05:40:50.112Z
mm1lvy2o2ctlik5u8,002517,恺英网络,2026-02-10,1,23.20,24.42,24.63,23.05,936170,2026-02-25T05:40:50.112Z
mm1lvy2ov6f6jwi33,002517,恺英网络,2026-02-11,1,25.30,25.97,26.86,25.16,1359441,2026-02-25T05:40:50.112Z
mm1lvy2o59mfyj4pb,002517,恺英网络,2026-02-12,1,25.32,25.63,26.25,25.03,733342,2026-02-25T05:40:50.112Z
mm1lvy2o5f8ecnuw4,002517,恺英网络,2026-02-13,1,25.52,24.51,25.57,24.43,536380,2026-02-25T05:40:50.112Z
mm1lvy2oqtss3165w,002517,恺英网络,2026-02-24,1,24.47,23.08,24.48,22.92,665973,2026-02-25T05:40:50.112Z
mm1lvy2oll9sk8g3m,002517,恺英网络,2026-02-25,1,23.20,23.03,23.42,23.01,302277,2026-02-25T05:40:50.112Z
mm1lvyi016nvzz7h6,603444,吉比特,2026-02-04,1,442.62,435.16,443.79,429.16,15430,2026-02-25T05:40:50.664Z
mm1lvyi0t5q9ak3ad,603444,吉比特,2026-02-05,1,430.80,432.80,437.00,429.21,9702,2026-02-25T05:40:50.664Z
mm1lvyi0l67eeg5dp,603444,吉比特,2026-02-06,1,430.92,435.34,439.80,424.58,12980,2026-02-25T05:40:50.664Z
mm1lvyi0socg4fwlc,603444,吉比特,2026-02-09,1,443.34,436.22,443.34,433.94,11712,2026-02-25T05:40:50.664Z
mm1lvyi0twacqxdb9,603444,吉比特,2026-02-10,1,437.70,444.66,451.65,434.42,17754,2026-02-25T05:40:50.664Z
mm1lvyi0yo0wnn0gx,603444,吉比特,2026-02-11,1,448.00,446.21,453.00,442.00,12562,2026-02-25T05:40:50.664Z
mm1lvyi0l85ebk1fj,603444,吉比特,2026-02-12,1,441.26,436.12,444.98,433.94,13678,2026-02-25T05:40:50.664Z
mm1lvyi0lf3exaxvd,603444,吉比特,2026-02-13,1,434.99,434.67,441.79,434.00,8007,2026-02-25T05:40:50.664Z
mm1lvyi0o86d7nzwk,603444,吉比特,2026-02-24,1,438.00,424.65,438.50,422.20,14060,2026-02-25T05:40:50.664Z
mm1lvyi0ogzpow68i,603444,吉比特,2026-02-25,1,424.65,423.38,424.65,421.00,5590,2026-02-25T05:40:50.664Z
mm1lvyx83h0uddbxy,002624,完美世界,2026-02-04,1,18.22,17.51,18.58,17.36,598898,2026-02-25T05:40:51.212Z
mm1lvyx8nqlmf1hkg,002624,完美世界,2026-02-05,1,17.27,17.79,18.38,17.22,653042,2026-02-25T05:40:51.212Z
mm1lvyx8d0ei29ggb,002624,完美世界,2026-02-06,1,17.50,19.57,19.57,17.07,1071983,2026-02-25T05:40:51.212Z
mm1lvyx89lhhqssd4,002624,完美世界,2026-02-09,1,21.39,21.53,21.53,21.32,605469,2026-02-25T05:40:51.212Z
mm1lvyx86f6yga486,002624,完美世界,2026-02-10,1,21.55,22.47,23.68,21.38,2829001,2026-02-25T05:40:51.212Z
mm1lvyx8rs9kozm4v,002624,完美世界,2026-02-11,1,22.52,22.24,22.75,21.50,1815821,2026-02-25T05:40:51.212Z
mm1lvyx8v95fb29jc,002624,完美世界,2026-02-12,1,21.70,21.47,22.18,21.13,1351253,2026-02-25T05:40:51.212Z
mm1lvyx8v8ggt0dkv,002624,完美世界,2026-02-13,1,21.08,21.42,21.84,20.57,1058031,2026-02-25T05:40:51.212Z
mm1lvyx8peglfnqym,002624,完美世界,2026-02-24,1,21.20,20.65,21.42,20.00,915267,2026-02-25T05:40:51.212Z
mm1lvyx8z2yx18nza,002624,完美世界,2026-02-25,1,21.25,21.12,21.41,20.77,536776,2026-02-25T05:40:51.212Z
mm1lvzchgzqsg12ls,300251,光线传媒,2026-02-04,1,19.68,19.12,19.96,19.02,1420165,2026-02-25T05:40:51.761Z
mm1lvzch10nuamuks,300251,光线传媒,2026-02-05,1,18.88,20.84,20.97,18.77,2469687,2026-02-25T05:40:51.761Z
mm1lvzchkoi58x7qh,300251,光线传媒,2026-02-06,1,20.64,20.46,20.95,19.81,1685446,2026-02-25T05:40:51.761Z
mm1lvzchrigh8y742,300251,光线传媒,2026-02-09,1,20.50,21.30,21.50,20.46,1906557,2026-02-25T05:40:51.761Z
mm1lvzch4xjvf8gat,300251,光线传媒,2026-02-10,1,21.50,25.56,25.56,21.21,3308503,2026-02-25T05:40:51.761Z
mm1lvzchqlitb7715,300251,光线传媒,2026-02-11,1,26.10,26.86,29.88,24.56,5208819,2026-02-25T05:40:51.761Z
mm1lvzchgg5acac4f,300251,光线传媒,2026-02-12,1,25.50,23.59,26.25,23.53,3687087,2026-02-25T05:40:51.761Z
mm1lvzchrqz7fzps4,300251,光线传媒,2026-02-13,1,23.90,27.22,27.97,23.76,4255407,2026-02-25T05:40:51.761Z
mm1lvzchqnhr4lq48,300251,光线传媒,2026-02-24,1,23.14,21.78,24.03,21.78,2986885,2026-02-25T05:40:51.761Z
mm1lvzch44ec73q20,300251,光线传媒,2026-02-25,1,21.32,20.60,21.53,20.52,2405194,2026-02-25T05:40:51.761Z
mm1lvzs5tkma9uckr,601595,上海电影,2026-02-04,1,29.80,28.92,30.22,28.74,118087,2026-02-25T05:40:52.325Z
mm1lvzs5ae2zih1fi,601595,上海电影,2026-02-05,1,28.75,29.21,29.68,28.72,96971,2026-02-25T05:40:52.325Z
mm1lvzs58w908wy7g,601595,上海电影,2026-02-06,1,29.19,29.57,30.19,28.36,115624,2026-02-25T05:40:52.325Z
mm1lvzs50fmrcb7sy,601595,上海电影,2026-02-09,1,32.53,32.53,32.53,32.53,92162,2026-02-25T05:40:52.325Z
mm1lvzs5g4ha5z0kj,601595,上海电影,2026-02-10,1,35.78,35.78,35.78,34.51,380189,2026-02-25T05:40:52.325Z
mm1lvzs5etxt3cy74,601595,上海电影,2026-02-11,1,36.72,32.44,37.16,32.21,527468,2026-02-25T05:40:52.325Z
mm1lvzs59dqqk34bn,601595,上海电影,2026-02-12,1,31.24,31.43,32.58,30.14,363468,2026-02-25T05:40:52.325Z
mm1lvzs5qynq5m1r3,601595,上海电影,2026-02-13,1,31.18,32.51,33.88,30.82,382808,2026-02-25T05:40:52.325Z
mm1lvzs5qiv3ehvip,601595,上海电影,2026-02-24,1,30.73,29.26,31.05,29.26,274685,2026-02-25T05:40:52.325Z
mm1lvzs58w6i9ii7f,601595,上海电影,2026-02-25,1,29.25,30.10,30.73,29.16,184830,2026-02-25T05:40:52.325Z
mm1lw07pqfwg9rbyj,688052,纳芯微,2026-02-04,1,177.00,170.32,177.00,168.00,24515,2026-02-25T05:40:52.885Z
mm1lw07pudjkqgwhi,688052,纳芯微,2026-02-05,1,168.91,181.01,181.88,166.60,41172,2026-02-25T05:40:52.885Z
mm1lw07pvmiwx2nre,688052,纳芯微,2026-02-06,1,177.70,174.17,179.78,174.11,22544,2026-02-25T05:40:52.885Z
mm1lw07pc9mwu8jju,688052,纳芯微,2026-02-09,1,177.17,178.50,179.79,171.72,22714,2026-02-25T05:40:52.885Z
mm1lw07p7tu99vvsq,688052,纳芯微,2026-02-10,1,179.10,175.73,180.80,174.52,16528,2026-02-25T05:40:52.885Z
mm1lw07pmof7jf07i,688052,纳芯微,2026-02-11,1,175.00,176.00,180.50,171.68,28420,2026-02-25T05:40:52.885Z
mm1lw07pbiwj15bvv,688052,纳芯微,2026-02-12,1,179.52,183.00,184.50,174.73,42396,2026-02-25T05:40:52.885Z
mm1lw07p33f21kats,688052,纳芯微,2026-02-13,1,181.99,179.25,182.89,178.11,21018,2026-02-25T05:40:52.885Z
mm1lw07p8iuotxiqv,688052,纳芯微,2026-02-24,1,179.06,173.63,179.26,171.68,24190,2026-02-25T05:40:52.885Z
mm1lw07p55cvjxdoo,688052,纳芯微,2026-02-25,1,174.40,172.82,175.76,172.04,17076,2026-02-25T05:40:52.885Z
mm1lw0n3zg4wqqvem,688484,南芯科技,2026-02-04,1,42.14,42.10,42.38,41.35,60455,2026-02-25T05:40:53.439Z
mm1lw0n3qic6v170w,688484,南芯科技,2026-02-05,1,41.68,41.91,42.30,41.08,59516,2026-02-25T05:40:53.439Z
mm1lw0n3b3y20vvjw,688484,南芯科技,2026-02-06,1,41.50,41.39,42.31,41.39,52107,2026-02-25T05:40:53.439Z
mm1lw0n36jeyopl34,688484,南芯科技,2026-02-09,1,42.00,42.61,43.80,41.78,102097,2026-02-25T05:40:53.439Z
mm1lw0n3hi63rd6l0,688484,南芯科技,2026-02-10,1,42.71,42.77,43.37,42.36,51403,2026-02-25T05:40:53.439Z
mm1lw0n3172l12s8b,688484,南芯科技,2026-02-11,1,42.77,42.67,43.19,42.18,37913,2026-02-25T05:40:53.439Z
mm1lw0n3e3kmy3q3h,688484,南芯科技,2026-02-12,1,42.77,43.34,43.43,42.51,47515,2026-02-25T05:40:53.439Z
mm1lw0n3e5p78zhn8,688484,南芯科技,2026-02-13,1,43.30,43.77,44.60,42.92,68675,2026-02-25T05:40:53.439Z
mm1lw0n3i5kv228a5,688484,南芯科技,2026-02-24,1,44.24,42.83,44.42,42.62,67254,2026-02-25T05:40:53.439Z
mm1lw0n3qn21y7krn,688484,南芯科技,2026-02-25,1,42.89,43.07,43.38,42.60,47566,2026-02-25T05:40:53.439Z
mm1lw12azl9feotur,688213,思特威,2026-02-04,1,93.81,92.85,94.18,91.40,63697,2026-02-25T05:40:53.986Z
mm1lw12a1e18le0v3,688213,思特威,2026-02-05,1,91.70,96.55,97.50,91.66,93981,2026-02-25T05:40:53.986Z
mm1lw12al0c28ditg,688213,思特威,2026-02-06,1,95.20,94.67,97.42,94.26,73800,2026-02-25T05:40:53.986Z
mm1lw12a0ln5k0atv,688213,思特威,2026-02-09,1,95.70,94.13,95.90,93.41,70923,2026-02-25T05:40:53.986Z
mm1lw12a7cd3r9jer,688213,思特威,2026-02-10,1,94.20,93.12,94.54,93.04,53258,2026-02-25T05:40:53.986Z
mm1lw12avxoshx1ac,688213,思特威,2026-02-11,1,93.02,95.68,96.20,92.91,83520,2026-02-25T05:40:53.986Z
mm1lw12ahpjzgrt11,688213,思特威,2026-02-12,1,95.68,98.55,99.13,95.68,86965,2026-02-25T05:40:53.986Z
mm1lw12ago25wmtpj,688213,思特威,2026-02-13,1,98.08,95.24,98.08,95.24,71618,2026-02-25T05:40:53.986Z
mm1lw12abgyyitc3k,688213,思特威,2026-02-24,1,96.43,95.55,97.10,94.88,67157,2026-02-25T05:40:53.986Z
mm1lw12am0mgqwu2a,688213,思特威,2026-02-25,1,95.66,94.94,96.36,94.44,46589,2026-02-25T05:40:53.986Z
mm1lw1hjqeuss9ue4,002475,立讯精密,2026-02-04,1,51.85,51.74,51.89,50.49,1244424,2026-02-25T05:40:54.535Z
mm1lw1hjtj7tiy9bv,002475,立讯精密,2026-02-05,1,51.34,51.54,52.42,51.26,759859,2026-02-25T05:40:54.535Z
mm1lw1hj6sfkrif89,002475,立讯精密,2026-02-06,1,51.21,51.01,51.85,50.54,724911,2026-02-25T05:40:54.535Z
mm1lw1hjrmlp2h7s5,002475,立讯精密,2026-02-09,1,51.83,51.56,51.84,51.17,775300,2026-02-25T05:40:54.535Z
mm1lw1hjlcmy7to52,002475,立讯精密,2026-02-10,1,51.53,51.53,51.82,51.21,746831,2026-02-25T05:40:54.535Z
mm1lw1hj7hlskj060,002475,立讯精密,2026-02-11,1,51.23,50.99,51.76,50.86,689452,2026-02-25T05:40:54.535Z
mm1lw1hjelfv07alg,002475,立讯精密,2026-02-12,1,51.10,50.43,51.33,50.30,970240,2026-02-25T05:40:54.535Z
mm1lw1hjd9c6qz1nu,002475,立讯精密,2026-02-13,1,49.91,50.80,51.08,49.26,1144926,2026-02-25T05:40:54.535Z
mm1lw1hjzvnaeqvqu,002475,立讯精密,2026-02-24,1,51.41,50.63,51.49,50.51,844153,2026-02-25T05:40:54.535Z
mm1lw1hjrc3ayqmtg,002475,立讯精密,2026-02-25,1,50.55,51.65,51.93,50.47,890752,2026-02-25T05:40:54.535Z
mm1lw1x3xtn7mk78k,002292,奥飞娱乐,2026-02-04,1,9.53,9.50,9.64,9.26,651128,2026-02-25T05:40:55.095Z
mm1lw1x33clkifx59,002292,奥飞娱乐,2026-02-05,1,9.39,9.59,9.72,9.35,780234,2026-02-25T05:40:55.095Z
mm1lw1x32owefkijq,002292,奥飞娱乐,2026-02-06,1,9.48,9.44,9.64,9.18,725725,2026-02-25T05:40:55.095Z
mm1lw1x3ssxtha9vj,002292,奥飞娱乐,2026-02-09,1,9.71,9.89,9.95,9.57,1149522,2026-02-25T05:40:55.095Z
mm1lw1x3hf3ndonhd,002292,奥飞娱乐,2026-02-10,1,10.10,10.88,10.88,9.91,2148549,2026-02-25T05:40:55.095Z
mm1lw1x3fqi58sw59,002292,奥飞娱乐,2026-02-11,1,10.69,10.29,10.80,10.12,2148366,2026-02-25T05:40:55.095Z
mm1lw1x30wrkpj5jw,002292,奥飞娱乐,2026-02-12,1,10.16,9.76,10.22,9.70,1209774,2026-02-25T05:40:55.095Z
mm1lw1x35w9rj738c,002292,奥飞娱乐,2026-02-13,1,9.87,9.61,9.96,9.60,913976,2026-02-25T05:40:55.095Z
mm1lw1x3gz7yb1yk2,002292,奥飞娱乐,2026-02-24,1,9.62,9.26,9.66,9.24,847078,2026-02-25T05:40:55.095Z
mm1lw1x3ogga6gpqq,002292,奥飞娱乐,2026-02-25,1,9.23,9.25,9.33,9.22,404652,2026-02-25T05:40:55.095Z
mm1lw2cig4kikegey,688368,晶丰明源,2026-02-04,1,150.00,148.05,150.25,144.81,19249,2026-02-25T05:40:55.650Z
mm1lw2cilrvbnqrui,688368,晶丰明源,2026-02-05,1,145.00,151.70,153.29,144.00,21458,2026-02-25T05:40:55.650Z
mm1lw2civmeyglg31,688368,晶丰明源,2026-02-06,1,145.24,141.70,148.50,141.50,18850,2026-02-25T05:40:55.650Z
mm1lw2ciuedk0ab3x,688368,晶丰明源,2026-02-09,1,143.00,140.87,146.29,140.67,17820,2026-02-25T05:40:55.650Z
mm1lw2ci9y0rmmnpo,688368,晶丰明源,2026-02-10,1,143.41,136.94,143.75,136.33,22262,2026-02-25T05:40:55.650Z
mm1lw2ci629o6vyrv,688368,晶丰明源,2026-02-11,1,137.01,135.10,138.74,134.60,16851,2026-02-25T05:40:55.650Z
mm1lw2ci6vcef8t9d,688368,晶丰明源,2026-02-12,1,138.00,139.54,143.60,136.01,25461,2026-02-25T05:40:55.650Z
mm1lw2ciwj61bqzxm,688368,晶丰明源,2026-02-13,1,137.87,139.25,142.48,137.83,17302,2026-02-25T05:40:55.650Z
mm1lw2cirmj8crhb8,688368,晶丰明源,2026-02-24,1,141.88,134.29,141.88,133.90,19392,2026-02-25T05:40:55.650Z
mm1lw2ci5irzynfbd,688368,晶丰明源,2026-02-25,1,134.29,135.98,136.50,132.28,11566,2026-02-25T05:40:55.650Z
mm1lw2rsyfuaj301b,300666,江丰电子,2026-01-28,1,119.88,118.55,120.92,117.01,99299,2026-02-25T05:40:56.200Z
mm1lw2rstts1z9pd8,300666,江丰电子,2026-01-29,1,118.98,113.48,119.70,113.47,117473,2026-02-25T05:40:56.200Z
mm1lw2rsx4vh7tiwe,300666,江丰电子,2026-02-06,1,113.58,123.61,129.61,110.33,425954,2026-02-25T05:40:56.200Z
mm1lw2rsqt4p25204,300666,江丰电子,2026-02-09,1,125.00,129.38,136.83,125.00,315325,2026-02-25T05:40:56.200Z
mm1lw2rsrrx04b1e6,300666,江丰电子,2026-02-10,1,128.09,132.20,133.32,124.86,221098,2026-02-25T05:40:56.200Z
mm1lw2rsml8lazzep,300666,江丰电子,2026-02-11,1,129.80,130.69,133.35,126.00,147246,2026-02-25T05:40:56.200Z
mm1lw2rshxkyvxmav,300666,江丰电子,2026-02-12,1,132.64,144.30,146.24,131.52,242849,2026-02-25T05:40:56.200Z
mm1lw2rs4dqrj0h2w,300666,江丰电子,2026-02-13,1,141.20,145.05,147.88,140.20,169254,2026-02-25T05:40:56.200Z
mm1lw2rsr4bwgecxt,300666,江丰电子,2026-02-24,1,144.06,143.00,145.00,137.01,163186,2026-02-25T05:40:56.200Z
mm1lw2rs5k2711hm9,300666,江丰电子,2026-02-25,1,145.86,161.81,164.56,144.83,200871,2026-02-25T05:40:56.200Z
mm1lw36y0j2n9bi5i,688361,中科飞测,2026-02-04,1,187.20,187.50,190.45,184.00,37579,2026-02-25T05:40:56.746Z
mm1lw36y08q9l8n6w,688361,中科飞测,2026-02-05,1,184.02,190.62,193.37,180.38,53669,2026-02-25T05:40:56.746Z
mm1lw36ykuue1pnkz,688361,中科飞测,2026-02-06,1,189.74,192.00,196.88,187.02,59241,2026-02-25T05:40:56.746Z
mm1lw36yotr4njusx,688361,中科飞测,2026-02-09,1,196.00,199.20,202.66,194.49,56424,2026-02-25T05:40:56.746Z
mm1lw36yja9grcn7u,688361,中科飞测,2026-02-10,1,198.84,194.08,199.99,191.30,42952,2026-02-25T05:40:56.746Z
mm1lw36ybwrg7wkn0,688361,中科飞测,2026-02-11,1,195.26,192.97,195.26,188.51,26296,2026-02-25T05:40:56.746Z
mm1lw36yjgmwepbqu,688361,中科飞测,2026-02-12,1,194.66,192.20,194.93,188.50,29707,2026-02-25T05:40:56.746Z
mm1lw36ymqfn88djo,688361,中科飞测,2026-02-13,1,188.00,196.50,202.98,188.00,51596,2026-02-25T05:40:56.746Z
mm1lw36yfk7fx9wjc,688361,中科飞测,2026-02-24,1,196.50,195.28,199.62,187.00,39398,2026-02-25T05:40:56.746Z
mm1lw36y4q96uq1hb,688361,中科飞测,2026-02-25,1,195.67,204.73,205.05,187.39,57631,2026-02-25T05:40:56.746Z
mm1lw3n9vugvk7r9l,002371,北方华创,2026-02-04,1,468.03,470.60,476.00,464.50,60657,2026-02-25T05:40:57.333Z
mm1lw3n9gzomgmpx5,002371,北方华创,2026-02-05,1,463.00,470.12,472.50,455.49,77071,2026-02-25T05:40:57.333Z
mm1lw3n9r7ohhws0c,002371,北方华创,2026-02-06,1,467.99,472.23,479.99,465.00,83364,2026-02-25T05:40:57.333Z
mm1lw3n9h4od5x41u,002371,北方华创,2026-02-09,1,479.09,484.00,488.76,476.00,69534,2026-02-25T05:40:57.333Z
mm1lw3n902674a9nl,002371,北方华创,2026-02-10,1,487.95,482.90,487.95,480.30,44620,2026-02-25T05:40:57.333Z
mm1lw3n9qw58bjgib,002371,北方华创,2026-02-11,1,478.80,475.00,481.00,471.00,44541,2026-02-25T05:40:57.333Z
mm1lw3n9jordut09o,002371,北方华创,2026-02-12,1,477.53,475.05,478.00,471.39,51149,2026-02-25T05:40:57.333Z
mm1lw3n96d14ekmwq,002371,北方华创,2026-02-13,1,479.79,486.12,496.65,475.18,110623,2026-02-25T05:40:57.333Z
mm1lw3n9kt9xa1que,002371,北方华创,2026-02-24,1,491.80,487.33,494.00,476.03,67828,2026-02-25T05:40:57.333Z
mm1lw3n9si3rkr721,002371,北方华创,2026-02-25,1,488.47,496.57,499.68,480.77,62839,2026-02-25T05:40:57.333Z
mm1lw42pn67nl5yt5,603160,汇顶科技,2026-02-04,1,77.22,77.70,77.79,76.57,52397,2026-02-25T05:40:57.888Z
mm1lw42pdfztpi7u0,603160,汇顶科技,2026-02-05,1,77.39,77.11,77.42,76.72,44231,2026-02-25T05:40:57.888Z
mm1lw42p04gepjwm7,603160,汇顶科技,2026-02-06,1,76.80,76.90,77.51,76.19,41829,2026-02-25T05:40:57.888Z
mm1lw42pn2oz1mbw9,603160,汇顶科技,2026-02-09,1,77.66,78.11,78.25,77.05,54337,2026-02-25T05:40:57.888Z
mm1lw42p2pgs7nlxf,603160,汇顶科技,2026-02-10,1,78.10,78.07,78.88,77.90,40242,2026-02-25T05:40:57.888Z
mm1lw42p1z0cjhynl,603160,汇顶科技,2026-02-11,1,77.90,77.99,78.73,77.80,29583,2026-02-25T05:40:57.888Z
mm1lw42pnmfcu6re7,603160,汇顶科技,2026-02-12,1,78.01,78.60,78.75,77.85,41715,2026-02-25T05:40:57.888Z
mm1lw42pz155ifhf5,603160,汇顶科技,2026-02-13,1,78.30,78.70,79.41,78.10,50619,2026-02-25T05:40:57.888Z
mm1lw42pa7qzyui3e,603160,汇顶科技,2026-02-24,1,79.08,78.89,79.48,78.38,39937,2026-02-25T05:40:57.888Z
mm1lw42p19j4hysjg,603160,汇顶科技,2026-02-25,1,78.90,79.08,79.18,78.66,25477,2026-02-25T05:40:57.888Z
mm1lw4i0nypbf5djw,688012,中微公司,2026-02-04,1,343.00,349.21,355.83,340.00,92835,2026-02-25T05:40:58.440Z
mm1lw4i01i8tf7t9f,688012,中微公司,2026-02-05,1,340.00,356.88,361.16,338.88,115656,2026-02-25T05:40:58.440Z
mm1lw4i0gt0kxdchs,688012,中微公司,2026-02-06,1,352.48,349.20,360.00,348.82,91948,2026-02-25T05:40:58.440Z
mm1lw4i0yy4b7y4xe,688012,中微公司,2026-02-09,1,354.87,352.10,357.20,346.31,85907,2026-02-25T05:40:58.440Z
mm1lw4i0ex6q77lhx,688012,中微公司,2026-02-10,1,352.10,350.49,353.00,346.37,64424,2026-02-25T05:40:58.440Z
mm1lw4i0fx6qmdx3u,688012,中微公司,2026-02-11,1,348.00,346.86,349.50,343.01,53608,2026-02-25T05:40:58.440Z
mm1lw4i031ajd8m0z,688012,中微公司,2026-02-12,1,349.00,345.00,351.20,337.99,90316,2026-02-25T05:40:58.440Z
mm1lw4i0h9tvrqjn8,688012,中微公司,2026-02-13,1,342.83,344.50,353.45,341.31,80115,2026-02-25T05:40:58.440Z
mm1lw4i06s63zftnc,688012,中微公司,2026-02-24,1,348.84,352.00,352.50,339.54,99058,2026-02-25T05:40:58.440Z
mm1lw4i0o9sn1588i,688012,中微公司,2026-02-25,1,351.30,372.17,376.22,339.88,146637,2026-02-25T05:40:58.440Z
mm1lw4xaqw2jhfd3w,301269,华大九天,2026-02-04,1,98.89,97.98,98.90,96.44,46501,2026-02-25T05:40:58.990Z
mm1lw4xawd2qm74bw,301269,华大九天,2026-02-05,1,97.01,98.15,98.93,97.01,37169,2026-02-25T05:40:58.990Z
mm1lw4xal2mk9l0tn,301269,华大九天,2026-02-06,1,97.51,97.25,98.55,96.89,37893,2026-02-25T05:40:58.990Z
mm1lw4xaui422qq3m,301269,华大九天,2026-02-09,1,98.25,98.99,99.40,97.51,39801,2026-02-25T05:40:58.990Z
mm1lw4xabi5jlpx35,301269,华大九天,2026-02-10,1,99.00,99.47,99.98,98.48,32504,2026-02-25T05:40:58.990Z
mm1lw4xaa464a1r8z,301269,华大九天,2026-02-11,1,99.55,100.14,100.50,98.96,31055,2026-02-25T05:40:58.990Z
mm1lw4xa0gqx3i9co,301269,华大九天,2026-02-12,1,100.30,102.30,103.87,99.22,51645,2026-02-25T05:40:58.990Z
mm1lw4xa9iuajogxw,301269,华大九天,2026-02-13,1,101.50,105.63,106.80,101.31,75041,2026-02-25T05:40:58.990Z
mm1lw4xabwovn8zlr,301269,华大九天,2026-02-24,1,104.90,102.60,105.60,101.88,53840,2026-02-25T05:40:58.990Z
mm1lw4xa7rzl3brck,301269,华大九天,2026-02-25,1,102.48,102.71,102.99,101.22,27668,2026-02-25T05:40:58.990Z
mm1lw5d48n1xr03r7,300567,精测电子,2026-02-04,1,127.27,130.15,134.10,126.00,140492,2026-02-25T05:40:59.560Z
mm1lw5d4bz6extuap,300567,精测电子,2026-02-05,1,128.66,130.54,132.32,123.87,126124,2026-02-25T05:40:59.560Z
mm1lw5d497nltmzet,300567,精测电子,2026-02-06,1,128.00,126.16,131.60,126.00,101364,2026-02-25T05:40:59.560Z
mm1lw5d4s9zmzxi8f,300567,精测电子,2026-02-09,1,131.00,133.38,135.22,126.51,154616,2026-02-25T05:40:59.560Z
mm1lw5d43htmfjc2q,300567,精测电子,2026-02-10,1,135.64,131.55,136.00,127.01,114555,2026-02-25T05:40:59.560Z
mm1lw5d4vze9gum18,300567,精测电子,2026-02-11,1,132.00,132.11,136.36,129.49,103537,2026-02-25T05:40:59.560Z
mm1lw5d41owufifge,300567,精测电子,2026-02-12,1,134.75,132.58,135.42,130.10,92147,2026-02-25T05:40:59.560Z
mm1lw5d4dd1op4428,300567,精测电子,2026-02-13,1,132.24,141.13,148.19,130.92,164175,2026-02-25T05:40:59.560Z
mm1lw5d4gifkxgent,300567,精测电子,2026-02-24,1,141.00,135.40,141.50,132.24,148670,2026-02-25T05:40:59.560Z
mm1lw5d4et5t6tv2f,300567,精测电子,2026-02-25,1,137.83,156.37,159.00,135.08,146926,2026-02-25T05:40:59.560Z
mm1lw5sillwzemwof,688981,中芯国际,2026-02-04,1,114.50,114.84,114.99,113.15,351393,2026-02-25T05:41:00.114Z
mm1lw5si8o6ywhufq,688981,中芯国际,2026-02-05,1,112.99,111.80,114.50,110.39,446448,2026-02-25T05:41:00.114Z
mm1lw5sicl1k82uhk,688981,中芯国际,2026-02-06,1,110.14,112.70,114.60,110.14,408227,2026-02-25T05:41:00.114Z
mm1lw5sih9zpemxoc,688981,中芯国际,2026-02-09,1,114.80,114.93,115.07,113.70,321018,2026-02-25T05:41:00.114Z
mm1lw5sipounlja3p,688981,中芯国际,2026-02-10,1,115.20,116.20,116.90,114.85,340437,2026-02-25T05:41:00.114Z
mm1lw5sid75xobubn,688981,中芯国际,2026-02-11,1,114.00,115.01,116.14,113.50,345337,2026-02-25T05:41:00.114Z
mm1lw5si7qinw257w,688981,中芯国际,2026-02-12,1,115.55,116.58,117.18,115.11,333623,2026-02-25T05:41:00.114Z
mm1lw5siqq5qdqrso,688981,中芯国际,2026-02-13,1,116.23,116.93,117.98,115.56,343687,2026-02-25T05:41:00.114Z
mm1lw5sifvcfjoqf4,688981,中芯国际,2026-02-24,1,118.03,115.82,118.18,115.62,276156,2026-02-25T05:41:00.114Z
mm1lw5siyi3lgj52f,688981,中芯国际,2026-02-25,1,117.00,116.72,117.50,116.22,196712,2026-02-25T05:41:00.114Z
mm1lwcqc77ua5rf8w,603039,泛微网络,2026-02-04,1,63.60,57.29,64.00,57.29,85518,2026-02-25T05:41:09.108Z
mm1lwcqcsfo9jjo71,603039,泛微网络,2026-02-05,1,55.89,54.64,56.88,53.71,94594,2026-02-25T05:41:09.108Z
mm1lwcqcaagkg75a0,603039,泛微网络,2026-02-06,1,54.00,52.40,54.30,52.32,54608,2026-02-25T05:41:09.108Z
mm1lwcqc8wsy9xcob,603039,泛微网络,2026-02-09,1,53.13,52.10,53.66,52.00,102185,2026-02-25T05:41:09.108Z
mm1lwcqcz3u8i3xjf,603039,泛微网络,2026-02-10,1,52.22,51.59,52.28,51.19,60410,2026-02-25T05:41:09.108Z
mm1lwcqcmk0nmou8c,603039,泛微网络,2026-02-11,1,51.58,50.70,51.78,50.33,59364,2026-02-25T05:41:09.108Z
mm1lwcqcqkl0g077o,603039,泛微网络,2026-02-12,1,50.57,50.80,51.17,50.03,60225,2026-02-25T05:41:09.108Z
mm1lwcqcs0oyenndf,603039,泛微网络,2026-02-13,1,50.60,50.19,51.86,50.12,65237,2026-02-25T05:41:09.108Z
mm1lwcqch6cc90xlf,603039,泛微网络,2026-02-24,1,50.34,48.37,50.51,48.20,90932,2026-02-25T05:41:09.108Z
mm1lwcqcnlh8j0mbc,603039,泛微网络,2026-02-25,1,48.48,47.55,48.60,46.72,84027,2026-02-25T05:41:09.108Z
mm1lwd5f93ayybshi,300459,汤姆猫,2026-02-04,1,5.04,4.99,5.09,4.91,1484669,2026-02-25T05:41:09.651Z
mm1lwd5fb9mjgia3s,300459,汤姆猫,2026-02-05,1,4.95,4.97,5.02,4.93,1130113,2026-02-25T05:41:09.651Z
mm1lwd5f106ybmm9y,300459,汤姆猫,2026-02-06,1,4.94,4.91,5.00,4.81,1214130,2026-02-25T05:41:09.651Z
mm1lwd5f806fbqkdw,300459,汤姆猫,2026-02-09,1,5.00,5.14,5.15,5.00,2015570,2026-02-25T05:41:09.651Z
mm1lwd5fllwxfh8sf,300459,汤姆猫,2026-02-10,1,5.17,5.34,5.45,5.10,3711816,2026-02-25T05:41:09.651Z
mm1lwd5fr42f7z1qe,300459,汤姆猫,2026-02-11,1,5.32,5.20,5.37,5.18,2337604,2026-02-25T05:41:09.651Z
mm1lwd5ffkyyfi8xt,300459,汤姆猫,2026-02-12,1,5.20,5.16,5.23,5.07,1805201,2026-02-25T05:41:09.651Z
mm1lwd5fzde00k55i,300459,汤姆猫,2026-02-13,1,5.14,5.02,5.20,5.02,1515602,2026-02-25T05:41:09.651Z
mm1lwd5f13sfocs15,300459,汤姆猫,2026-02-24,1,5.12,4.98,5.14,4.96,1269820,2026-02-25T05:41:09.651Z
mm1lwd5fulh2oor89,300459,汤姆猫,2026-02-25,1,4.98,4.98,5.02,4.94,822426,2026-02-25T05:41:09.651Z
mm1lwdksn08mcxv6x,300170,汉得信息,2026-02-04,1,26.85,25.38,27.15,24.85,1532230,2026-02-25T05:41:10.204Z
mm1lwdksrjmuugm48,300170,汉得信息,2026-02-05,1,24.50,24.68,25.19,24.40,841307,2026-02-25T05:41:10.204Z
mm1lwdksgw9ucl16v,300170,汉得信息,2026-02-06,1,24.29,24.06,24.56,23.50,811021,2026-02-25T05:41:10.204Z
mm1lwdksd0jr9s9lx,300170,汉得信息,2026-02-09,1,24.69,24.93,25.24,23.93,859214,2026-02-25T05:41:10.204Z
mm1lwdksffybws61v,300170,汉得信息,2026-02-10,1,25.20,25.22,25.43,24.27,1035747,2026-02-25T05:41:10.204Z
mm1lwdksaz4hv4pgx,300170,汉得信息,2026-02-11,1,25.00,24.78,25.56,24.75,594127,2026-02-25T05:41:10.204Z
mm1lwdksj5dm1roie,300170,汉得信息,2026-02-12,1,24.81,25.48,25.79,24.50,1019315,2026-02-25T05:41:10.204Z
mm1lwdktlyyjc61xe,300170,汉得信息,2026-02-13,1,25.07,24.58,25.93,24.58,871357,2026-02-25T05:41:10.204Z
mm1lwdktaqf9ps419,300170,汉得信息,2026-02-24,1,24.68,23.15,24.70,22.90,1065159,2026-02-25T05:41:10.204Z
mm1lwdkt9c7hyj8go,300170,汉得信息,2026-02-25,1,23.48,22.95,23.49,22.66,573345,2026-02-25T05:41:10.204Z
mm1lwe09sd3yxwld5,688041,海光信息,2026-02-04,1,248.24,244.00,248.70,240.52,167346,2026-02-25T05:41:10.761Z
mm1lwe09aexn04tep,688041,海光信息,2026-02-05,1,238.84,238.17,242.81,236.82,158730,2026-02-25T05:41:10.761Z
mm1lwe09rl0fkigef,688041,海光信息,2026-02-06,1,235.80,242.68,247.54,232.58,203628,2026-02-25T05:41:10.761Z
mm1lwe09wz261d8uo,688041,海光信息,2026-02-09,1,251.00,250.11,253.33,244.51,192708,2026-02-25T05:41:10.761Z
mm1lwe09ed0usz836,688041,海光信息,2026-02-10,1,254.87,259.00,269.50,254.00,282034,2026-02-25T05:41:10.761Z
mm1lwe099adtc7w5j,688041,海光信息,2026-02-11,1,255.00,255.00,258.33,251.37,131843,2026-02-25T05:41:10.761Z
mm1lwe09niiao152q,688041,海光信息,2026-02-12,1,260.00,262.34,264.99,257.01,183948,2026-02-25T05:41:10.761Z
mm1lwe09idmee560g,688041,海光信息,2026-02-13,1,260.00,259.06,265.69,258.02,153208,2026-02-25T05:41:10.761Z
mm1lwe0931657r8u7,688041,海光信息,2026-02-24,1,266.83,248.14,268.00,247.77,213867,2026-02-25T05:41:10.761Z
mm1lwe092sgojy2ti,688041,海光信息,2026-02-25,1,250.00,247.42,252.33,245.18,110834,2026-02-25T05:41:10.761Z
mm1lwefk4l6cvgcdv,300750,宁德时代,2026-02-04,1,350.96,365.03,366.65,347.51,485317,2026-02-25T05:41:11.312Z
mm1lwefkhll9eck4e,300750,宁德时代,2026-02-05,1,365.77,362.94,366.75,356.02,284272,2026-02-25T05:41:11.312Z
mm1lwefkdd3lftedf,300750,宁德时代,2026-02-06,1,359.32,369.11,372.88,358.01,393726,2026-02-25T05:41:11.312Z
mm1lwefkj0heuw9nh,300750,宁德时代,2026-02-09,1,370.50,368.82,372.50,362.60,274486,2026-02-25T05:41:11.312Z
mm1lwefkfhtvc5s0f,300750,宁德时代,2026-02-10,1,365.17,364.97,370.80,364.00,185635,2026-02-25T05:41:11.312Z
mm1lwefkdat38b0xo,300750,宁德时代,2026-02-11,1,366.90,368.00,370.99,364.50,196535,2026-02-25T05:41:11.312Z
mm1lwefk6t1z7cutn,300750,宁德时代,2026-02-12,1,370.00,375.87,377.88,368.03,277546,2026-02-25T05:41:11.312Z
mm1lwefkek74fx8ij,300750,宁德时代,2026-02-13,1,375.61,365.34,377.00,365.01,223145,2026-02-25T05:41:11.312Z
mm1lwefkgvpr5hces,300750,宁德时代,2026-02-24,1,372.64,361.95,373.50,361.95,226951,2026-02-25T05:41:11.312Z
mm1lwefk7pvxtt1s1,300750,宁德时代,2026-02-25,1,363.69,362.81,366.60,360.10,131951,2026-02-25T05:41:11.312Z
mm1lweutyvwh4pf20,603019,中科曙光,2026-02-04,1,87.23,86.16,87.23,85.55,289709,2026-02-25T05:41:11.861Z
mm1lweutfpg7gkxlr,603019,中科曙光,2026-02-05,1,85.12,85.40,86.11,85.03,167506,2026-02-25T05:41:11.861Z
mm1lweut5qrxedwl3,603019,中科曙光,2026-02-06,1,85.40,86.79,87.44,85.05,292507,2026-02-25T05:41:11.861Z
mm1lweutg5h807260,603019,中科曙光,2026-02-09,1,90.00,91.23,91.33,88.64,500588,2026-02-25T05:41:11.861Z
mm1lweutrx3nphfk8,603019,中科曙光,2026-02-10,1,91.23,91.20,93.00,90.98,421510,2026-02-25T05:41:11.861Z
mm1lweutau2brhayc,603019,中科曙光,2026-02-11,1,91.26,89.38,91.28,89.20,288097,2026-02-25T05:41:11.861Z
mm1lweutfzjvhv742,603019,中科曙光,2026-02-12,1,90.38,92.12,92.22,89.72,409012,2026-02-25T05:41:11.861Z
mm1lweutxtuj4ey22,603019,中科曙光,2026-02-13,1,91.00,91.70,92.73,90.60,334841,2026-02-25T05:41:11.861Z
mm1lweut4i3dnve8l,603019,中科曙光,2026-02-24,1,93.50,91.50,93.87,91.20,322301,2026-02-25T05:41:11.861Z
mm1lweuta9e6vfg9n,603019,中科曙光,2026-02-25,1,91.00,90.42,91.69,89.89,264768,2026-02-25T05:41:11.861Z
mm1lwfanjkqu4h8fj,603259,药明康德,2026-02-04,1,94.00,95.61,95.99,92.82,332632,2026-02-25T05:41:12.431Z
mm1lwfan14rwd027o,603259,药明康德,2026-02-05,1,96.10,97.11,98.47,96.00,393998,2026-02-25T05:41:12.431Z
mm1lwfanf7vu1lzzi,603259,药明康德,2026-02-06,1,96.38,97.83,98.88,95.66,351942,2026-02-25T05:41:12.431Z
mm1lwfanqtk8cyr6u,603259,药明康德,2026-02-09,1,98.40,98.70,98.77,97.07,257073,2026-02-25T05:41:12.431Z
mm1lwfan4goz1tz8f,603259,药明康德,2026-02-10,1,98.69,101.35,102.21,98.25,421589,2026-02-25T05:41:12.431Z
mm1lwfan6umnthm6b,603259,药明康德,2026-02-11,1,101.86,102.14,102.80,101.00,291920,2026-02-25T05:41:12.431Z
mm1lwfanojelst96b,603259,药明康德,2026-02-12,1,102.75,104.90,106.58,102.41,526404,2026-02-25T05:41:12.431Z
mm1lwfannbzhvle3f,603259,药明康德,2026-02-13,1,104.89,101.91,104.89,101.78,329875,2026-02-25T05:41:12.431Z
mm1lwfan2k499se5w,603259,药明康德,2026-02-24,1,103.66,100.17,103.88,100.00,327751,2026-02-25T05:41:12.431Z
mm1lwfant6xvhfjok,603259,药明康德,2026-02-25,1,100.10,100.12,100.55,98.22,220397,2026-02-25T05:41:12.431Z
mm1lwfpzdv40pqpzw,002812,恩捷股份,2026-02-04,1,51.20,52.96,53.23,50.89,237478,2026-02-25T05:41:12.983Z
mm1lwfpzki7ppsbn7,002812,恩捷股份,2026-02-05,1,53.20,52.22,55.40,52.06,344777,2026-02-25T05:41:12.983Z
mm1lwfpzkqyoxm05o,002812,恩捷股份,2026-02-06,1,51.00,57.44,57.44,50.77,532403,2026-02-25T05:41:12.983Z
mm1lwfpz50xk3ltdg,002812,恩捷股份,2026-02-09,1,59.00,58.10,59.50,57.50,435262,2026-02-25T05:41:12.983Z
mm1lwfpzn4323j7tq,002812,恩捷股份,2026-02-10,1,58.50,57.50,59.06,56.90,242948,2026-02-25T05:41:12.983Z
mm1lwfpz0rsrxqi1b,002812,恩捷股份,2026-02-11,1,57.16,60.93,61.37,56.60,463902,2026-02-25T05:41:12.983Z
mm1lwfpzx5n3mzgt6,002812,恩捷股份,2026-02-12,1,59.80,61.50,61.84,59.20,333759,2026-02-25T05:41:12.983Z
mm1lwfpzyugsb4ar4,002812,恩捷股份,2026-02-13,1,60.44,64.50,65.50,59.98,410928,2026-02-25T05:41:12.983Z
mm1lwfpzlhmmqlg5w,002812,恩捷股份,2026-02-24,1,64.57,66.31,68.80,64.00,367983,2026-02-25T05:41:12.983Z
mm1lwfpzwgkmn6oaz,002812,恩捷股份,2026-02-25,1,66.00,66.83,68.50,64.73,236739,2026-02-25T05:41:12.983Z
mm1lwg54awd8di3h4,02097,蜜雪集团,2026-02-09,1,401.800,394.400,403.800,392.000,318577,2026-02-25T05:41:13.528Z
mm1lwg549rrikipcz,02097,蜜雪集团,2026-02-10,1,394.200,402.000,403.000,391.400,468172,2026-02-25T05:41:13.528Z
mm1lwg54lhaxh0dqr,02097,蜜雪集团,2026-02-11,1,398.000,400.200,403.000,396.600,259526,2026-02-25T05:41:13.528Z
mm1lwg54mjyod8zs2,02097,蜜雪集团,2026-02-12,1,398.200,388.000,398.200,385.200,376994,2026-02-25T05:41:13.528Z
mm1lwg54s8tyx5d3y,02097,蜜雪集团,2026-02-13,1,388.000,386.800,392.800,384.200,196114,2026-02-25T05:41:13.528Z
mm1lwg54hfdb24mk1,02097,蜜雪集团,2026-02-16,1,386.800,390.000,392.000,385.200,32907,2026-02-25T05:41:13.528Z
mm1lwg547dt6g5ojt,02097,蜜雪集团,2026-02-20,1,388.600,392.600,392.600,384.000,86157,2026-02-25T05:41:13.528Z
mm1lwg54zhutth4ai,02097,蜜雪集团,2026-02-23,1,392.600,386.200,396.000,386.200,128378,2026-02-25T05:41:13.528Z
mm1lwg54rsokqio1n,02097,蜜雪集团,2026-02-24,1,387.800,372.600,387.800,370.000,554426,2026-02-25T05:41:13.528Z
mm1lwg54hfpkldivr,02097,蜜雪集团,2026-02-25,1,375.000,362.400,376.600,360.000,351843,2026-02-25T05:41:13.528Z
mm1lwgkdshq1w73ag,09868,小鹏汽车-W,2026-02-09,1,69.350,69.000,69.800,68.100,12311974,2026-02-25T05:41:14.077Z
mm1lwgkdtbhz5xwdp,09868,小鹏汽车-W,2026-02-10,1,68.950,69.050,69.850,68.400,10112966,2026-02-25T05:41:14.077Z
mm1lwgkdg05bgdyut,09868,小鹏汽车-W,2026-02-11,1,69.050,70.350,71.550,69.050,12218582,2026-02-25T05:41:14.077Z
mm1lwgkds0rotrqa6,09868,小鹏汽车-W,2026-02-12,1,70.400,70.050,70.750,69.800,6645296,2026-02-25T05:41:14.077Z
mm1lwgkdjug9dpoxv,09868,小鹏汽车-W,2026-02-13,1,69.000,69.350,69.800,68.500,11198890,2026-02-25T05:41:14.077Z
mm1lwgkdukrm4y1mk,09868,小鹏汽车-W,2026-02-16,1,69.450,69.650,69.650,67.850,2569510,2026-02-25T05:41:14.077Z
mm1lwgkdmfpd7cdev,09868,小鹏汽车-W,2026-02-20,1,69.500,67.850,69.850,67.300,4733242,2026-02-25T05:41:14.077Z
mm1lwgkdrkmd1m5n0,09868,小鹏汽车-W,2026-02-23,1,67.850,69.500,70.750,67.850,6985297,2026-02-25T05:41:14.077Z
mm1lwgkdctv6bmrw2,09868,小鹏汽车-W,2026-02-24,1,68.700,70.650,70.700,67.900,11975795,2026-02-25T05:41:14.077Z
mm1lwgkd9vetonxjp,09868,小鹏汽车-W,2026-02-25,1,72.600,71.750,73.550,71.300,8023473,2026-02-25T05:41:14.077Z
mm1lwgzgufxnb9qha,00700,腾讯控股,2026-02-09,1,550.000,560.000,562.500,550.000,26375723,2026-02-25T05:41:14.620Z
mm1lwgzg7jff36yjs,00700,腾讯控股,2026-02-10,1,563.000,551.000,566.000,547.000,29211865,2026-02-25T05:41:14.620Z
mm1lwgzg1h7yz4yy2,00700,腾讯控股,2026-02-11,1,543.000,548.000,550.500,543.000,23759058,2026-02-25T05:41:14.620Z
mm1lwgzgbvqmx8tcw,00700,腾讯控股,2026-02-12,1,537.000,535.500,541.000,530.500,39790780,2026-02-25T05:41:14.620Z
mm1lwgzgpuhaowpxx,00700,腾讯控股,2026-02-13,1,525.500,532.000,534.500,525.000,26900740,2026-02-25T05:41:14.620Z
mm1lwgzgijy0tv0z2,00700,腾讯控股,2026-02-16,1,530.000,533.000,535.000,527.500,7224483,2026-02-25T05:41:14.620Z
mm1lwgzgnx60bd4js,00700,腾讯控股,2026-02-20,1,531.500,522.000,533.000,518.000,21351884,2026-02-25T05:41:14.620Z
mm1lwgzgo8rd8qkys,00700,腾讯控股,2026-02-23,1,529.000,538.000,543.000,528.000,22136687,2026-02-25T05:41:14.620Z
mm1lwgzgma6da7hq4,00700,腾讯控股,2026-02-24,1,534.500,520.000,534.500,516.000,36134943,2026-02-25T05:41:14.620Z
mm1lwgzgcn7ioc6ot,00700,腾讯控股,2026-02-25,1,522.500,524.000,529.000,522.000,13406899,2026-02-25T05:41:14.620Z
mm1lwhenms42v2c1r,09633,农夫山泉,2026-02-09,1,49.000,49.720,49.800,48.760,4279830,2026-02-25T05:41:15.166Z
mm1lwhens246rjy14,09633,农夫山泉,2026-02-10,1,49.780,48.840,50.200,48.500,3819352,2026-02-25T05:41:15.166Z
mm1lwhen9zfhm4tfl,09633,农夫山泉,2026-02-11,1,49.280,49.260,49.300,48.680,3575851,2026-02-25T05:41:15.166Z
mm1lwhenan9osks2i,09633,农夫山泉,2026-02-12,1,49.260,48.240,49.260,48.220,1944291,2026-02-25T05:41:15.166Z
mm1lwhenhnqg5qux6,09633,农夫山泉,2026-02-13,1,48.660,47.340,48.660,47.300,3328868,2026-02-25T05:41:15.166Z
mm1lwhen0j43zcgit,09633,农夫山泉,2026-02-16,1,47.560,48.240,48.240,47.220,1040644,2026-02-25T05:41:15.166Z
mm1lwhenef4g8jeo6,09633,农夫山泉,2026-02-20,1,48.160,47.060,48.360,46.960,3063473,2026-02-25T05:41:15.166Z
mm1lwhenjoizgljgp,09633,农夫山泉,2026-02-23,1,47.800,48.240,48.260,47.780,2895370,2026-02-25T05:41:15.166Z
mm1lwhenz3k4somp5,09633,农夫山泉,2026-02-24,1,47.480,47.220,47.720,46.920,5276205,2026-02-25T05:41:15.166Z
mm1lwhenyiby99mkn,09633,农夫山泉,2026-02-25,1,47.280,47.520,47.960,47.220,2468892,2026-02-25T05:41:15.166Z
mm1lwhtqbmxtul4wa,002311,海大集团,2026-02-04,1,51.65,53.67,53.98,51.30,149771,2026-02-25T05:41:15.710Z
mm1lwhtqbmlnvg29j,002311,海大集团,2026-02-05,1,53.66,54.45,55.05,53.43,138652,2026-02-25T05:41:15.710Z
mm1lwhtqsvosaw2ay,002311,海大集团,2026-02-06,1,54.39,53.40,54.75,53.40,79344,2026-02-25T05:41:15.710Z
mm1lwhtqbmzu7uifm,002311,海大集团,2026-02-09,1,53.50,53.80,54.50,53.06,108303,2026-02-25T05:41:15.710Z
mm1lwhtqs5ewsz23x,002311,海大集团,2026-02-10,1,53.80,53.97,54.33,53.31,52945,2026-02-25T05:41:15.710Z
mm1lwhtqmelgmn6s7,002311,海大集团,2026-02-11,1,53.88,54.49,54.70,53.40,60971,2026-02-25T05:41:15.710Z
mm1lwhtqwowb94yu1,002311,海大集团,2026-02-12,1,54.40,53.95,54.68,53.86,42499,2026-02-25T05:41:15.710Z
mm1lwhtqkjdgjjhfz,002311,海大集团,2026-02-13,1,53.90,53.28,54.40,53.03,72790,2026-02-25T05:41:15.710Z
mm1lwhtq3xhspah71,002311,海大集团,2026-02-24,1,53.41,53.19,53.88,52.61,63111,2026-02-25T05:41:15.710Z
mm1lwhtqf0remg75n,002311,海大集团,2026-02-25,1,53.10,54.52,54.70,52.99,42067,2026-02-25T05:41:15.710Z
mm1lwi8xcj6yr4vmx,09988,阿里巴巴-W,2026-02-09,1,159.500,157.900,160.200,157.600,58582947,2026-02-25T05:41:16.257Z
mm1lwi8xkcnvhd1hl,09988,阿里巴巴-W,2026-02-10,1,159.700,160.500,162.600,158.700,58402811,2026-02-25T05:41:16.257Z
mm1lwi8xol1szexvn,09988,阿里巴巴-W,2026-02-11,1,161.300,160.100,162.700,159.600,51639528,2026-02-25T05:41:16.257Z
mm1lwi8xnp4hcr2pf,09988,阿里巴巴-W,2026-02-12,1,157.900,158.600,159.500,156.100,56768511,2026-02-25T05:41:16.257Z
mm1lwi8x2vk0s9k07,09988,阿里巴巴-W,2026-02-13,1,154.000,155.400,156.400,153.900,69945660,2026-02-25T05:41:16.257Z
mm1lwi8xsx8fhn7a2,09988,阿里巴巴-W,2026-02-16,1,152.600,154.700,154.900,150.500,29215118,2026-02-25T05:41:16.257Z
mm1lwi8x8tmp9qie4,09988,阿里巴巴-W,2026-02-20,1,150.000,147.100,151.700,147.100,70273864,2026-02-25T05:41:16.257Z
mm1lwi8xenmiyswsb,09988,阿里巴巴-W,2026-02-23,1,150.100,152.200,153.300,149.500,44852186,2026-02-25T05:41:16.257Z
mm1lwi8xfvuxxll6c,09988,阿里巴巴-W,2026-02-24,1,149.900,148.000,150.400,147.000,82838070,2026-02-25T05:41:16.257Z
mm1lwi8xdlxbmr2zq,09988,阿里巴巴-W,2026-02-25,1,149.800,148.800,150.200,148.400,25224424,2026-02-25T05:41:16.257Z
mm1lwivxrmo1p7k4o,09660,地平线机器人-W,2026-02-09,1,8.270,8.260,8.350,8.090,113470453,2026-02-25T05:41:17.085Z
mm1lwivxxc12kpf4t,09660,地平线机器人-W,2026-02-10,1,8.390,8.570,8.640,8.350,127737254,2026-02-25T05:41:17.085Z
mm1lwivxh4cyew9on,09660,地平线机器人-W,2026-02-11,1,8.670,8.680,8.830,8.570,91758831,2026-02-25T05:41:17.085Z
mm1lwivxmjx58yc0y,09660,地平线机器人-W,2026-02-12,1,8.700,8.710,8.770,8.610,66126009,2026-02-25T05:41:17.085Z
mm1lwivxaj8sv8asi,09660,地平线机器人-W,2026-02-13,1,8.640,8.960,8.990,8.510,121838175,2026-02-25T05:41:17.085Z
mm1lwivxsoupzboi4,09660,地平线机器人-W,2026-02-16,1,8.990,9.040,9.040,8.750,39169319,2026-02-25T05:41:17.085Z
mm1lwivxakmi4q4lk,09660,地平线机器人-W,2026-02-20,1,9.050,8.900,9.450,8.890,121406745,2026-02-25T05:41:17.085Z
mm1lwivxxdrm51kq1,09660,地平线机器人-W,2026-02-23,1,8.980,8.990,9.040,8.750,57653154,2026-02-25T05:41:17.085Z
mm1lwivx6bumd4e8p,09660,地平线机器人-W,2026-02-24,1,8.980,8.810,8.980,8.620,109744990,2026-02-25T05:41:17.085Z
mm1lwivx2ecnsb2yv,09660,地平线机器人-W,2026-02-25,1,8.890,8.560,8.940,8.440,70699766,2026-02-25T05:41:17.085Z
mm1lwjb6w3dgt8dtk,01801,信达生物,2026-02-09,1,83.200,85.400,86.300,82.350,15917783,2026-02-25T05:41:17.634Z
mm1lwjb6fb6msv80d,01801,信达生物,2026-02-10,1,85.800,89.650,91.550,84.950,21246703,2026-02-25T05:41:17.634Z
mm1lwjb6l4knryh58,01801,信达生物,2026-02-11,1,90.900,89.650,91.800,89.450,8891047,2026-02-25T05:41:17.634Z
mm1lwjb6syqm1lu5x,01801,信达生物,2026-02-12,1,89.500,89.050,90.850,87.750,10169832,2026-02-25T05:41:17.634Z
mm1lwjb6nn2m5xez4,01801,信达生物,2026-02-13,1,89.100,88.600,91.050,88.450,10376780,2026-02-25T05:41:17.634Z
mm1lwjb6kewpgpm5k,01801,信达生物,2026-02-16,1,88.950,89.100,89.900,87.700,3529691,2026-02-25T05:41:17.634Z
mm1lwjb64gmg0nbz4,01801,信达生物,2026-02-20,1,89.900,90.750,91.500,89.900,5739867,2026-02-25T05:41:17.634Z
mm1lwjb6c8ayrw66a,01801,信达生物,2026-02-23,1,92.400,92.000,93.800,91.750,5169087,2026-02-25T05:41:17.634Z
mm1lwjb662k4r1gbv,01801,信达生物,2026-02-24,1,93.200,88.550,93.200,86.000,16053845,2026-02-25T05:41:17.634Z
mm1lwjb6sanqced3e,01801,信达生物,2026-02-25,1,88.550,89.100,89.850,87.500,4905349,2026-02-25T05:41:17.634Z
mm1lwjqe49l4p6lc2,06969,思摩尔国际,2026-02-09,1,12.130,12.190,12.680,12.040,22113495,2026-02-25T05:41:18.182Z
mm1lwjqebhnurn0ga,06969,思摩尔国际,2026-02-10,1,12.240,12.600,12.800,11.920,23932000,2026-02-25T05:41:18.182Z
mm1lwjqelcg3121sm,06969,思摩尔国际,2026-02-11,1,12.610,13.030,13.470,12.610,50299740,2026-02-25T05:41:18.182Z
mm1lwjqea0o03ir4s,06969,思摩尔国际,2026-02-12,1,13.030,12.660,13.030,12.410,20647307,2026-02-25T05:41:18.182Z
mm1lwjqe0dputea8h,06969,思摩尔国际,2026-02-13,1,12.660,12.230,12.690,12.060,26432000,2026-02-25T05:41:18.182Z
mm1lwjqespz23h2qj,06969,思摩尔国际,2026-02-16,1,12.580,12.170,12.580,11.980,1914000,2026-02-25T05:41:18.182Z
mm1lwjqe0wgqm11p6,06969,思摩尔国际,2026-02-20,1,12.400,11.980,12.400,11.850,3483398,2026-02-25T05:41:18.182Z
mm1lwjqebqd7i702p,06969,思摩尔国际,2026-02-23,1,11.980,12.290,12.360,11.980,3001496,2026-02-25T05:41:18.182Z
mm1lwjqexqcolklst,06969,思摩尔国际,2026-02-24,1,12.270,12.510,12.560,11.880,20118377,2026-02-25T05:41:18.182Z
mm1lwjqe5kb3bf5qj,06969,思摩尔国际,2026-02-25,1,12.520,12.350,12.850,12.310,6425111,2026-02-25T05:41:18.182Z
mm1lwk5mvqwcu8rd2,000034,神州数码,2026-02-04,1,37.22,36.73,37.22,36.21,181926,2026-02-25T05:41:18.730Z
mm1lwk5m4nl85fymq,000034,神州数码,2026-02-05,1,36.49,35.96,36.49,35.86,138860,2026-02-25T05:41:18.730Z
mm1lwk5mj8wfotd7x,000034,神州数码,2026-02-06,1,35.60,35.85,36.36,35.28,115959,2026-02-25T05:41:18.730Z
mm1lwk5m2wv2119r7,000034,神州数码,2026-02-09,1,36.44,36.89,36.93,36.36,150808,2026-02-25T05:41:18.730Z
mm1lwk5m8swjjz2o7,000034,神州数码,2026-02-10,1,37.10,37.70,38.25,37.00,212192,2026-02-25T05:41:18.730Z
mm1lwk5mv6sgt46x1,000034,神州数码,2026-02-11,1,37.60,37.49,38.18,37.36,118011,2026-02-25T05:41:18.730Z
mm1lwk5m94hj347ye,000034,神州数码,2026-02-12,1,37.85,38.23,38.47,37.68,191612,2026-02-25T05:41:18.730Z
mm1lwk5m5q67wrxqg,000034,神州数码,2026-02-13,1,37.89,37.96,38.93,37.70,171447,2026-02-25T05:41:18.730Z
mm1lwk5m3pdtgk6v3,000034,神州数码,2026-02-24,1,38.80,37.50,38.90,37.27,142685,2026-02-25T05:41:18.730Z
mm1lwk5mps8xr1ppl,000034,神州数码,2026-02-25,1,37.55,37.44,38.00,37.31,97876,2026-02-25T05:41:18.730Z
mm1lwkkzyglypc54t,600276,恒瑞医药,2026-02-04,1,57.30,57.60,57.70,56.23,489243,2026-02-25T05:41:19.283Z
mm1lwkkzbhzljyp7o,600276,恒瑞医药,2026-02-05,1,57.50,58.16,58.47,57.30,517746,2026-02-25T05:41:19.283Z
mm1lwkkzd6sb040ti,600276,恒瑞医药,2026-02-06,1,57.74,57.31,58.15,57.24,360904,2026-02-25T05:41:19.283Z
mm1lwkkzksjxb1j12,600276,恒瑞医药,2026-02-09,1,57.75,57.45,57.89,57.00,366117,2026-02-25T05:41:19.283Z
mm1lwkkzty61eqnm2,600276,恒瑞医药,2026-02-10,1,57.46,58.40,59.04,57.05,648861,2026-02-25T05:41:19.283Z
mm1lwkkzs4kn7w4ow,600276,恒瑞医药,2026-02-11,1,58.40,58.90,59.95,58.35,573680,2026-02-25T05:41:19.283Z
mm1lwkkzfjdpyas0w,600276,恒瑞医药,2026-02-12,1,58.60,58.74,59.49,58.50,348690,2026-02-25T05:41:19.283Z
mm1lwkkzotmmuz60q,600276,恒瑞医药,2026-02-13,1,58.76,58.23,59.05,58.13,343568,2026-02-25T05:41:19.283Z
mm1lwkkzfwi66md0r,600276,恒瑞医药,2026-02-24,1,58.31,58.01,58.48,57.72,338981,2026-02-25T05:41:19.283Z
mm1lwkkz8p5zczv0l,600276,恒瑞医药,2026-02-25,1,57.98,57.81,58.20,57.58,298274,2026-02-25T05:41:19.283Z
mm1lwl05q8bax86y3,03690,美团-W,2026-02-09,1,93.000,91.050,93.200,90.400,42466515,2026-02-25T05:41:19.829Z
mm1lwl05i0ixdgxfn,03690,美团-W,2026-02-10,1,91.050,88.800,91.700,88.100,74372071,2026-02-25T05:41:19.829Z
mm1lwl05tx75k3ex8,03690,美团-W,2026-02-11,1,88.400,88.850,89.400,87.250,37829736,2026-02-25T05:41:19.829Z
mm1lwl053iiisexyp,03690,美团-W,2026-02-12,1,86.650,84.850,87.800,84.300,90415198,2026-02-25T05:41:19.829Z
mm1lwl05l4wxx6ozl,03690,美团-W,2026-02-13,1,84.050,82.150,84.250,80.800,99656113,2026-02-25T05:41:19.829Z
mm1lwl05gg79mtgfp,03690,美团-W,2026-02-16,1,81.650,82.050,82.400,79.250,23648794,2026-02-25T05:41:19.829Z
mm1lwl05xhxmragqw,03690,美团-W,2026-02-20,1,81.150,80.750,82.000,80.100,27220396,2026-02-25T05:41:19.829Z
mm1lwl05nfvws2upw,03690,美团-W,2026-02-23,1,83.200,85.000,87.500,82.650,65205703,2026-02-25T05:41:19.829Z
mm1lwl05ev4zuq3pp,03690,美团-W,2026-02-24,1,84.200,81.400,84.200,80.650,67807380,2026-02-25T05:41:19.829Z
mm1lwl05l5oafj54c,03690,美团-W,2026-02-25,1,82.400,82.950,83.600,81.500,21869144,2026-02-25T05:41:19.829Z
mm1lwlfet4i69mms8,600563,法拉电子,2026-02-04,1,106.88,106.77,106.91,105.30,29142,2026-02-25T05:41:20.378Z
mm1lwlfese8kchuep,600563,法拉电子,2026-02-05,1,106.40,106.10,107.47,105.33,30174,2026-02-25T05:41:20.378Z
mm1lwlfel1grxagb5,600563,法拉电子,2026-02-06,1,105.07,104.70,106.49,104.38,32984,2026-02-25T05:41:20.378Z
mm1lwlfeexpvfvnr0,600563,法拉电子,2026-02-09,1,105.82,105.58,106.39,105.01,33066,2026-02-25T05:41:20.378Z
mm1lwlfeevsuwwl0q,600563,法拉电子,2026-02-10,1,106.00,106.81,108.28,105.66,36679,2026-02-25T05:41:20.378Z
mm1lwlfe89asezf7m,600563,法拉电子,2026-02-11,1,106.50,110.01,110.36,106.18,53010,2026-02-25T05:41:20.378Z
mm1lwlfecmrpcvxj5,600563,法拉电子,2026-02-12,1,109.77,112.70,113.06,108.93,48847,2026-02-25T05:41:20.378Z
mm1lwlfel8ip3zdea,600563,法拉电子,2026-02-13,1,112.30,110.98,114.50,110.88,41098,2026-02-25T05:41:20.378Z
mm1lwlferryshkof5,600563,法拉电子,2026-02-24,1,112.00,113.82,114.62,111.78,40264,2026-02-25T05:41:20.378Z
mm1lwlfetawthvjqi,600563,法拉电子,2026-02-25,1,113.82,115.49,115.87,113.70,31987,2026-02-25T05:41:20.378Z
mm1lwluod9httsfv3,02015,理想汽车-W,2026-02-09,1,73.350,71.950,73.950,70.900,19356698,2026-02-25T05:41:20.928Z
mm1lwluoz5w9hjgvs,02015,理想汽车-W,2026-02-10,1,72.000,72.800,73.250,70.750,11085502,2026-02-25T05:41:20.928Z
mm1lwluokv722yn98,02015,理想汽车-W,2026-02-11,1,73.500,74.800,75.600,73.500,12503666,2026-02-25T05:41:20.928Z
mm1lwluo9qea7vje3,02015,理想汽车-W,2026-02-12,1,75.000,73.950,75.000,73.550,7908424,2026-02-25T05:41:20.928Z
mm1lwluok00kqq51c,02015,理想汽车-W,2026-02-13,1,72.800,72.300,73.350,71.500,13550483,2026-02-25T05:41:20.928Z
mm1lwluo7j20t4xj7,02015,理想汽车-W,2026-02-16,1,71.900,72.100,72.250,69.900,2711800,2026-02-25T05:41:20.928Z
mm1lwluojwkpvpz4l,02015,理想汽车-W,2026-02-20,1,71.350,70.100,71.750,69.550,4329009,2026-02-25T05:41:20.928Z
mm1lwluokthls7tlw,02015,理想汽车-W,2026-02-23,1,70.300,72.850,73.300,70.300,5981703,2026-02-25T05:41:20.928Z
mm1lwluoixeed8h6s,02015,理想汽车-W,2026-02-24,1,71.800,71.750,73.500,71.300,10782103,2026-02-25T05:41:20.928Z
mm1lwluovx9ttynfk,02015,理想汽车-W,2026-02-25,1,72.800,71.150,73.150,70.500,6605440,2026-02-25T05:41:20.928Z
mm1lwm9ynt8dlnejd,600519,贵州茅台,2026-02-04,1,1485.00,1525.00,1533.27,1474.00,109123,2026-02-25T05:41:21.478Z
mm1lwm9y11bs80isz,600519,贵州茅台,2026-02-05,1,1520.00,1555.00,1565.00,1515.00,91623,2026-02-25T05:41:21.478Z
mm1lwm9ycmyfm6wx8,600519,贵州茅台,2026-02-06,1,1555.00,1515.01,1568.00,1505.88,78965,2026-02-25T05:41:21.478Z
mm1lwm9yasnnbpatd,600519,贵州茅台,2026-02-09,1,1518.00,1524.96,1542.88,1513.49,51168,2026-02-25T05:41:21.478Z
mm1lwm9yy48oc2yut,600519,贵州茅台,2026-02-10,1,1524.97,1504.80,1524.97,1496.50,39576,2026-02-25T05:41:21.478Z
mm1lwm9yxr54vb6jh,600519,贵州茅台,2026-02-11,1,1504.80,1504.33,1514.00,1496.00,30928,2026-02-25T05:41:21.478Z
mm1lwm9ycgejpr369,600519,贵州茅台,2026-02-12,1,1500.20,1486.60,1502.82,1473.36,46246,2026-02-25T05:41:21.478Z
mm1lwm9ysmfah87op,600519,贵州茅台,2026-02-13,1,1486.60,1485.30,1507.80,1470.58,41679,2026-02-25T05:41:21.478Z
mm1lwm9yd4axqog4n,600519,贵州茅台,2026-02-24,1,1521.00,1466.80,1524.40,1463.60,41913,2026-02-25T05:41:21.478Z
mm1lwm9yrqsetnoj4,600519,贵州茅台,2026-02-25,1,1470.00,1496.14,1509.66,1467.88,28317,2026-02-25T05:41:21.478Z
mm1lwmp8zsnn59ksy,600845,宝信软件,2026-02-04,1,23.00,22.68,23.04,22.40,188379,2026-02-25T05:41:22.028Z
mm1lwmp88smqflp2h,600845,宝信软件,2026-02-05,1,22.45,22.40,22.65,22.39,127899,2026-02-25T05:41:22.028Z
mm1lwmp8nepzidl13,600845,宝信软件,2026-02-06,1,22.24,22.18,22.43,22.00,135201,2026-02-25T05:41:22.028Z
mm1lwmp8wbidmtuuz,600845,宝信软件,2026-02-09,1,22.59,23.16,23.37,22.49,254158,2026-02-25T05:41:22.028Z
mm1lwmp8r8eplc6y3,600845,宝信软件,2026-02-10,1,23.20,23.22,23.45,22.93,205782,2026-02-25T05:41:22.028Z
mm1lwmp8s2u1qrwh0,600845,宝信软件,2026-02-11,1,23.22,23.35,23.65,23.12,198896,2026-02-25T05:41:22.028Z
mm1lwmp8fvays9esl,600845,宝信软件,2026-02-12,1,23.60,24.24,24.45,23.56,411625,2026-02-25T05:41:22.028Z
mm1lwmp8asichq06r,600845,宝信软件,2026-02-13,1,23.85,23.91,24.45,23.80,238588,2026-02-25T05:41:22.028Z
mm1lwmp83bzrmrch1,600845,宝信软件,2026-02-24,1,24.23,24.12,24.49,23.56,314150,2026-02-25T05:41:22.028Z
mm1lwmp8036awuwp0,600845,宝信软件,2026-02-25,1,24.12,23.78,24.13,23.78,151154,2026-02-25T05:41:22.028Z
mm1lwn4ilprln2wcn,300188,国投智能,2026-02-04,1,13.89,13.99,14.08,13.65,112374,2026-02-25T05:41:22.578Z
mm1lwn4ivo1vjk9vg,300188,国投智能,2026-02-05,1,13.85,13.87,14.02,13.80,78765,2026-02-25T05:41:22.578Z
mm1lwn4iks97q8dql,300188,国投智能,2026-02-06,1,13.80,13.80,13.95,13.65,78804,2026-02-25T05:41:22.578Z
mm1lwn4ikuod2d8eh,300188,国投智能,2026-02-09,1,13.98,14.27,14.30,13.92,138508,2026-02-25T05:41:22.578Z
mm1lwn4iung4ijdsv,300188,国投智能,2026-02-10,1,16.21,15.35,16.56,15.20,865879,2026-02-25T05:41:22.578Z
mm1lwn4ib80q63xd6,300188,国投智能,2026-02-11,1,15.11,15.45,15.89,14.79,693894,2026-02-25T05:41:22.578Z
mm1lwn4i1ylvqbl9b,300188,国投智能,2026-02-12,1,15.60,15.96,16.35,15.30,637060,2026-02-25T05:41:22.578Z
mm1lwn4iso6s34dvv,300188,国投智能,2026-02-13,1,16.50,15.87,17.78,15.85,1150241,2026-02-25T05:41:22.578Z
mm1lwn4i9ompwmdzq,300188,国投智能,2026-02-24,1,15.34,14.19,15.55,14.16,874298,2026-02-25T05:41:22.578Z
mm1lwn4ieihawm9ge,300188,国投智能,2026-02-25,1,14.12,14.21,14.48,14.06,288128,2026-02-25T05:41:22.578Z
mm1lwnjqfwmfon0ej,002063,远光软件,2026-02-04,1,6.50,6.52,6.55,6.44,364973,2026-02-25T05:41:23.126Z
mm1lwnjqtj0je89qt,002063,远光软件,2026-02-05,1,6.45,6.38,6.49,6.37,361738,2026-02-25T05:41:23.126Z
mm1lwnjqh2468nzp8,002063,远光软件,2026-02-06,1,6.33,6.31,6.41,6.28,395468,2026-02-25T05:41:23.126Z
mm1lwnjqrwh0coy5l,002063,远光软件,2026-02-09,1,6.39,6.52,6.55,6.38,474440,2026-02-25T05:41:23.126Z
mm1lwnjqak29qmquo,002063,远光软件,2026-02-10,1,6.51,6.63,6.70,6.49,471449,2026-02-25T05:41:23.126Z
mm1lwnjq7mv3q0o8h,002063,远光软件,2026-02-11,1,6.64,6.70,6.85,6.62,556903,2026-02-25T05:41:23.126Z
mm1lwnjqunyx197wq,002063,远光软件,2026-02-12,1,6.78,6.77,6.83,6.68,606732,2026-02-25T05:41:23.126Z
mm1lwnjqayazw6foc,002063,远光软件,2026-02-13,1,6.75,6.71,6.82,6.70,495436,2026-02-25T05:41:23.126Z
mm1lwnjqo274ldjwz,002063,远光软件,2026-02-24,1,6.78,6.66,6.80,6.62,476900,2026-02-25T05:41:23.126Z
mm1lwnjq1x2fcas1s,002063,远光软件,2026-02-25,1,6.67,6.68,6.73,6.65,295957,2026-02-25T05:41:23.126Z
mm1m2dddomphb3ud0,002415,海康威视,2026-01-06,1,30.030,30.390,30.400,29.920,503623.000,2026-02-25T05:45:49.871Z
mm1m2dddrrvf7oth3,002415,海康威视,2026-01-07,1,30.460,30.070,30.510,30.000,503242.000,2026-02-25T05:45:49.871Z
mm1m2dddgdlso0kj6,002415,海康威视,2026-01-08,1,30.010,30.010,30.220,29.870,403194.000,2026-02-25T05:45:49.871Z
mm1m2dddejgxqm4dg,002415,海康威视,2026-01-09,1,29.980,30.260,30.300,29.900,466105.000,2026-02-25T05:45:49.871Z
mm1m2ddd0ejua7ps7,002415,海康威视,2026-01-12,1,30.500,31.640,31.860,30.480,1177043.000,2026-02-25T05:45:49.871Z
mm1m2dddayrqofris,002415,海康威视,2026-01-13,1,31.850,30.870,31.880,30.770,899391.000,2026-02-25T05:45:49.871Z
mm1m2dddzbtb6r5y3,002415,海康威视,2026-01-14,1,31.020,31.430,32.000,31.020,1089643.000,2026-02-25T05:45:49.871Z
mm1m2ddd6t0s9dmsy,002415,海康威视,2026-01-15,1,31.250,31.290,31.540,31.080,556221.000,2026-02-25T05:45:49.871Z
mm1m2ddds33zz9xad,002415,海康威视,2026-01-16,1,31.420,31.000,31.470,30.750,651375.000,2026-02-25T05:45:49.871Z
mm1m2dddv1mqph6bo,002415,海康威视,2026-01-19,1,31.000,31.010,31.260,30.850,459179.000,2026-02-25T05:45:49.871Z
mm1m2ddd8nuy31h9v,002415,海康威视,2026-01-20,1,31.060,31.140,31.220,30.590,553129.000,2026-02-25T05:45:49.871Z
mm1m2ddd4woutqymt,002415,海康威视,2026-01-21,1,32.030,32.600,32.990,31.810,1892094.000,2026-02-25T05:45:49.871Z
mm1m2ddd6h63o35rx,002415,海康威视,2026-01-22,1,32.700,32.090,32.790,32.010,858979.000,2026-02-25T05:45:49.871Z
mm1m2dddccbcc7lcr,002415,海康威视,2026-01-23,1,32.090,31.950,32.430,31.920,743424.000,2026-02-25T05:45:49.871Z
mm1m2ddd8ja40k12n,002415,海康威视,2026-01-26,1,32.050,32.310,32.430,31.470,982147.000,2026-02-25T05:45:49.871Z
mm1m2dddqizq3w2la,002415,海康威视,2026-01-27,1,32.200,31.900,32.260,31.800,574297.000,2026-02-25T05:45:49.871Z
mm1m2ddd9cr3e56du,002415,海康威视,2026-01-28,1,31.960,32.030,32.320,31.830,606173.000,2026-02-25T05:45:49.871Z
mm1m2dddy9s4gow23,002415,海康威视,2026-01-29,1,32.030,32.200,32.460,31.860,760728.000,2026-02-25T05:45:49.871Z
mm1m2ddd3h2prbc7b,002415,海康威视,2026-01-30,1,31.980,31.330,32.170,31.180,716842.000,2026-02-25T05:45:49.871Z
mm1m2ddd56e4f0s2s,002415,海康威视,2026-02-02,1,31.300,31.610,31.810,31.230,699191.000,2026-02-25T05:45:49.871Z
mm1m2dddanazs5g61,002415,海康威视,2026-02-03,1,31.610,31.860,31.860,30.840,658925.000,2026-02-25T05:45:49.871Z
mm1m2dddo57tb9p5n,002415,海康威视,2026-02-04,1,31.610,31.930,31.970,31.250,477906.000,2026-02-25T05:45:49.871Z
mm1m2dddjq7b7ie9d,002415,海康威视,2026-02-05,1,31.600,32.500,32.660,31.560,922449.000,2026-02-25T05:45:49.871Z
mm1m2ddddfywq5a4f,002415,海康威视,2026-02-06,1,32.300,32.640,32.710,32.260,586497.000,2026-02-25T05:45:49.871Z
mm1m2dddfvhooxifq,002415,海康威视,2026-02-09,1,32.800,32.540,32.840,32.350,509719.000,2026-02-25T05:45:49.871Z
mm1m2dddfx1lb41ml,002415,海康威视,2026-02-10,1,32.550,32.860,33.080,32.400,523966.000,2026-02-25T05:45:49.871Z
mm1m2ddd6a9hrrxjc,002415,海康威视,2026-02-11,1,32.810,32.400,32.900,32.370,414714.000,2026-02-25T05:45:49.871Z
mm1m2dddzhx3wbs73,002415,海康威视,2026-02-12,1,32.380,32.490,32.660,32.330,381721.000,2026-02-25T05:45:49.871Z
mm1m2ddd3scp2gu6e,002415,海康威视,2026-02-13,1,32.400,32.380,32.700,32.200,317704.000,2026-02-25T05:45:49.871Z
mm1m2dddvxp65hfar,002415,海康威视,2026-02-24,1,32.580,32.340,32.890,32.270,381461.000,2026-02-25T05:45:49.871Z
mm1m2dddfk3omvwjm,002415,海康威视,2026-02-25,1,32.32,32.25,32.51,32.20,263924,2026-02-25T05:45:49.871Z
mm1m2dvrv06y1uuy2,300033,同花顺,2026-01-06,1,333.050,372.000,373.330,331.900,243672.000,2026-02-25T05:45:50.535Z
mm1m2dvr6ngh934uq,300033,同花顺,2026-01-07,1,364.590,363.300,370.000,357.700,145148.000,2026-02-25T05:45:50.535Z
mm1m2dvr15x9oex4p,300033,同花顺,2026-01-08,1,355.990,347.320,356.800,344.010,129984.000,2026-02-25T05:45:50.535Z
mm1m2dvrgfbu0zkpy,300033,同花顺,2026-01-09,1,346.240,355.600,361.990,344.580,127767.000,2026-02-25T05:45:50.535Z
mm1m2dvr4nii4sfuk,300033,同花顺,2026-01-12,1,358.180,393.370,399.370,356.010,274324.000,2026-02-25T05:45:50.535Z
mm1m2dvrw1vazi8ao,300033,同花顺,2026-01-13,1,400.000,393.310,414.140,389.000,251022.000,2026-02-25T05:45:50.535Z
mm1m2dvrzfsv4hvlo,300033,同花顺,2026-01-14,1,386.010,398.690,435.000,386.010,285144.000,2026-02-25T05:45:50.535Z
mm1m2dvr4drqtgs0o,300033,同花顺,2026-01-15,1,390.160,388.300,398.180,383.000,144553.000,2026-02-25T05:45:50.535Z
mm1m2dvru2hky39n4,300033,同花顺,2026-01-16,1,394.810,376.000,399.990,375.600,120778.000,2026-02-25T05:45:50.535Z
mm1m2dvrw41ugwdlq,300033,同花顺,2026-01-19,1,375.000,364.990,375.970,361.180,123941.000,2026-02-25T05:45:50.535Z
mm1m2dvrz12cahhhd,300033,同花顺,2026-01-20,1,364.410,357.860,369.660,355.280,86385.000,2026-02-25T05:45:50.535Z
mm1m2dvrd2oso4zwb,300033,同花顺,2026-01-21,1,363.020,361.500,370.000,357.880,111454.000,2026-02-25T05:45:50.535Z
mm1m2dvrbthkxqxi3,300033,同花顺,2026-01-22,1,362.860,358.190,367.980,356.200,100894.000,2026-02-25T05:45:50.535Z
mm1m2dvrd2rlzyu6m,300033,同花顺,2026-01-23,1,358.600,365.180,373.330,357.330,125830.000,2026-02-25T05:45:50.535Z
mm1m2dvrxfz4v4w29,300033,同花顺,2026-01-26,1,361.900,355.030,369.630,354.080,118731.000,2026-02-25T05:45:50.535Z
mm1m2dvrqgfcsrno0,300033,同花顺,2026-01-27,1,354.500,350.810,357.660,345.870,94415.000,2026-02-25T05:45:50.535Z
mm1m2dvrsvhqktmmb,300033,同花顺,2026-01-28,1,352.980,350.100,357.370,349.000,75239.000,2026-02-25T05:45:50.535Z
mm1m2dvrav3bpucy1,300033,同花顺,2026-01-29,1,348.000,357.700,363.560,341.580,147214.000,2026-02-25T05:45:50.535Z
mm1m2dvrbqgr3et0q,300033,同花顺,2026-01-30,1,356.200,348.790,356.400,344.700,98694.000,2026-02-25T05:45:50.535Z
mm1m2dvrfcffl9jbv,300033,同花顺,2026-02-02,1,348.780,345.800,358.790,345.210,92106.000,2026-02-25T05:45:50.535Z
mm1m2dvrchr7p8ves,300033,同花顺,2026-02-03,1,349.800,353.230,354.910,345.220,86679.000,2026-02-25T05:45:50.535Z
mm1m2dvrcydzm6kxg,300033,同花顺,2026-02-04,1,350.890,359.490,363.000,349.540,120878.000,2026-02-25T05:45:50.535Z
mm1m2dvrj3ish0vwr,300033,同花顺,2026-02-05,1,355.410,353.180,358.490,349.100,86537.000,2026-02-25T05:45:50.535Z
mm1m2dvrpiy4qlhfj,300033,同花顺,2026-02-06,1,352.190,341.430,354.990,341.190,86312.000,2026-02-25T05:45:50.535Z
mm1m2dvrnfpcdrls8,300033,同花顺,2026-02-09,1,347.180,353.690,354.990,345.880,87963.000,2026-02-25T05:45:50.535Z
mm1m2dvrkb43zquid,300033,同花顺,2026-02-10,1,353.690,349.590,356.500,348.230,53636.000,2026-02-25T05:45:50.535Z
mm1m2dvr154nd9wch,300033,同花顺,2026-02-11,1,348.780,344.800,348.780,342.350,48222.000,2026-02-25T05:45:50.535Z
mm1m2dvrdwkkw8pdv,300033,同花顺,2026-02-12,1,344.860,342.110,345.680,341.280,49440.000,2026-02-25T05:45:50.535Z
mm1m2dvrikz01ivtb,300033,同花顺,2026-02-13,1,343.000,337.430,345.970,337.400,62015.000,2026-02-25T05:45:50.535Z
mm1m2dvrqknp1ma6k,300033,同花顺,2026-02-24,1,338.330,329.140,340.660,328.010,81540.000,2026-02-25T05:45:50.535Z
mm1m2dvrwarb7klq2,300033,同花顺,2026-02-25,1,329.31,336.00,338.72,329.31,58752,2026-02-25T05:45:50.535Z
mm1m2ee2zc8l3ewic,688111,金山办公,2026-01-06,1,325.650,329.070,330.000,323.300,5887031.000,2026-02-25T05:45:51.194Z
mm1m2ee22s7pvxdfp,688111,金山办公,2026-01-07,1,328.370,323.500,328.370,320.020,5141652.000,2026-02-25T05:45:51.194Z
mm1m2ee2llnmerzes,688111,金山办公,2026-01-08,1,322.000,325.500,330.940,318.510,5460704.000,2026-02-25T05:45:51.194Z
mm1m2ee2lg53occ90,688111,金山办公,2026-01-09,1,324.970,341.500,342.500,324.010,9801966.000,2026-02-25T05:45:51.194Z
mm1m2ee2esoo4etp5,688111,金山办公,2026-01-12,1,350.000,379.990,386.000,350.000,16265912.000,2026-02-25T05:45:51.194Z
mm1m2ee23i9aqjwy7,688111,金山办公,2026-01-13,1,394.930,371.790,415.000,370.230,18792872.000,2026-02-25T05:45:51.194Z
mm1m2ee2wswx3fjin,688111,金山办公,2026-01-14,1,370.990,368.060,389.570,360.010,16914341.000,2026-02-25T05:45:51.194Z
mm1m2ee2smoxu6gke,688111,金山办公,2026-01-15,1,362.400,360.320,377.370,355.580,13099620.000,2026-02-25T05:45:51.194Z
mm1m2ee27ixw9eitz,688111,金山办公,2026-01-16,1,357.000,353.290,370.660,351.780,10173062.000,2026-02-25T05:45:51.194Z
mm1m2ee2l3p1y7pwl,688111,金山办公,2026-01-19,1,350.000,345.000,356.820,343.880,7567473.000,2026-02-25T05:45:51.194Z
mm1m2ee2ghsvjmoy3,688111,金山办公,2026-01-20,1,348.000,334.990,349.580,332.530,7837107.000,2026-02-25T05:45:51.194Z
mm1m2ee2ji4issenx,688111,金山办公,2026-01-21,1,334.000,333.400,340.500,331.590,6463173.000,2026-02-25T05:45:51.194Z
mm1m2ee2jbrlpq7fw,688111,金山办公,2026-01-22,1,335.180,343.020,346.600,333.980,9662806.000,2026-02-25T05:45:51.194Z
mm1m2ee2t1603zcds,688111,金山办公,2026-01-23,1,343.050,353.300,362.770,343.050,9341055.000,2026-02-25T05:45:51.194Z
mm1m2ee2hyd8npcja,688111,金山办公,2026-01-26,1,359.350,348.500,360.280,346.100,7469232.000,2026-02-25T05:45:51.194Z
mm1m2ee2e3b241q69,688111,金山办公,2026-01-27,1,352.000,353.000,357.130,345.590,6097735.000,2026-02-25T05:45:51.194Z
mm1m2ee2pg350a04l,688111,金山办公,2026-01-28,1,353.970,346.200,359.560,345.000,8032795.000,2026-02-25T05:45:51.194Z
mm1m2ee2ua2q00iq2,688111,金山办公,2026-01-29,1,343.000,348.010,363.630,338.000,10462000.000,2026-02-25T05:45:51.194Z
mm1m2ee2aaejnvqhz,688111,金山办公,2026-01-30,1,344.770,336.840,347.500,332.040,8686468.000,2026-02-25T05:45:51.194Z
mm1m2ee2e37bzmhp1,688111,金山办公,2026-02-02,1,333.110,322.650,337.890,321.060,7356774.000,2026-02-25T05:45:51.194Z
mm1m2ee2mzd1aftkn,688111,金山办公,2026-02-03,1,326.000,326.530,328.180,319.010,5743518.000,2026-02-25T05:45:51.194Z
mm1m2ee2ltgtt8ron,688111,金山办公,2026-02-04,1,322.000,314.150,324.280,307.760,8726722.000,2026-02-25T05:45:51.194Z
mm1m2ee2x7ur6hjit,688111,金山办公,2026-02-05,1,310.000,309.450,314.940,308.140,5178455.000,2026-02-25T05:45:51.194Z
mm1m2ee2ukazhejuc,688111,金山办公,2026-02-06,1,306.910,303.620,308.880,303.330,5805872.000,2026-02-25T05:45:51.194Z
mm1m2ee2py4ijqw6n,688111,金山办公,2026-02-09,1,307.810,307.010,310.680,303.770,7298184.000,2026-02-25T05:45:51.194Z
mm1m2ee2q0tcjeanq,688111,金山办公,2026-02-10,1,309.000,314.100,314.480,304.000,8069077.000,2026-02-25T05:45:51.194Z
mm1m2ee2fs71mx2ny,688111,金山办公,2026-02-11,1,311.490,310.700,314.280,308.000,4951567.000,2026-02-25T05:45:51.194Z
mm1m2ee2bohxrw4fg,688111,金山办公,2026-02-12,1,311.490,313.000,315.000,308.180,5896024.000,2026-02-25T05:45:51.194Z
mm1m2ee23nyij63ha,688111,金山办公,2026-02-13,1,309.990,307.280,312.410,307.000,5084766.000,2026-02-25T05:45:51.194Z
mm1m2ee2682k7kmb6,688111,金山办公,2026-02-24,1,307.990,293.810,307.990,292.180,9831104.000,2026-02-25T05:45:51.194Z
mm1m2ee2vfpm8k1x3,688111,金山办公,2026-02-25,1,294.99,294.61,296.60,292.28,4194565,2026-02-25T05:45:51.194Z
mm1m2ew8rhesxek8u,002230,科大讯飞,2026-01-06,1,54.070,53.890,54.590,53.180,1120526.000,2026-02-25T05:45:51.848Z
mm1m2ew8mmomgvkwf,002230,科大讯飞,2026-01-07,1,53.910,53.020,54.220,52.570,828057.000,2026-02-25T05:45:51.848Z
mm1m2ew8wmd9b6y94,002230,科大讯飞,2026-01-08,1,53.730,53.410,54.460,53.100,779025.000,2026-02-25T05:45:51.848Z
mm1m2ew8tjedimmnh,002230,科大讯飞,2026-01-09,1,53.150,55.600,55.850,52.920,1417937.000,2026-02-25T05:45:51.848Z
mm1m2ew8x6kwbq349,002230,科大讯飞,2026-01-12,1,57.500,59.600,60.500,57.300,1997931.000,2026-02-25T05:45:51.848Z
mm1m2ew8iuadtj6fd,002230,科大讯飞,2026-01-13,1,61.020,60.890,65.000,60.800,2235856.000,2026-02-25T05:45:51.848Z
mm1m2ew87uzbb7qv6,002230,科大讯飞,2026-01-14,1,61.260,62.640,64.500,61.260,2092433.000,2026-02-25T05:45:51.848Z
mm1m2ew8rlwlpnfj3,002230,科大讯飞,2026-01-15,1,61.660,63.390,66.300,61.540,1499372.000,2026-02-25T05:45:51.848Z
mm1m2ew8pp94iuixt,002230,科大讯飞,2026-01-16,1,61.540,63.700,67.500,61.520,1572392.000,2026-02-25T05:45:51.848Z
mm1m2ew8gfrnlxudl,002230,科大讯飞,2026-01-19,1,63.780,61.050,65.020,60.810,1491682.000,2026-02-25T05:45:51.848Z
mm1m2ew8uoqhn4rf5,002230,科大讯飞,2026-01-20,1,61.500,58.630,61.830,58.020,1204430.000,2026-02-25T05:45:51.848Z
mm1m2ew824kxo1o3c,002230,科大讯飞,2026-01-21,1,58.030,58.090,59.230,57.850,716923.000,2026-02-25T05:45:51.848Z
mm1m2ew8hg4p36bjl,002230,科大讯飞,2026-01-22,1,58.600,58.440,59.770,58.110,637770.000,2026-02-25T05:45:51.848Z
mm1m2ew8sw2j8ytdy,002230,科大讯飞,2026-01-23,1,59.000,58.750,59.300,58.110,695058.000,2026-02-25T05:45:51.848Z
mm1m2ew8qxgb36246,002230,科大讯飞,2026-01-26,1,59.700,58.170,60.000,57.700,846008.000,2026-02-25T05:45:51.848Z
mm1m2ew80lkx8ktc9,002230,科大讯飞,2026-01-27,1,58.450,58.150,58.990,57.260,686265.000,2026-02-25T05:45:51.848Z
mm1m2ew8zocc7r5tp,002230,科大讯飞,2026-01-28,1,58.500,57.320,58.750,57.260,680168.000,2026-02-25T05:45:51.848Z
mm1m2ew8izf49umj4,002230,科大讯飞,2026-01-29,1,58.510,61.000,63.050,58.510,2066289.000,2026-02-25T05:45:51.848Z
mm1m2ew84a7ahbrdv,002230,科大讯飞,2026-01-30,1,60.680,59.600,61.210,58.680,1316309.000,2026-02-25T05:45:51.848Z
mm1m2ew8x8eqpt9t7,002230,科大讯飞,2026-02-02,1,59.600,57.000,60.250,56.850,1008381.000,2026-02-25T05:45:51.848Z
mm1m2ew8fw2yqc062,002230,科大讯飞,2026-02-03,1,57.990,58.120,58.140,56.480,782131.000,2026-02-25T05:45:51.848Z
mm1m2ew87f9oluw08,002230,科大讯飞,2026-02-04,1,57.420,56.930,58.280,56.350,681237.000,2026-02-25T05:45:51.848Z
mm1m2ew80kk5wkgx2,002230,科大讯飞,2026-02-05,1,56.150,55.750,56.940,55.660,504148.000,2026-02-25T05:45:51.848Z
mm1m2ew8e8184dugq,002230,科大讯飞,2026-02-06,1,55.250,54.810,55.640,54.320,498327.000,2026-02-25T05:45:51.848Z
mm1m2ew8yfaru3hjw,002230,科大讯飞,2026-02-09,1,55.750,56.410,56.700,55.350,634470.000,2026-02-25T05:45:51.848Z
mm1m2ew8e54csdq5h,002230,科大讯飞,2026-02-10,1,56.500,56.860,57.240,55.820,618445.000,2026-02-25T05:45:51.848Z
mm1m2ew8h8dh02pqy,002230,科大讯飞,2026-02-11,1,56.510,56.470,57.160,56.380,416034.000,2026-02-25T05:45:51.848Z
mm1m2ew8j7v68k6ey,002230,科大讯飞,2026-02-12,1,56.950,57.800,58.400,56.560,807094.000,2026-02-25T05:45:51.848Z
mm1m2ew8m1m7qm2n7,002230,科大讯飞,2026-02-13,1,56.880,57.120,57.670,56.810,546818.000,2026-02-25T05:45:51.848Z
mm1m2ew8sh63w6bl9,002230,科大讯飞,2026-02-24,1,58.400,57.160,58.450,55.860,740942.000,2026-02-25T05:45:51.848Z
mm1m2ew8gpsuw97ce,002230,科大讯飞,2026-02-25,1,56.70,56.24,57.12,55.96,437276,2026-02-25T05:45:51.848Z
mm1m2fefprhlkh3qz,00700,腾讯控股,2026-01-09,1,616.000,611.000,617.000,610.000,17813669.000,2026-02-25T05:45:52.503Z
mm1m2fefa2a97r4re,00700,腾讯控股,2026-01-12,1,616.000,623.000,627.500,613.500,27530129.000,2026-02-25T05:45:52.503Z
mm1m2fef4p1yvjais,00700,腾讯控股,2026-01-13,1,637.000,627.500,639.000,622.500,24212695.000,2026-02-25T05:45:52.503Z
mm1m2fefao6eecrxr,00700,腾讯控股,2026-01-14,1,634.000,633.000,638.500,626.000,28677291.000,2026-02-25T05:45:52.503Z
mm1m2fefph27vb6em,00700,腾讯控股,2026-01-15,1,631.000,622.000,632.500,618.500,26194252.000,2026-02-25T05:45:52.503Z
mm1m2fefc4jouf8qo,00700,腾讯控股,2026-01-16,1,627.000,617.500,630.000,613.500,20616793.000,2026-02-25T05:45:52.503Z
mm1m2fefkgzb5l9mn,00700,腾讯控股,2026-01-19,1,613.500,610.000,614.500,608.500,13233330.000,2026-02-25T05:45:52.503Z
mm1m2fefecbg1k9c8,00700,腾讯控股,2026-01-20,1,601.000,601.000,607.000,598.000,24332228.000,2026-02-25T05:45:52.503Z
mm1m2fefcnangczc9,00700,腾讯控股,2026-01-21,1,598.000,602.500,606.000,598.000,16003431.000,2026-02-25T05:45:52.503Z
mm1m2fefhh5v45qal,00700,腾讯控股,2026-01-22,1,604.500,597.500,605.500,596.000,27168713.000,2026-02-25T05:45:52.503Z
mm1m2fefqbj8rfite,00700,腾讯控股,2026-01-23,1,597.500,595.000,602.000,595.000,19177660.000,2026-02-25T05:45:52.503Z
mm1m2fefdjxacdl99,00700,腾讯控股,2026-01-26,1,595.000,599.500,605.000,594.000,17439619.000,2026-02-25T05:45:52.503Z
mm1m2fefgkunyzddh,00700,腾讯控股,2026-01-27,1,600.000,607.000,610.500,598.500,23887447.000,2026-02-25T05:45:52.503Z
mm1m2fefovf1l4oez,00700,腾讯控股,2026-01-28,1,613.000,621.000,623.000,610.500,25577066.000,2026-02-25T05:45:52.503Z
mm1m2fefqbbftihoq,00700,腾讯控股,2026-01-29,1,614.500,622.000,625.000,612.500,22951530.000,2026-02-25T05:45:52.503Z
mm1m2fef893lx2cuq,00700,腾讯控股,2026-01-30,1,615.000,606.000,619.500,605.500,21479886.000,2026-02-25T05:45:52.503Z
mm1m2fef9wmwglsmd,00700,腾讯控股,2026-02-02,1,598.000,598.500,604.500,590.500,27926332.000,2026-02-25T05:45:52.503Z
mm1m2fefed9r4pc18,00700,腾讯控股,2026-02-03,1,598.500,581.000,601.500,561.000,65128647.000,2026-02-25T05:45:52.503Z
mm1m2fefpx20e5dzt,00700,腾讯控股,2026-02-04,1,572.000,558.000,574.500,558.000,60374834.000,2026-02-25T05:45:52.503Z
mm1m2feft5kxezhth,00700,腾讯控股,2026-02-05,1,550.000,558.500,561.500,541.000,79306977.000,2026-02-25T05:45:52.503Z
mm1m2fefjakvhhfem,00700,腾讯控股,2026-02-06,1,546.000,547.500,557.500,543.000,35402860.000,2026-02-25T05:45:52.503Z
mm1m2jf667ht006jv,002027,分众传媒,2026-01-06,1,7.240,7.450,7.490,7.210,1796406.000,2026-02-25T05:45:57.712Z
mm1m2jf6uzlg1o54u,002027,分众传媒,2026-01-07,1,7.440,7.440,7.490,7.390,1161454.000,2026-02-25T05:45:57.712Z
mm1m2jf66hz2s3qae,002027,分众传媒,2026-01-08,1,7.430,7.620,7.650,7.270,2219538.000,2026-02-25T05:45:57.712Z
mm1m2jf6b9qteypob,002027,分众传媒,2026-01-09,1,7.570,7.710,7.740,7.550,1546760.000,2026-02-25T05:45:57.712Z
mm1m2jf66ia8bm4hs,002027,分众传媒,2026-01-12,1,7.800,8.040,8.090,7.750,3153412.000,2026-02-25T05:45:57.712Z
mm1m2jf645b74o0ld,002027,分众传媒,2026-01-13,1,8.120,8.020,8.320,7.910,3832766.000,2026-02-25T05:45:57.712Z
mm1m2jf69yytlrpwn,002027,分众传媒,2026-01-14,1,7.900,7.800,8.150,7.680,3244524.000,2026-02-25T05:45:57.712Z
mm1m2jf6ab57iziuf,002027,分众传媒,2026-01-15,1,7.730,7.570,7.850,7.520,2136685.000,2026-02-25T05:45:57.712Z
mm1m2jf6rhcqbqxz8,002027,分众传媒,2026-01-16,1,7.590,7.430,7.610,7.370,2197486.000,2026-02-25T05:45:57.712Z
mm1m2jf6qi0ykj4az,002027,分众传媒,2026-01-19,1,7.400,7.400,7.490,7.350,1604920.000,2026-02-25T05:45:57.712Z
mm1m2jf6stdehwam4,002027,分众传媒,2026-01-20,1,7.410,7.440,7.470,7.350,1494238.000,2026-02-25T05:45:57.712Z
mm1m2jf6ciowmdjpg,002027,分众传媒,2026-01-21,1,7.420,7.390,7.460,7.370,1336819.000,2026-02-25T05:45:57.712Z
mm1m2jf6ghdychyc8,002027,分众传媒,2026-01-22,1,7.390,7.400,7.450,7.340,1424564.000,2026-02-25T05:45:57.712Z
mm1m2jf6c4vp3gsi4,002027,分众传媒,2026-01-23,1,7.410,7.440,7.550,7.400,1863744.000,2026-02-25T05:45:57.712Z
mm1m2jf6e764nbqc2,002027,分众传媒,2026-01-26,1,7.300,7.420,7.500,7.140,3352720.000,2026-02-25T05:45:57.712Z
mm1m2jf6ww55o0nu1,002027,分众传媒,2026-01-27,1,7.440,7.260,7.450,7.260,1449174.000,2026-02-25T05:45:57.712Z
mm1m2jf6puke2xdhl,002027,分众传媒,2026-01-28,1,7.250,7.140,7.330,7.120,2043675.000,2026-02-25T05:45:57.712Z
mm1m2jf6l39al6mkk,002027,分众传媒,2026-01-29,1,7.130,7.360,7.430,7.090,2811390.000,2026-02-25T05:45:57.712Z
mm1m2jf68i8wo9uiz,002027,分众传媒,2026-01-30,1,7.320,7.200,7.380,7.200,1417303.000,2026-02-25T05:45:57.712Z
mm1m2jf6q7qppkcb3,002027,分众传媒,2026-02-02,1,7.180,7.360,7.450,7.170,2309956.000,2026-02-25T05:45:57.712Z
mm1m2jf6r8n7w4rok,002027,分众传媒,2026-02-03,1,7.390,7.340,7.410,7.260,1344350.000,2026-02-25T05:45:57.712Z
mm1m2jxf1hd40a133,002558,巨人网络,2026-01-06,1,44.400,45.400,45.800,43.820,292092.000,2026-02-25T05:45:58.371Z
mm1m2jxf15c8l6afb,002558,巨人网络,2026-01-07,1,45.060,45.500,46.660,45.000,221797.000,2026-02-25T05:45:58.371Z
mm1m2jxfk5h95x9uz,002558,巨人网络,2026-01-08,1,45.390,45.610,46.600,44.690,237103.000,2026-02-25T05:45:58.371Z
mm1m2jxflh4e4ajh8,002558,巨人网络,2026-01-09,1,45.600,46.800,47.490,44.850,278239.000,2026-02-25T05:45:58.371Z
mm1m2jxfgmch3h2qu,002558,巨人网络,2026-01-12,1,47.620,49.410,49.890,47.260,499369.000,2026-02-25T05:45:58.371Z
mm1m2jxfwyyf7m058,002558,巨人网络,2026-01-13,1,50.000,48.950,51.300,48.220,478404.000,2026-02-25T05:45:58.371Z
mm1m2jxfak2xqslov,002558,巨人网络,2026-01-14,1,48.720,47.020,50.000,45.600,516724.000,2026-02-25T05:45:58.371Z
mm1m2jxfa0nz6br3a,002558,巨人网络,2026-01-15,1,47.470,46.050,48.000,45.660,371700.000,2026-02-25T05:45:58.371Z
mm1m2jxfqfvhpx5w6,002558,巨人网络,2026-01-16,1,46.060,45.400,46.540,44.590,402401.000,2026-02-25T05:45:58.371Z
mm1m2jxfluvuabi62,002558,巨人网络,2026-01-19,1,46.910,49.940,49.940,46.910,503694.000,2026-02-25T05:45:58.371Z
mm1m2jxfk4s3ypl2h,002558,巨人网络,2026-01-20,1,51.800,51.140,53.350,50.400,690336.000,2026-02-25T05:45:58.371Z
mm1m2jxfxszfa0p05,002558,巨人网络,2026-01-21,1,51.130,50.300,51.800,49.760,329040.000,2026-02-25T05:45:58.371Z
mm1m2jxf5pkwddhqx,002558,巨人网络,2026-01-22,1,50.290,49.340,50.900,48.710,226864.000,2026-02-25T05:45:58.371Z
mm1m2jxfj3t7o1kt8,002558,巨人网络,2026-01-23,1,49.800,49.810,50.500,48.150,404990.000,2026-02-25T05:45:58.371Z
mm1m2jxfwbjj1hk9y,002558,巨人网络,2026-01-26,1,47.510,46.210,48.880,44.950,665450.000,2026-02-25T05:45:58.371Z
mm1m2jxf3en5ke611,002558,巨人网络,2026-01-27,1,46.480,47.330,47.760,44.620,419884.000,2026-02-25T05:45:58.371Z
mm1m2jxf0kmgcap1n,002558,巨人网络,2026-01-28,1,46.880,44.810,47.220,44.700,467528.000,2026-02-25T05:45:58.371Z
mm1m2jxfx6p7bjlau,002558,巨人网络,2026-01-29,1,44.490,43.900,45.640,43.800,358756.000,2026-02-25T05:45:58.371Z
mm1m2jxfhosfj03k1,002558,巨人网络,2026-01-30,1,43.680,43.980,44.850,43.400,325942.000,2026-02-25T05:45:58.371Z
mm1m2jxfca4ofasgl,002558,巨人网络,2026-02-02,1,44.660,42.400,47.000,42.200,478600.000,2026-02-25T05:45:58.371Z
mm1m2jxfg1hxm4kqc,002558,巨人网络,2026-02-03,1,42.910,43.200,43.530,40.000,635100.000,2026-02-25T05:45:58.371Z
mm1m2kfp37m433c15,603986,兆易创新,2026-01-06,1,238.000,250.780,253.330,234.000,507536.000,2026-02-25T05:45:59.028Z
mm1m2kfpdiusq4a77,603986,兆易创新,2026-01-07,1,270.000,262.500,273.770,256.780,545162.000,2026-02-25T05:45:59.028Z
mm1m2kfpoo3hiy61i,603986,兆易创新,2026-01-08,1,259.000,258.750,267.000,256.910,314109.000,2026-02-25T05:45:59.028Z
mm1m2kfpiy8rifmt5,603986,兆易创新,2026-01-09,1,254.550,250.050,254.550,244.320,395238.000,2026-02-25T05:45:59.028Z
mm1m2kfpqy6y9xr0q,603986,兆易创新,2026-01-12,1,255.220,261.830,264.040,254.000,403813.000,2026-02-25T05:45:59.028Z
mm1m2kfpmhsnmr0qc,603986,兆易创新,2026-01-13,1,266.000,263.500,275.000,257.490,461518.000,2026-02-25T05:45:59.028Z
mm1m2kfpdpoooovi6,603986,兆易创新,2026-01-14,1,270.000,253.000,271.000,249.050,447321.000,2026-02-25T05:45:59.028Z
mm1m2kfpexmedg0io,603986,兆易创新,2026-01-15,1,249.610,254.960,257.550,248.200,283898.000,2026-02-25T05:45:59.028Z
mm1m2kfp4nnlasnbn,603986,兆易创新,2026-01-16,1,260.030,280.460,280.460,257.500,553362.000,2026-02-25T05:45:59.028Z
mm1m2kfp5xpdgcqfb,603986,兆易创新,2026-01-19,1,280.600,288.450,292.000,278.880,463230.000,2026-02-25T05:45:59.028Z
mm1m2kfp5kxoy5d74,603986,兆易创新,2026-01-20,1,282.900,292.000,297.100,282.880,389782.000,2026-02-25T05:45:59.028Z
mm1m2kfp4sqzr0mqh,603986,兆易创新,2026-01-21,1,295.000,307.650,314.800,293.010,404654.000,2026-02-25T05:45:59.028Z
mm1m2kfpe3slc0idb,603986,兆易创新,2026-01-22,1,320.000,301.470,320.020,296.700,450617.000,2026-02-25T05:45:59.028Z
mm1m2kfpbbafrivk7,603986,兆易创新,2026-01-23,1,296.000,297.250,310.680,295.000,349380.000,2026-02-25T05:45:59.028Z
mm1m2kfpwgintkdo3,603986,兆易创新,2026-01-26,1,300.000,292.600,308.000,290.500,272675.000,2026-02-25T05:45:59.028Z
mm1m2kfpugxii1ev4,603986,兆易创新,2026-01-27,1,290.000,307.260,312.420,286.670,380044.000,2026-02-25T05:45:59.028Z
mm1m2kfpee6a3kjo0,603986,兆易创新,2026-01-28,1,313.880,323.680,328.580,313.880,377180.000,2026-02-25T05:45:59.028Z
mm1m2kfpew6zjdhia,603986,兆易创新,2026-01-29,1,329.880,307.500,331.070,306.990,334246.000,2026-02-25T05:45:59.028Z
mm1m2kfpiyxzl3lyr,603986,兆易创新,2026-01-30,1,315.000,314.880,320.880,308.010,376199.000,2026-02-25T05:45:59.028Z
mm1m2kfp56pazkmc3,603986,兆易创新,2026-02-02,1,300.800,283.390,306.090,283.390,416288.000,2026-02-25T05:45:59.028Z
mm1m2kfp10gugigsi,603986,兆易创新,2026-02-03,1,294.010,292.570,296.600,285.200,302214.000,2026-02-25T05:45:59.028Z
mm1m2ky1n8gzi6rba,300002,神州泰岳,2026-01-06,1,11.790,11.780,11.900,11.680,842198.000,2026-02-25T05:45:59.689Z
mm1m2ky107t0thsju,300002,神州泰岳,2026-01-07,1,11.740,11.720,11.980,11.660,694077.000,2026-02-25T05:45:59.689Z
mm1m2ky1id6ni34rl,300002,神州泰岳,2026-01-08,1,11.680,11.830,11.950,11.600,681825.000,2026-02-25T05:45:59.689Z
mm1m2ky1pfzqz5wq1,300002,神州泰岳,2026-01-09,1,11.800,12.310,12.340,11.780,1349094.000,2026-02-25T05:45:59.689Z
mm1m2ky1fd02er5en,300002,神州泰岳,2026-01-12,1,12.500,13.280,13.390,12.480,2140958.000,2026-02-25T05:45:59.689Z
mm1m2ky1ykskzgu9u,300002,神州泰岳,2026-01-13,1,13.500,13.150,13.920,12.780,2219384.000,2026-02-25T05:45:59.689Z
mm1m2ky19tgaf9tfh,300002,神州泰岳,2026-01-14,1,13.130,13.380,13.990,13.090,2140785.000,2026-02-25T05:45:59.689Z
mm1m2ky18iwi49mnt,300002,神州泰岳,2026-01-15,1,13.220,13.140,13.480,12.880,1263486.000,2026-02-25T05:45:59.689Z
mm1m2ky13uieqqg2v,300002,神州泰岳,2026-01-16,1,13.190,12.700,13.200,12.540,1126070.000,2026-02-25T05:45:59.689Z
mm1m2ky1sdu2fjaxt,300002,神州泰岳,2026-01-19,1,12.590,12.480,12.760,12.420,745196.000,2026-02-25T05:45:59.689Z
mm1m2ky1ix0jboi22,300002,神州泰岳,2026-01-20,1,12.560,12.300,12.680,12.210,662817.000,2026-02-25T05:45:59.689Z
mm1m2ky16a26x1dsy,300002,神州泰岳,2026-01-21,1,12.220,12.310,12.460,12.140,483930.000,2026-02-25T05:45:59.689Z
mm1m2ky144vf5kmf8,300002,神州泰岳,2026-01-22,1,12.310,12.340,12.460,12.240,477065.000,2026-02-25T05:45:59.689Z
mm1m2ky19eigax53t,300002,神州泰岳,2026-01-23,1,12.380,12.590,12.630,12.310,631170.000,2026-02-25T05:45:59.689Z
mm1m2ky13dhpn7nnt,300002,神州泰岳,2026-01-26,1,12.640,12.440,12.680,12.150,769322.000,2026-02-25T05:45:59.689Z
mm1m2ky1d2jqmdh26,300002,神州泰岳,2026-01-27,1,12.440,12.140,12.550,11.990,805542.000,2026-02-25T05:45:59.689Z
mm1m2ky1ra4p455yr,300002,神州泰岳,2026-01-28,1,12.140,12.610,12.760,12.100,1099639.000,2026-02-25T05:45:59.689Z
mm1m2ky1quez2995p,300002,神州泰岳,2026-01-29,1,12.460,12.640,13.000,12.130,1284617.000,2026-02-25T05:45:59.689Z
mm1m2ky138rnyuqqy,300002,神州泰岳,2026-01-30,1,12.530,12.230,12.580,12.160,817530.000,2026-02-25T05:45:59.689Z
mm1m2ky1o7ha9sa84,300002,神州泰岳,2026-02-02,1,12.170,11.840,12.430,11.820,768178.000,2026-02-25T05:45:59.689Z
mm1m2ky1pwcgn0jqa,300002,神州泰岳,2026-02-03,1,12.010,12.310,12.340,11.940,801417.000,2026-02-25T05:45:59.689Z
mm1m2lg4d4xk5ztp2,002517,恺英网络,2026-01-06,1,23.480,24.360,24.580,23.200,912316.000,2026-02-25T05:46:00.340Z
mm1m2lg4y3gu1p3rh,002517,恺英网络,2026-01-07,1,24.380,24.240,24.660,23.820,507092.000,2026-02-25T05:46:00.340Z
mm1m2lg4ulvx5gqlj,002517,恺英网络,2026-01-08,1,24.080,24.370,24.990,23.800,504041.000,2026-02-25T05:46:00.340Z
mm1m2lg486qg1aji0,002517,恺英网络,2026-01-09,1,24.450,25.230,25.320,24.350,596385.000,2026-02-25T05:46:00.340Z
mm1m2lg4twuzx67re,002517,恺英网络,2026-01-12,1,25.660,26.410,26.870,25.600,1008579.000,2026-02-25T05:46:00.340Z
mm1m2lg417didryj8,002517,恺英网络,2026-01-13,1,26.550,26.330,27.650,26.000,968418.000,2026-02-25T05:46:00.340Z
mm1m2lg4vj9i3ehuy,002517,恺英网络,2026-01-14,1,26.000,26.080,27.550,25.760,897558.000,2026-02-25T05:46:00.340Z
mm1m2lg4be8kegda1,002517,恺英网络,2026-01-15,1,26.570,27.510,28.180,26.280,939477.000,2026-02-25T05:46:00.340Z
mm1m2lg4n4t1cqt1a,002517,恺英网络,2026-01-16,1,27.380,26.330,28.000,26.220,766447.000,2026-02-25T05:46:00.340Z
mm1m2lg4ke26ocxle,002517,恺英网络,2026-01-19,1,26.000,26.340,26.970,25.880,504294.000,2026-02-25T05:46:00.340Z
mm1m2lg4xyq2n8hl8,002517,恺英网络,2026-01-20,1,26.520,25.560,26.850,25.300,571319.000,2026-02-25T05:46:00.340Z
mm1m2lg45a3zy084x,002517,恺英网络,2026-01-21,1,25.400,25.580,26.070,25.350,397496.000,2026-02-25T05:46:00.340Z
mm1m2lg4ve9jjrzzb,002517,恺英网络,2026-01-22,1,25.570,25.000,26.030,24.610,516875.000,2026-02-25T05:46:00.340Z
mm1m2lg4xbmkcgbre,002517,恺英网络,2026-01-23,1,25.030,25.620,25.870,24.900,420358.000,2026-02-25T05:46:00.340Z
mm1m2lg4040dwi2ao,002517,恺英网络,2026-01-26,1,25.600,24.680,25.600,24.400,528602.000,2026-02-25T05:46:00.340Z
mm1m2lg4hbanlvcta,002517,恺英网络,2026-01-27,1,24.680,24.810,24.970,24.090,325018.000,2026-02-25T05:46:00.340Z
mm1m2lg4llfwdvdf2,002517,恺英网络,2026-01-28,1,24.700,24.780,25.320,24.520,267247.000,2026-02-25T05:46:00.340Z
mm1m2lg48m1crk6d1,002517,恺英网络,2026-01-29,1,24.550,25.110,25.600,24.400,583228.000,2026-02-25T05:46:00.340Z
mm1m2lg4hv93fk7ai,002517,恺英网络,2026-01-30,1,24.920,24.920,25.570,24.530,433416.000,2026-02-25T05:46:00.340Z
mm1m2lg46w6dggv2v,002517,恺英网络,2026-02-02,1,24.800,23.580,25.150,23.510,525493.000,2026-02-25T05:46:00.340Z
mm1m2lg4zzndfcg9p,002517,恺英网络,2026-02-03,1,23.910,23.230,24.300,21.600,1219049.000,2026-02-25T05:46:00.340Z
mm1m2ly2tyareu6a2,603444,吉比特,2026-01-06,1,438.000,448.990,449.980,435.880,24387.000,2026-02-25T05:46:00.986Z
mm1m2ly2myja9ezzx,603444,吉比特,2026-01-07,1,446.300,446.800,454.820,444.110,16097.000,2026-02-25T05:46:00.986Z
mm1m2ly2i5023r1ol,603444,吉比特,2026-01-08,1,446.800,449.270,459.000,443.210,17034.000,2026-02-25T05:46:00.986Z
mm1m2ly2oszo84hya,603444,吉比特,2026-01-09,1,447.510,467.210,467.950,439.900,22564.000,2026-02-25T05:46:00.986Z
mm1m2ly25wa6x4iqf,603444,吉比特,2026-01-12,1,469.110,476.070,480.600,461.180,28792.000,2026-02-25T05:46:00.986Z
mm1m2ly2ybvpeo6kd,603444,吉比特,2026-01-13,1,477.350,480.000,493.930,471.010,28726.000,2026-02-25T05:46:00.986Z
mm1m2ly2r4js9tsxq,603444,吉比特,2026-01-14,1,473.010,472.050,494.000,465.000,29086.000,2026-02-25T05:46:00.986Z
mm1m2ly2bqc8mkydq,603444,吉比特,2026-01-15,1,470.000,472.590,480.990,467.000,17318.000,2026-02-25T05:46:00.986Z
mm1m2ly2551rfmu7d,603444,吉比特,2026-01-16,1,474.990,472.370,475.820,462.000,16130.000,2026-02-25T05:46:00.986Z
mm1m2ly2t4ph9qaf4,603444,吉比特,2026-01-19,1,470.000,475.800,482.500,468.000,12906.000,2026-02-25T05:46:00.986Z
mm1m2ly2noonuhlxu,603444,吉比特,2026-01-20,1,476.900,459.780,478.000,455.000,16147.000,2026-02-25T05:46:00.986Z
mm1m2ly2kbkxd7az4,603444,吉比特,2026-01-21,1,459.690,465.910,469.680,455.780,12127.000,2026-02-25T05:46:00.986Z
mm1m2ly2wejycxqlf,603444,吉比特,2026-01-22,1,466.870,456.880,472.510,453.260,11975.000,2026-02-25T05:46:00.986Z
mm1m2ly2vubyxxw1o,603444,吉比特,2026-01-23,1,459.000,455.920,460.000,453.260,11169.000,2026-02-25T05:46:00.986Z
mm1m2ly2kp5yqxdtu,603444,吉比特,2026-01-26,1,455.000,439.010,457.040,437.050,16982.000,2026-02-25T05:46:00.986Z
mm1m2ly20rqku488c,603444,吉比特,2026-01-27,1,442.000,451.380,451.980,434.000,13764.000,2026-02-25T05:46:00.986Z
mm1m2ly2xde9t7p6c,603444,吉比特,2026-01-28,1,449.000,446.000,454.080,444.170,10092.000,2026-02-25T05:46:00.986Z
mm1m2ly24p4wt5v8h,603444,吉比特,2026-01-29,1,461.860,475.500,490.000,461.000,33605.000,2026-02-25T05:46:00.986Z
mm1m2ly28v688jcgw,603444,吉比特,2026-01-30,1,465.270,455.000,470.000,447.010,21695.000,2026-02-25T05:46:00.986Z
mm1m2ly29c179esub,603444,吉比特,2026-02-02,1,453.600,435.600,461.990,435.230,19861.000,2026-02-25T05:46:00.986Z
mm1m2ly2bul0kxzkw,603444,吉比特,2026-02-03,1,441.800,446.170,446.300,429.050,20395.000,2026-02-25T05:46:00.986Z
mm1m2mgb7vb70f44s,002624,完美世界,2026-01-06,1,16.750,16.720,16.900,16.540,388547.000,2026-02-25T05:46:01.643Z
mm1m2mgb5iw6j53hy,002624,完美世界,2026-01-07,1,16.580,16.650,16.880,16.490,324373.000,2026-02-25T05:46:01.643Z
mm1m2mgbxkc0952wz,002624,完美世界,2026-01-08,1,16.640,17.010,17.220,16.570,440160.000,2026-02-25T05:46:01.643Z
mm1m2mgbwmmfemiet,002624,完美世界,2026-01-09,1,16.950,17.550,17.650,16.950,519674.000,2026-02-25T05:46:01.643Z
mm1m2mgbrsc1db3h0,002624,完美世界,2026-01-12,1,17.730,18.520,18.590,17.700,777019.000,2026-02-25T05:46:01.643Z
mm1m2mgb6cxg8dpxd,002624,完美世界,2026-01-13,1,18.720,18.320,18.850,18.020,707885.000,2026-02-25T05:46:01.643Z
mm1m2mgb6syg89y3t,002624,完美世界,2026-01-14,1,18.180,18.410,19.100,18.000,755071.000,2026-02-25T05:46:01.643Z
mm1m2mgbc9jrol7ao,002624,完美世界,2026-01-15,1,18.220,18.380,18.970,18.130,445958.000,2026-02-25T05:46:01.643Z
mm1m2mgb1grm7snih,002624,完美世界,2026-01-16,1,18.530,18.380,18.750,17.620,636259.000,2026-02-25T05:46:01.643Z
mm1m2mgb4jq2f1hka,002624,完美世界,2026-01-19,1,18.140,18.380,18.790,18.070,353671.000,2026-02-25T05:46:01.643Z
mm1m2mgbso4lgsy70,002624,完美世界,2026-01-20,1,18.540,18.160,18.640,17.830,359287.000,2026-02-25T05:46:01.643Z
mm1m2mgbm7x8rgiu0,002624,完美世界,2026-01-21,1,18.040,17.930,18.370,17.900,295007.000,2026-02-25T05:46:01.643Z
mm1m2mgb56v6mw8wy,002624,完美世界,2026-01-22,1,17.980,17.750,18.230,17.650,272623.000,2026-02-25T05:46:01.643Z
mm1m2mgbr5ikrcop2,002624,完美世界,2026-01-23,1,17.740,17.860,18.020,17.540,294247.000,2026-02-25T05:46:01.643Z
mm1m2mgbdvhd7oiqo,002624,完美世界,2026-01-26,1,17.790,17.340,17.990,17.110,465455.000,2026-02-25T05:46:01.643Z
mm1m2mgb6mv39hl2t,002624,完美世界,2026-01-27,1,17.330,17.380,17.500,16.820,398569.000,2026-02-25T05:46:01.643Z
mm1m2mgby0nlgl9sd,002624,完美世界,2026-01-28,1,17.280,18.150,18.160,17.170,454839.000,2026-02-25T05:46:01.643Z
mm1m2mgbsaug3e0ct,002624,完美世界,2026-01-29,1,18.100,18.770,19.300,17.960,669602.000,2026-02-25T05:46:01.643Z
mm1m2mgbia6gtq4kv,002624,完美世界,2026-01-30,1,18.790,18.840,19.000,18.220,490743.000,2026-02-25T05:46:01.643Z
mm1m2mgbr21j3e7uf,002624,完美世界,2026-02-02,1,18.980,17.600,19.150,17.520,570138.000,2026-02-25T05:46:01.643Z
mm1m2mgbm3jcu1fdq,002624,完美世界,2026-02-03,1,17.970,18.580,18.750,17.260,946463.000,2026-02-25T05:46:01.643Z
mm1m2mynxkzgkaslr,300251,光线传媒,2026-01-06,1,16.650,16.940,16.960,16.610,625896.000,2026-02-25T05:46:02.303Z
mm1m2myn7zjxlo84x,300251,光线传媒,2026-01-07,1,16.870,16.760,16.970,16.680,455350.000,2026-02-25T05:46:02.303Z
mm1m2mynzkr15609r,300251,光线传媒,2026-01-08,1,16.760,16.980,17.150,16.670,520136.000,2026-02-25T05:46:02.303Z
mm1m2mynk5ah1cbm2,300251,光线传媒,2026-01-09,1,16.970,17.310,17.330,16.910,713647.000,2026-02-25T05:46:02.303Z
mm1m2mynfi46u5ksu,300251,光线传媒,2026-01-12,1,17.570,18.700,18.800,17.570,1713692.000,2026-02-25T05:46:02.303Z
mm1m2myngj2wrgqlr,300251,光线传媒,2026-01-13,1,18.810,18.170,18.950,17.980,1131741.000,2026-02-25T05:46:02.303Z
mm1m2myn2t6zbojx6,300251,光线传媒,2026-01-14,1,18.060,18.270,18.990,18.000,1220742.000,2026-02-25T05:46:02.303Z
mm1m2mynwo7c01swk,300251,光线传媒,2026-01-15,1,18.100,17.730,18.120,17.560,817617.000,2026-02-25T05:46:02.303Z
mm1m2mynhel87cp09,300251,光线传媒,2026-01-16,1,17.750,17.160,17.800,17.100,706659.000,2026-02-25T05:46:02.303Z
mm1m2myn9njjs51cq,300251,光线传媒,2026-01-19,1,17.010,17.160,17.230,16.900,439506.000,2026-02-25T05:46:02.303Z
mm1m2mynxlfs181sw,300251,光线传媒,2026-01-20,1,17.240,17.020,17.310,16.900,463038.000,2026-02-25T05:46:02.303Z
mm1m2mynircx87s3u,300251,光线传媒,2026-01-21,1,16.980,16.920,17.130,16.850,386134.000,2026-02-25T05:46:02.303Z
mm1m2mynsdy4qjo4u,300251,光线传媒,2026-01-22,1,16.950,17.170,17.240,16.940,445664.000,2026-02-25T05:46:02.303Z
mm1m2myn2ru67kqn8,300251,光线传媒,2026-01-23,1,17.240,17.460,17.570,17.100,613525.000,2026-02-25T05:46:02.303Z
mm1m2myns102b4wkp,300251,光线传媒,2026-01-26,1,17.450,17.600,17.960,17.400,762381.000,2026-02-25T05:46:02.303Z
mm1m2myn90jzxf4fh,300251,光线传媒,2026-01-27,1,17.600,17.700,17.720,17.160,567539.000,2026-02-25T05:46:02.303Z
mm1m2mynf80j166rn,300251,光线传媒,2026-01-28,1,17.710,17.890,18.080,17.600,709283.000,2026-02-25T05:46:02.303Z
mm1m2mynlj6mum8ic,300251,光线传媒,2026-01-29,1,17.720,18.260,18.500,17.400,1017350.000,2026-02-25T05:46:02.303Z
mm1m2mynrkbscnmys,300251,光线传媒,2026-01-30,1,18.260,19.560,21.000,18.100,2253652.000,2026-02-25T05:46:02.303Z
mm1m2myn7t21pmvjl,300251,光线传媒,2026-02-02,1,19.800,19.640,20.880,19.410,1942387.000,2026-02-25T05:46:02.303Z
mm1m2myno49efi7sp,300251,光线传媒,2026-02-03,1,19.450,20.140,20.700,19.210,1658401.000,2026-02-25T05:46:02.303Z
mm1m2nh1s73xvxu6c,601595,上海电影,2026-01-06,1,28.250,28.400,28.470,28.160,71735.000,2026-02-25T05:46:02.964Z
mm1m2nh19bubg8mo8,601595,上海电影,2026-01-07,1,28.330,28.370,28.680,28.190,56891.000,2026-02-25T05:46:02.964Z
mm1m2nh1jm2evnw3q,601595,上海电影,2026-01-08,1,28.280,28.850,28.890,28.230,83047.000,2026-02-25T05:46:02.964Z
mm1m2nh15z2rd07og,601595,上海电影,2026-01-09,1,28.720,30.450,30.730,28.720,212964.000,2026-02-25T05:46:02.964Z
mm1m2nh12iwb076di,601595,上海电影,2026-01-12,1,30.480,32.080,32.400,30.480,225897.000,2026-02-25T05:46:02.964Z
mm1m2nh1uq0p2r1j3,601595,上海电影,2026-01-13,1,32.400,31.870,33.440,31.590,209162.000,2026-02-25T05:46:02.964Z
mm1m2nh1cm40i2ht4,601595,上海电影,2026-01-14,1,31.800,32.850,33.460,31.620,211455.000,2026-02-25T05:46:02.964Z
mm1m2nh1k2f36vn0k,601595,上海电影,2026-01-15,1,32.600,31.110,32.600,30.800,175869.000,2026-02-25T05:46:02.964Z
mm1m2nh10a6ngc3a9,601595,上海电影,2026-01-16,1,31.030,30.090,31.120,29.530,130821.000,2026-02-25T05:46:02.964Z
mm1m2nh17t56pagx1,601595,上海电影,2026-01-19,1,29.880,29.960,30.490,29.670,63808.000,2026-02-25T05:46:02.964Z
mm1m2nh1p5dzqkkx0,601595,上海电影,2026-01-20,1,30.170,29.640,30.320,29.450,75356.000,2026-02-25T05:46:02.964Z
mm1m2nh1ylbp0j1uw,601595,上海电影,2026-01-21,1,29.500,29.340,29.790,29.230,71340.000,2026-02-25T05:46:02.964Z
mm1m2nh1gnn35g2ur,601595,上海电影,2026-01-22,1,29.410,30.170,30.320,29.250,102239.000,2026-02-25T05:46:02.964Z
mm1m2nh1moevlnqh8,601595,上海电影,2026-01-23,1,30.170,30.310,30.600,29.880,73321.000,2026-02-25T05:46:02.964Z
mm1m2nh1vmt9vncs7,601595,上海电影,2026-01-26,1,30.310,29.190,30.390,28.920,137086.000,2026-02-25T05:46:02.964Z
mm1m2nh1614vl9u7s,601595,上海电影,2026-01-27,1,29.190,28.910,29.510,28.460,77619.000,2026-02-25T05:46:02.964Z
mm1m2nh11izelz8l8,601595,上海电影,2026-01-28,1,28.770,28.900,29.250,28.710,55740.000,2026-02-25T05:46:02.964Z
mm1m2nh1yhxax9drp,601595,上海电影,2026-01-29,1,28.800,29.250,29.870,28.500,97464.000,2026-02-25T05:46:02.964Z
mm1m2nh1b5weenbb1,601595,上海电影,2026-01-30,1,29.010,29.860,30.100,29.010,121809.000,2026-02-25T05:46:02.964Z
mm1m2nh113sw4n39z,601595,上海电影,2026-02-02,1,29.880,29.500,30.750,29.370,138403.000,2026-02-25T05:46:02.964Z
mm1m2nh1ohv68888n,601595,上海电影,2026-02-03,1,29.510,30.060,30.130,29.510,120010.000,2026-02-25T05:46:02.964Z
mm1m2nze84u3j0kst,688052,纳芯微,2026-01-06,1,162.350,165.530,165.620,161.300,2690457.000,2026-02-25T05:46:03.626Z
mm1m2nzee6g8o1pgy,688052,纳芯微,2026-01-07,1,168.000,183.870,185.790,168.000,7053362.000,2026-02-25T05:46:03.626Z
mm1m2nze6x74cdv5x,688052,纳芯微,2026-01-08,1,180.990,177.500,180.990,176.010,3310694.000,2026-02-25T05:46:03.626Z
mm1m2nzehfll7sc6q,688052,纳芯微,2026-01-09,1,177.550,177.140,178.530,174.600,2344731.000,2026-02-25T05:46:03.626Z
mm1m2nzew10rxpju5,688052,纳芯微,2026-01-12,1,177.880,174.310,177.880,172.200,3116395.000,2026-02-25T05:46:03.626Z
mm1m2nzel4381zxnn,688052,纳芯微,2026-01-13,1,174.810,170.330,176.500,169.310,2817743.000,2026-02-25T05:46:03.626Z
mm1m2nzehrw9rhuat,688052,纳芯微,2026-01-14,1,172.520,171.870,174.480,168.880,3014678.000,2026-02-25T05:46:03.626Z
mm1m2nzem5g5cff2x,688052,纳芯微,2026-01-15,1,169.500,171.730,171.800,166.330,2703240.000,2026-02-25T05:46:03.626Z
mm1m2nzed2wgvo9wz,688052,纳芯微,2026-01-16,1,172.500,174.980,177.650,168.580,3848005.000,2026-02-25T05:46:03.626Z
mm1m2nze1ej8mi0zv,688052,纳芯微,2026-01-19,1,174.000,172.500,174.830,169.700,2652247.000,2026-02-25T05:46:03.626Z
mm1m2nzey16utqnzx,688052,纳芯微,2026-01-20,1,171.810,174.450,178.680,171.430,2889426.000,2026-02-25T05:46:03.626Z
mm1m2nzep59n429cx,688052,纳芯微,2026-01-21,1,171.000,185.220,185.790,171.000,5195615.000,2026-02-25T05:46:03.626Z
mm1m2nze25l5vhcpa,688052,纳芯微,2026-01-22,1,188.800,185.820,191.400,184.010,4293816.000,2026-02-25T05:46:03.626Z
mm1m2nze4sgt831k5,688052,纳芯微,2026-01-23,1,185.070,190.370,190.990,183.060,3095040.000,2026-02-25T05:46:03.626Z
mm1m2nzec40sn4e7d,688052,纳芯微,2026-01-26,1,189.000,179.300,193.860,178.500,3504365.000,2026-02-25T05:46:03.626Z
mm1m2nzek4ib8bj6p,688052,纳芯微,2026-01-27,1,179.000,186.960,189.500,174.500,4080923.000,2026-02-25T05:46:03.626Z
mm1m2nzec5r3sczrd,688052,纳芯微,2026-01-28,1,194.200,196.060,204.600,193.640,7179788.000,2026-02-25T05:46:03.626Z
mm1m2nzen818yapnk,688052,纳芯微,2026-01-29,1,194.440,186.970,201.000,185.280,4182795.000,2026-02-25T05:46:03.626Z
mm1m2nzemu59m90kg,688052,纳芯微,2026-01-30,1,183.050,185.900,188.570,176.070,4649795.000,2026-02-25T05:46:03.626Z
mm1m2nzeudkoa6sak,688052,纳芯微,2026-02-02,1,183.000,170.980,183.900,170.050,4769732.000,2026-02-25T05:46:03.626Z
mm1m2nze7ywemeix7,688052,纳芯微,2026-02-03,1,174.660,176.330,178.990,172.510,3495211.000,2026-02-25T05:46:03.626Z
mm1m2ohxjg146xtcy,688484,南芯科技,2026-01-06,1,41.940,42.040,42.230,41.300,5916483.000,2026-02-25T05:46:04.293Z
mm1m2ohxug8agbusj,688484,南芯科技,2026-01-07,1,42.300,42.900,43.430,42.130,7330963.000,2026-02-25T05:46:04.293Z
mm1m2ohxpmnlg7h4e,688484,南芯科技,2026-01-08,1,42.710,42.920,43.680,42.000,6069567.000,2026-02-25T05:46:04.293Z
mm1m2ohx5i6lqxkxk,688484,南芯科技,2026-01-09,1,43.400,42.750,43.400,42.250,7945021.000,2026-02-25T05:46:04.293Z
mm1m2ohx5nmxluhn6,688484,南芯科技,2026-01-12,1,42.880,42.550,42.880,41.500,12023664.000,2026-02-25T05:46:04.293Z
mm1m2ohxhaz03unoo,688484,南芯科技,2026-01-13,1,42.700,41.680,43.000,41.530,7784605.000,2026-02-25T05:46:04.293Z
mm1m2ohxrsfuw1fh8,688484,南芯科技,2026-01-14,1,41.680,41.970,43.000,41.650,8985509.000,2026-02-25T05:46:04.293Z
mm1m2ohxfkoqj9fu9,688484,南芯科技,2026-01-15,1,41.680,42.060,42.370,41.450,5122206.000,2026-02-25T05:46:04.293Z
mm1m2ohxckopozbu8,688484,南芯科技,2026-01-16,1,42.340,43.820,44.060,42.140,11492430.000,2026-02-25T05:46:04.293Z
mm1m2ohxig2ffds5f,688484,南芯科技,2026-01-19,1,43.820,42.060,43.850,41.610,11477023.000,2026-02-25T05:46:04.293Z
mm1m2ohx6vz8nswqj,688484,南芯科技,2026-01-20,1,42.000,42.510,43.100,41.900,8195911.000,2026-02-25T05:46:04.293Z
mm1m2ohxflvs3ca98,688484,南芯科技,2026-01-21,1,42.080,43.570,44.170,42.080,9887768.000,2026-02-25T05:46:04.293Z
mm1m2ohxzi6e9x46d,688484,南芯科技,2026-01-22,1,44.500,43.030,45.000,42.880,11747317.000,2026-02-25T05:46:04.293Z
mm1m2ohx9k2faogqv,688484,南芯科技,2026-01-23,1,43.200,43.770,44.120,42.970,8265414.000,2026-02-25T05:46:04.293Z
mm1m2ohx1ueq7m89j,688484,南芯科技,2026-01-26,1,43.650,42.950,44.750,42.430,9692212.000,2026-02-25T05:46:04.293Z
mm1m2ohx0xvf63ieh,688484,南芯科技,2026-01-27,1,42.650,44.440,45.090,41.180,13973287.000,2026-02-25T05:46:04.293Z
mm1m2ohxrauo0pu38,688484,南芯科技,2026-01-28,1,45.380,46.610,48.210,45.380,15805794.000,2026-02-25T05:46:04.293Z
mm1m2ohx1828yt12h,688484,南芯科技,2026-01-29,1,46.700,44.780,47.430,44.550,10016067.000,2026-02-25T05:46:04.293Z
mm1m2ohxqgh5jyvv3,688484,南芯科技,2026-01-30,1,44.100,44.000,45.280,42.860,11631589.000,2026-02-25T05:46:04.293Z
mm1m2ohx47geip69p,688484,南芯科技,2026-02-02,1,43.310,41.140,43.580,41.080,12014520.000,2026-02-25T05:46:04.293Z
mm1m2ohxpa4us85et,688484,南芯科技,2026-02-03,1,41.690,42.420,42.650,41.180,7278555.000,2026-02-25T05:46:04.293Z
mm1m2p0hb73xs4edv,688213,思特威,2026-01-06,1,98.800,98.560,100.800,98.030,9382771.000,2026-02-25T05:46:04.961Z
mm1m2p0hurlzsel11,688213,思特威,2026-01-07,1,98.580,97.210,98.980,97.180,8166040.000,2026-02-25T05:46:04.961Z
mm1m2p0hkj9f0727q,688213,思特威,2026-01-08,1,96.140,96.850,99.190,96.110,8366467.000,2026-02-25T05:46:04.961Z
mm1m2p0hlb6r6zxwo,688213,思特威,2026-01-09,1,96.200,97.000,97.190,95.100,8159942.000,2026-02-25T05:46:04.961Z
mm1m2p0huei0mvuk1,688213,思特威,2026-01-12,1,97.340,98.810,99.800,94.770,13408121.000,2026-02-25T05:46:04.961Z
mm1m2p0hhc7pvfsja,688213,思特威,2026-01-13,1,98.500,96.850,99.820,96.000,9172296.000,2026-02-25T05:46:04.961Z
mm1m2p0h8jyrvxzct,688213,思特威,2026-01-14,1,96.850,95.580,98.680,94.650,11837466.000,2026-02-25T05:46:04.961Z
mm1m2p0hs8bcw0f99,688213,思特威,2026-01-15,1,94.940,94.690,96.090,91.800,12406565.000,2026-02-25T05:46:04.961Z
mm1m2p0ho5c90ibbz,688213,思特威,2026-01-16,1,95.070,99.000,99.250,95.070,15052029.000,2026-02-25T05:46:04.961Z
mm1m2p0hdump9h982,688213,思特威,2026-01-19,1,99.800,96.960,99.800,95.800,12828699.000,2026-02-25T05:46:04.961Z
mm1m2p0h8h7a44kgy,688213,思特威,2026-01-20,1,96.900,100.080,101.840,96.750,15308837.000,2026-02-25T05:46:04.961Z
mm1m2p0hoduck3drr,688213,思特威,2026-01-21,1,99.300,103.100,104.750,99.000,16362065.000,2026-02-25T05:46:04.961Z
mm1m2p0hep2gy6tm4,688213,思特威,2026-01-22,1,105.160,101.890,105.500,101.010,10526707.000,2026-02-25T05:46:04.961Z
mm1m2p0hnz6l9k1ne,688213,思特威,2026-01-23,1,101.560,102.910,103.590,101.200,9686642.000,2026-02-25T05:46:04.961Z
mm1m2p0hfcxsl2m1v,688213,思特威,2026-01-26,1,106.060,100.470,106.350,99.110,15703061.000,2026-02-25T05:46:04.961Z
mm1m2p0he8h3fc4n6,688213,思特威,2026-01-27,1,100.560,101.910,104.500,100.300,11806165.000,2026-02-25T05:46:04.961Z
mm1m2p0h6mjrbo5x2,688213,思特威,2026-01-28,1,102.880,102.300,104.990,101.050,12424571.000,2026-02-25T05:46:04.961Z
mm1m2p0htfebo8pz3,688213,思特威,2026-01-29,1,102.000,96.900,102.600,96.600,13561775.000,2026-02-25T05:46:04.961Z
mm1m2p0hbbbyjmh6d,688213,思特威,2026-01-30,1,97.000,96.550,97.690,93.500,9025176.000,2026-02-25T05:46:04.961Z
mm1m2p0hq52amgpvz,688213,思特威,2026-02-02,1,95.040,93.000,96.500,92.530,8229021.000,2026-02-25T05:46:04.961Z
mm1m2p0h6qzic29q2,688213,思特威,2026-02-03,1,94.400,94.460,94.810,92.600,6748033.000,2026-02-25T05:46:04.961Z
mm1m2pisc6awwfk1g,002475,立讯精密,2026-01-06,1,58.720,59.060,59.340,57.660,1415400.000,2026-02-25T05:46:05.620Z
mm1m2pispsku14u6q,002475,立讯精密,2026-01-07,1,58.840,57.390,58.940,56.640,1873574.000,2026-02-25T05:46:05.620Z
mm1m2pise39r737zn,002475,立讯精密,2026-01-08,1,56.860,55.000,56.900,54.610,2401117.000,2026-02-25T05:46:05.620Z
mm1m2pishorepi9yg,002475,立讯精密,2026-01-09,1,54.690,55.490,56.140,53.840,1540790.000,2026-02-25T05:46:05.620Z
mm1m2piss7ts0yzmj,002475,立讯精密,2026-01-12,1,55.040,55.270,55.440,53.840,1883905.000,2026-02-25T05:46:05.620Z
mm1m2pisr0g8ju722,002475,立讯精密,2026-01-13,1,55.490,54.420,56.390,54.180,1334982.000,2026-02-25T05:46:05.620Z
mm1m2pisbs88ku3ws,002475,立讯精密,2026-01-14,1,54.040,53.420,54.640,53.300,1699139.000,2026-02-25T05:46:05.620Z
mm1m2pisqfgdllpi6,002475,立讯精密,2026-01-15,1,53.180,57.210,57.410,53.070,2628471.000,2026-02-25T05:46:05.620Z
mm1m2pis6id3xjkv2,002475,立讯精密,2026-01-16,1,58.120,57.920,59.750,57.750,2599903.000,2026-02-25T05:46:05.620Z
mm1m2pisuvjn1e8pp,002475,立讯精密,2026-01-19,1,57.940,57.700,60.320,57.640,1957200.000,2026-02-25T05:46:05.620Z
mm1m2pisfnpfwn8z1,002475,立讯精密,2026-01-20,1,57.740,57.300,58.170,55.150,1772260.000,2026-02-25T05:46:05.620Z
mm1m2pisbmgk1yxfu,002475,立讯精密,2026-01-21,1,56.490,56.900,58.140,56.440,1117199.000,2026-02-25T05:46:05.620Z
mm1m2piss925nn9nj,002475,立讯精密,2026-01-22,1,57.270,56.250,58.190,55.940,1498042.000,2026-02-25T05:46:05.620Z
mm1m2pistlzv958ul,002475,立讯精密,2026-01-23,1,56.470,55.340,56.470,54.840,1449254.000,2026-02-25T05:46:05.620Z
mm1m2pisqeshq3vev,002475,立讯精密,2026-01-26,1,55.220,53.930,55.240,53.850,1271112.000,2026-02-25T05:46:05.620Z
mm1m2piskgorfjsls,002475,立讯精密,2026-01-27,1,54.160,53.560,54.630,52.700,1227843.000,2026-02-25T05:46:05.620Z
mm1m2pisa4fcz86vo,002475,立讯精密,2026-01-28,1,53.540,53.120,54.790,52.660,1511949.000,2026-02-25T05:46:05.620Z
mm1m2pisgt2kkrc6f,002475,立讯精密,2026-01-29,1,52.840,51.730,52.970,51.570,1472606.000,2026-02-25T05:46:05.620Z
mm1m2pisu5bjmgie8,002475,立讯精密,2026-01-30,1,51.450,51.530,52.340,50.860,1085588.000,2026-02-25T05:46:05.620Z
mm1m2pis3x6e3wp3o,002475,立讯精密,2026-02-02,1,51.830,52.060,53.440,51.830,1384862.000,2026-02-25T05:46:05.620Z
mm1m2pisacy593g7p,002475,立讯精密,2026-02-03,1,52.670,52.300,53.230,51.090,1046638.000,2026-02-25T05:46:05.620Z
mm1m2q11qdhd2tg4d,002292,奥飞娱乐,2026-01-06,1,9.200,9.420,9.490,9.180,746635.000,2026-02-25T05:46:06.277Z
mm1m2q112jqvfyjgx,002292,奥飞娱乐,2026-01-07,1,9.420,9.420,9.560,9.340,558826.000,2026-02-25T05:46:06.277Z
mm1m2q11ob7bppeam,002292,奥飞娱乐,2026-01-08,1,9.390,9.490,9.550,9.350,387269.000,2026-02-25T05:46:06.277Z
mm1m2q11ibwruutwb,002292,奥飞娱乐,2026-01-09,1,9.430,9.990,10.000,9.430,824104.000,2026-02-25T05:46:06.277Z
mm1m2q11yzanbczvf,002292,奥飞娱乐,2026-01-12,1,10.080,10.850,10.870,10.020,1409337.000,2026-02-25T05:46:06.277Z
mm1m2q11gs99o5ms1,002292,奥飞娱乐,2026-01-13,1,10.660,10.300,10.670,10.200,1121356.000,2026-02-25T05:46:06.277Z
mm1m2q11d5cqa1ar2,002292,奥飞娱乐,2026-01-14,1,10.250,10.320,10.720,10.100,1067129.000,2026-02-25T05:46:06.277Z
mm1m2q11tiprzy1co,002292,奥飞娱乐,2026-01-15,1,10.140,10.060,10.380,9.930,770779.000,2026-02-25T05:46:06.277Z
mm1m2q11ozwgnrhuh,002292,奥飞娱乐,2026-01-16,1,10.000,9.520,10.070,9.340,770682.000,2026-02-25T05:46:06.277Z
mm1m2q11st7l9763x,002292,奥飞娱乐,2026-01-19,1,9.420,9.330,9.530,9.270,546385.000,2026-02-25T05:46:06.277Z
mm1m2q11xe2et3euk,002292,奥飞娱乐,2026-01-20,1,9.360,9.080,9.460,9.010,658184.000,2026-02-25T05:46:06.277Z
mm1m2q115bg18sw3j,002292,奥飞娱乐,2026-01-21,1,9.020,9.040,9.160,8.960,507463.000,2026-02-25T05:46:06.277Z
mm1m2q11iceuloe8q,002292,奥飞娱乐,2026-01-22,1,9.040,9.190,9.220,9.010,622883.000,2026-02-25T05:46:06.277Z
mm1m2q11xadwz2pi9,002292,奥飞娱乐,2026-01-23,1,9.220,9.380,9.460,9.150,629453.000,2026-02-25T05:46:06.277Z
mm1m2q11u3g0g2hyl,002292,奥飞娱乐,2026-01-26,1,9.380,9.180,9.480,9.030,608299.000,2026-02-25T05:46:06.277Z
mm1m2q11vsg11cf6l,002292,奥飞娱乐,2026-01-27,1,9.180,9.090,9.300,8.920,481660.000,2026-02-25T05:46:06.277Z
mm1m2q11x8a37es73,002292,奥飞娱乐,2026-01-28,1,9.080,8.980,9.160,8.960,399072.000,2026-02-25T05:46:06.277Z
mm1m2q1161hz5j38e,002292,奥飞娱乐,2026-01-29,1,9.060,9.370,9.570,8.930,1145521.000,2026-02-25T05:46:06.277Z
mm1m2q11iwci4t8ao,002292,奥飞娱乐,2026-01-30,1,9.330,9.370,9.460,9.160,750043.000,2026-02-25T05:46:06.277Z
mm1m2q11zaji1yipo,002292,奥飞娱乐,2026-02-02,1,9.310,9.260,9.550,9.240,694492.000,2026-02-25T05:46:06.277Z
mm1m2q11i9urswoq0,002292,奥飞娱乐,2026-02-03,1,9.370,9.620,9.680,9.300,850509.000,2026-02-25T05:46:06.277Z
mm1m2qlfnaa1wbwpq,688368,晶丰明源,2026-01-06,1,121.790,124.200,127.800,121.790,2748437.000,2026-02-25T05:46:07.011Z
mm1m2qlfeadriqvka,688368,晶丰明源,2026-01-07,1,124.300,126.100,132.990,124.300,3554543.000,2026-02-25T05:46:07.011Z
mm1m2qlfsh7psjy8y,688368,晶丰明源,2026-01-08,1,125.990,124.150,130.570,123.240,2291320.000,2026-02-25T05:46:07.011Z
mm1m2qlfulsyty5dg,688368,晶丰明源,2026-01-09,1,122.770,123.070,124.500,122.000,1713313.000,2026-02-25T05:46:07.011Z
mm1m2qlf60cywktpk,688368,晶丰明源,2026-01-12,1,124.430,125.760,128.310,121.560,2678045.000,2026-02-25T05:46:07.011Z
mm1m2qlf67d19ojco,688368,晶丰明源,2026-01-13,1,124.300,121.400,125.790,121.140,1745789.000,2026-02-25T05:46:07.011Z
mm1m2qlfbvfk95z11,688368,晶丰明源,2026-01-14,1,122.300,137.400,139.800,121.000,4716266.000,2026-02-25T05:46:07.011Z
mm1m2qlfux8bdafa5,688368,晶丰明源,2026-01-15,1,137.400,132.300,137.400,128.350,2730650.000,2026-02-25T05:46:07.011Z
mm1m2qlfiv3ngwdmt,688368,晶丰明源,2026-01-16,1,133.000,142.770,145.300,132.000,4360477.000,2026-02-25T05:46:07.011Z
mm1m2qlfrqmnfz6fe,688368,晶丰明源,2026-01-19,1,140.710,140.020,142.270,133.840,2679505.000,2026-02-25T05:46:07.011Z
mm1m2qlf2m1qqjhmo,688368,晶丰明源,2026-01-20,1,138.340,132.720,143.010,131.000,2402316.000,2026-02-25T05:46:07.011Z
mm1m2qlf2k3m58s9a,688368,晶丰明源,2026-01-21,1,131.320,137.540,138.280,130.580,1916944.000,2026-02-25T05:46:07.011Z
mm1m2qlfqgchd01q1,688368,晶丰明源,2026-01-22,1,139.000,144.130,149.000,132.670,3343107.000,2026-02-25T05:46:07.011Z
mm1m2qlfku4hx9tr4,688368,晶丰明源,2026-01-23,1,140.500,140.400,143.010,138.330,1729427.000,2026-02-25T05:46:07.011Z
mm1m2qlfaggt63gh8,688368,晶丰明源,2026-01-26,1,139.000,140.000,146.440,138.300,1983469.000,2026-02-25T05:46:07.011Z
mm1m2qlfgz2or734z,688368,晶丰明源,2026-01-27,1,142.980,156.270,163.000,141.510,4142628.000,2026-02-25T05:46:07.011Z
mm1m2qlfcsp4wccnl,688368,晶丰明源,2026-01-28,1,159.400,167.970,183.870,159.400,4953965.000,2026-02-25T05:46:07.011Z
mm1m2qlfif0yovl6m,688368,晶丰明源,2026-01-29,1,169.040,170.590,181.000,169.040,4274432.000,2026-02-25T05:46:07.011Z
mm1m2qlfc4n5rl1up,688368,晶丰明源,2026-01-30,1,171.000,166.500,174.000,162.200,2914619.000,2026-02-25T05:46:07.011Z
mm1m2qlf7wzfcrdcq,688368,晶丰明源,2026-02-02,1,165.000,148.900,165.800,148.550,3848108.000,2026-02-25T05:46:07.011Z
mm1m2qlfcxo6izwxl,688368,晶丰明源,2026-02-03,1,153.870,152.800,157.880,149.020,2471686.000,2026-02-25T05:46:07.011Z
mm1m2r3sab0d5jdct,300666,江丰电子,2025-12-26,1,96.500,94.660,96.800,94.000,96304.000,2026-02-25T05:46:07.672Z
mm1m2r3sdt5oimaf2,300666,江丰电子,2025-12-29,1,94.260,93.520,95.260,93.140,75599.000,2026-02-25T05:46:07.672Z
mm1m2r3sb2rskqczc,300666,江丰电子,2025-12-30,1,93.350,93.010,94.800,92.900,71429.000,2026-02-25T05:46:07.672Z
mm1m2r3s09fomlgw3,300666,江丰电子,2025-12-31,1,94.000,92.000,94.500,92.000,68121.000,2026-02-25T05:46:07.672Z
mm1m2r3stz3n9ugpg,300666,江丰电子,2026-01-05,1,92.920,100.300,103.000,92.880,176337.000,2026-02-25T05:46:07.672Z
mm1m2r3strz7qvnu4,300666,江丰电子,2026-01-06,1,98.890,107.050,111.000,98.810,309278.000,2026-02-25T05:46:07.672Z
mm1m2r3svrmlnjq96,300666,江丰电子,2026-01-07,1,109.200,110.800,111.770,106.160,244736.000,2026-02-25T05:46:07.672Z
mm1m2r3s4iwf4pikk,300666,江丰电子,2026-01-08,1,110.000,112.280,117.500,109.280,190842.000,2026-02-25T05:46:07.672Z
mm1m2r3soll96gmau,300666,江丰电子,2026-01-09,1,110.280,113.510,114.260,109.610,153764.000,2026-02-25T05:46:07.672Z
mm1m2r3sysk16xd7b,300666,江丰电子,2026-01-12,1,112.400,115.230,116.600,110.210,151544.000,2026-02-25T05:46:07.672Z
mm1m2r3sd2uggahoc,300666,江丰电子,2026-01-13,1,114.060,115.080,118.660,113.620,140193.000,2026-02-25T05:46:07.672Z
mm1m2r3snav9lyzdh,300666,江丰电子,2026-01-14,1,115.440,120.330,122.000,114.350,206315.000,2026-02-25T05:46:07.672Z
mm1m2r3sqwlu3g9a0,300666,江丰电子,2026-01-15,1,119.130,128.620,128.670,118.330,193763.000,2026-02-25T05:46:07.672Z
mm1m2r3sjx6rg9upp,300666,江丰电子,2026-01-16,1,127.340,129.110,131.360,124.970,201172.000,2026-02-25T05:46:07.672Z
mm1m2r3s2hvcsloai,300666,江丰电子,2026-01-19,1,130.890,126.810,131.990,126.260,138585.000,2026-02-25T05:46:07.672Z
mm1m2r3sawwxwd907,300666,江丰电子,2026-01-20,1,126.370,127.650,129.500,124.280,130954.000,2026-02-25T05:46:07.672Z
mm1m2r3sp0a5yc8al,300666,江丰电子,2026-01-21,1,126.000,123.790,129.400,122.700,171311.000,2026-02-25T05:46:07.672Z
mm1m2r3sjmvzz19zl,300666,江丰电子,2026-01-22,1,125.900,123.680,126.970,122.080,105242.000,2026-02-25T05:46:07.672Z
mm1m2r3sr06mnxoow,300666,江丰电子,2026-01-23,1,123.590,122.030,123.590,117.000,157162.000,2026-02-25T05:46:07.672Z
mm1m2r3sirqopmi8n,300666,江丰电子,2026-01-26,1,121.500,118.000,121.500,117.100,100532.000,2026-02-25T05:46:07.672Z
mm1m2r3s9d3icn35y,300666,江丰电子,2026-01-27,1,118.160,119.400,120.330,116.400,118097.000,2026-02-25T05:46:07.672Z
mm1m2rmbw0m2t81kg,688361,中科飞测,2026-01-06,1,165.000,174.770,185.660,163.800,10282863.000,2026-02-25T05:46:08.339Z
mm1m2rmbd7x4aaog9,688361,中科飞测,2026-01-07,1,179.000,179.000,184.880,173.000,8996798.000,2026-02-25T05:46:08.339Z
mm1m2rmbv4ptuytn9,688361,中科飞测,2026-01-08,1,179.500,180.210,185.330,174.630,8242792.000,2026-02-25T05:46:08.339Z
mm1m2rmbgqiwiol6f,688361,中科飞测,2026-01-09,1,180.200,186.010,188.880,176.300,7259211.000,2026-02-25T05:46:08.339Z
mm1m2rmbxxac9f1bs,688361,中科飞测,2026-01-12,1,186.930,181.970,196.300,179.560,8561088.000,2026-02-25T05:46:08.339Z
mm1m2rmbm9iumn3cc,688361,中科飞测,2026-01-13,1,180.000,179.650,190.900,178.280,6290549.000,2026-02-25T05:46:08.339Z
mm1m2rmbohh082ri2,688361,中科飞测,2026-01-14,1,180.000,180.380,186.990,174.670,8335021.000,2026-02-25T05:46:08.339Z
mm1m2rmb8dhmwlk4x,688361,中科飞测,2026-01-15,1,177.600,196.980,197.510,176.660,7930819.000,2026-02-25T05:46:08.339Z
mm1m2rmbk5jbcwbko,688361,中科飞测,2026-01-16,1,198.950,212.000,220.880,193.000,10358944.000,2026-02-25T05:46:08.339Z
mm1m2rmbt3cb0w5b4,688361,中科飞测,2026-01-19,1,212.000,212.000,217.870,209.180,5922565.000,2026-02-25T05:46:08.339Z
mm1m2rmbzjoswltd2,688361,中科飞测,2026-01-20,1,214.500,212.180,216.660,204.500,4926703.000,2026-02-25T05:46:08.339Z
mm1m2rmb5pchs61xu,688361,中科飞测,2026-01-21,1,211.800,203.260,215.900,199.000,8097189.000,2026-02-25T05:46:08.339Z
mm1m2rmb8hb323u9o,688361,中科飞测,2026-01-22,1,206.000,197.500,207.290,189.360,9953101.000,2026-02-25T05:46:08.339Z
mm1m2rmbw9pahd84r,688361,中科飞测,2026-01-23,1,195.510,194.550,195.880,187.550,9412558.000,2026-02-25T05:46:08.339Z
mm1m2rmbdkwjsg03h,688361,中科飞测,2026-01-26,1,195.000,191.380,196.000,188.140,6764826.000,2026-02-25T05:46:08.339Z
mm1m2rmbfioam536a,688361,中科飞测,2026-01-27,1,192.000,196.300,198.680,189.000,7146337.000,2026-02-25T05:46:08.339Z
mm1m2rmbkakim9rn0,688361,中科飞测,2026-01-28,1,196.300,198.660,201.710,194.800,6890855.000,2026-02-25T05:46:08.339Z
mm1m2rmb121wf1ho2,688361,中科飞测,2026-01-29,1,196.000,187.320,201.320,186.270,6928485.000,2026-02-25T05:46:08.339Z
mm1m2rmbv6584nwve,688361,中科飞测,2026-01-30,1,186.000,185.050,192.880,180.970,6392949.000,2026-02-25T05:46:08.339Z
mm1m2rmbj4y4bh4hf,688361,中科飞测,2026-02-02,1,180.080,178.000,187.800,176.780,6494448.000,2026-02-25T05:46:08.339Z
mm1m2rmbdp4i989st,688361,中科飞测,2026-02-03,1,182.000,187.270,188.400,181.110,5478580.000,2026-02-25T05:46:08.339Z
mm1m2s4knzb68fm0n,002371,北方华创,2026-01-06,1,474.510,485.970,508.990,473.500,155474.000,2026-02-25T05:46:08.996Z
mm1m2s4kaxbxh2to2,002371,北方华创,2026-01-07,1,493.000,515.420,523.970,493.000,176758.000,2026-02-25T05:46:08.996Z
mm1m2s4kbg7qosstn,002371,北方华创,2026-01-08,1,515.420,506.670,522.000,504.530,97129.000,2026-02-25T05:46:08.996Z
mm1m2s4ksmmv9yzaf,002371,北方华创,2026-01-09,1,503.000,497.500,511.080,491.000,108323.000,2026-02-25T05:46:08.996Z
mm1m2s4kiasz0gyzl,002371,北方华创,2026-01-12,1,498.030,501.850,511.700,498.030,111784.000,2026-02-25T05:46:08.996Z
mm1m2s4kcxwwnn9iv,002371,北方华创,2026-01-13,1,500.000,490.200,512.530,489.100,93964.000,2026-02-25T05:46:08.996Z
mm1m2s4kyf3yh4ibs,002371,北方华创,2026-01-14,1,491.000,493.300,504.280,487.000,98306.000,2026-02-25T05:46:08.996Z
mm1m2s4khtewc952n,002371,北方华创,2026-01-15,1,490.020,506.730,508.980,482.500,124937.000,2026-02-25T05:46:08.996Z
mm1m2s4kgjmvggbgh,002371,北方华创,2026-01-16,1,513.000,523.880,534.000,511.310,143116.000,2026-02-25T05:46:08.996Z
mm1m2s4kyfbfap3p1,002371,北方华创,2026-01-19,1,529.900,523.870,533.000,521.000,81842.000,2026-02-25T05:46:08.996Z
mm1m2s4k18yvq999o,002371,北方华创,2026-01-20,1,521.000,514.200,531.220,511.050,71653.000,2026-02-25T05:46:08.996Z
mm1m2s4knt14m3fmc,002371,北方华创,2026-01-21,1,512.990,509.690,528.800,507.680,111712.000,2026-02-25T05:46:08.996Z
mm1m2s4k6g78boc8y,002371,北方华创,2026-01-22,1,515.500,500.560,517.090,498.000,94280.000,2026-02-25T05:46:08.996Z
mm1m2s4kii4b3alqd,002371,北方华创,2026-01-23,1,502.000,510.370,510.880,495.000,92673.000,2026-02-25T05:46:08.996Z
mm1m2s4k8lhvwyhpd,002371,北方华创,2026-01-26,1,508.100,496.220,508.100,489.000,90352.000,2026-02-25T05:46:08.996Z
mm1m2s4ksypguf9u2,002371,北方华创,2026-01-27,1,494.040,497.680,507.880,493.110,76917.000,2026-02-25T05:46:08.996Z
mm1m2s4kpme7y2ijd,002371,北方华创,2026-01-28,1,502.390,502.000,507.770,492.000,118823.000,2026-02-25T05:46:08.996Z
mm1m2s4kqkh5gptn8,002371,北方华创,2026-01-29,1,496.980,475.370,499.000,475.000,138080.000,2026-02-25T05:46:08.996Z
mm1m2s4kxwxxhe60h,002371,北方华创,2026-01-30,1,472.420,475.230,479.980,466.030,87924.000,2026-02-25T05:46:08.996Z
mm1m2s4kn8rkpfba3,002371,北方华创,2026-02-02,1,471.660,461.630,473.000,461.010,95494.000,2026-02-25T05:46:08.996Z
mm1m2s4kfyxu8hk5p,002371,北方华创,2026-02-03,1,466.500,472.990,476.190,462.230,96087.000,2026-02-25T05:46:08.996Z
mm1m2smymrkhecya4,603160,汇顶科技,2026-01-06,1,80.060,81.650,81.770,79.940,72505.000,2026-02-25T05:46:09.658Z
mm1m2smyl54aqcnn0,603160,汇顶科技,2026-01-07,1,81.850,81.200,82.150,80.710,62729.000,2026-02-25T05:46:09.658Z
mm1m2smybmgpcy5um,603160,汇顶科技,2026-01-08,1,80.790,81.240,81.680,80.790,49018.000,2026-02-25T05:46:09.658Z
mm1m2smy86sfp9js7,603160,汇顶科技,2026-01-09,1,81.280,81.840,82.160,80.950,58032.000,2026-02-25T05:46:09.658Z
mm1m2smykjfoult12,603160,汇顶科技,2026-01-12,1,81.840,82.900,82.950,81.700,80972.000,2026-02-25T05:46:09.658Z
mm1m2smy4hz8b8tln,603160,汇顶科技,2026-01-13,1,82.950,80.630,83.110,80.330,90708.000,2026-02-25T05:46:09.658Z
mm1m2smycyzvzik73,603160,汇顶科技,2026-01-14,1,80.580,81.020,82.240,79.680,91114.000,2026-02-25T05:46:09.658Z
mm1m2smy7rs11uiug,603160,汇顶科技,2026-01-15,1,80.100,82.100,82.500,80.100,67550.000,2026-02-25T05:46:09.658Z
mm1m2smy7esk1y583,603160,汇顶科技,2026-01-16,1,82.220,83.120,83.880,81.900,91091.000,2026-02-25T05:46:09.658Z
mm1m2smyo1kkrgckm,603160,汇顶科技,2026-01-19,1,83.130,83.120,83.710,82.330,67756.000,2026-02-25T05:46:09.658Z
mm1m2smyy8t0b9obx,603160,汇顶科技,2026-01-20,1,82.850,82.980,84.280,82.240,65113.000,2026-02-25T05:46:09.658Z
mm1m2smym9f47p66y,603160,汇顶科技,2026-01-21,1,82.300,84.070,84.630,82.300,81936.000,2026-02-25T05:46:09.658Z
mm1m2smywt2vbket9,603160,汇顶科技,2026-01-22,1,84.610,83.550,84.880,83.450,55140.000,2026-02-25T05:46:09.658Z
mm1m2smyz8668dpzr,603160,汇顶科技,2026-01-23,1,83.520,84.650,84.660,83.500,66809.000,2026-02-25T05:46:09.658Z
mm1m2smynvzblr51t,603160,汇顶科技,2026-01-26,1,84.600,83.110,85.550,82.530,72100.000,2026-02-25T05:46:09.658Z
mm1m2smyokq7fhf8e,603160,汇顶科技,2026-01-27,1,83.000,84.360,84.960,81.500,91467.000,2026-02-25T05:46:09.658Z
mm1m2smyu2zs7hdzn,603160,汇顶科技,2026-01-28,1,84.400,84.770,86.240,84.260,89390.000,2026-02-25T05:46:09.658Z
mm1m2smyvp1km6z6w,603160,汇顶科技,2026-01-29,1,84.700,82.050,85.290,82.010,85718.000,2026-02-25T05:46:09.658Z
mm1m2smy8y66xpzbc,603160,汇顶科技,2026-01-30,1,81.820,80.800,82.450,79.310,76873.000,2026-02-25T05:46:09.658Z
mm1m2smy80y0c8dot,603160,汇顶科技,2026-02-02,1,80.180,76.680,80.490,76.650,108096.000,2026-02-25T05:46:09.658Z
mm1m2smy8fljfcb8d,603160,汇顶科技,2026-02-03,1,77.370,77.800,78.280,76.700,66408.000,2026-02-25T05:46:09.658Z
mm1m2t57dxc5mj4s4,688012,中微公司,2026-01-06,1,314.000,329.670,335.880,311.780,25382490.000,2026-02-25T05:46:10.315Z
mm1m2t57ughajg7v1,688012,中微公司,2026-01-07,1,339.880,352.340,358.900,336.680,24067287.000,2026-02-25T05:46:10.315Z
mm1m2t5744n7ep891,688012,中微公司,2026-01-08,1,348.310,345.880,356.580,343.600,16554956.000,2026-02-25T05:46:10.315Z
mm1m2t57fy610nay9,688012,中微公司,2026-01-09,1,332.430,336.680,342.000,330.800,20378587.000,2026-02-25T05:46:10.315Z
mm1m2t575knxkr4cl,688012,中微公司,2026-01-12,1,345.000,352.690,369.000,341.660,17891534.000,2026-02-25T05:46:10.315Z
mm1m2t57idswcazq4,688012,中微公司,2026-01-13,1,348.450,346.000,357.380,343.500,12762805.000,2026-02-25T05:46:10.315Z
mm1m2t57gb9jl2qty,688012,中微公司,2026-01-14,1,347.980,352.380,368.970,340.410,17215906.000,2026-02-25T05:46:10.315Z
mm1m2t57ic4rfbate,688012,中微公司,2026-01-15,1,349.420,371.000,374.550,346.500,17752256.000,2026-02-25T05:46:10.315Z
mm1m2t5768lra4alt,688012,中微公司,2026-01-16,1,377.000,377.140,397.300,373.500,26306810.000,2026-02-25T05:46:10.315Z
mm1m2t57odankk63m,688012,中微公司,2026-01-19,1,385.610,379.000,387.990,372.000,15921639.000,2026-02-25T05:46:10.315Z
mm1m2t57s6nn0cqvd,688012,中微公司,2026-01-20,1,376.000,364.320,381.870,360.500,15793393.000,2026-02-25T05:46:10.315Z
mm1m2t57tlb0xjdov,688012,中微公司,2026-01-21,1,364.000,365.000,381.120,361.260,15677590.000,2026-02-25T05:46:10.315Z
mm1m2t57xl98e904g,688012,中微公司,2026-01-22,1,369.300,353.460,370.990,349.800,14780793.000,2026-02-25T05:46:10.315Z
mm1m2t5750m0118o9,688012,中微公司,2026-01-23,1,353.490,367.550,373.880,348.350,16029419.000,2026-02-25T05:46:10.315Z
mm1m2t57do2rf0jcw,688012,中微公司,2026-01-26,1,367.000,353.110,367.000,347.180,14763216.000,2026-02-25T05:46:10.315Z
mm1m2t57j3qtg7rsi,688012,中微公司,2026-01-27,1,353.880,357.080,369.700,352.350,14202601.000,2026-02-25T05:46:10.315Z
mm1m2t576hgm7pwkt,688012,中微公司,2026-01-28,1,366.000,368.590,375.000,355.320,18429320.000,2026-02-25T05:46:10.315Z
mm1m2t57r8fg7ar3g,688012,中微公司,2026-01-29,1,365.100,347.400,365.990,347.100,17407900.000,2026-02-25T05:46:10.315Z
mm1m2t573evk7f2kb,688012,中微公司,2026-01-30,1,345.490,347.950,356.980,339.000,11304456.000,2026-02-25T05:46:10.315Z
mm1m2t57jew0uoho7,688012,中微公司,2026-02-02,1,344.490,332.680,347.000,332.320,13928364.000,2026-02-25T05:46:10.315Z
mm1m2t57gnlb0o8wc,688012,中微公司,2026-02-03,1,340.700,346.360,348.500,337.100,11157473.000,2026-02-25T05:46:10.315Z
mm1m2tnqig3pauqev,301269,华大九天,2026-01-06,1,109.370,111.360,111.580,108.680,62010.000,2026-02-25T05:46:10.982Z
mm1m2tnqyh7ozbzxe,301269,华大九天,2026-01-07,1,111.380,112.000,113.670,110.600,62920.000,2026-02-25T05:46:10.982Z
mm1m2tnqybv0lfwdm,301269,华大九天,2026-01-08,1,112.000,113.020,113.860,111.300,56440.000,2026-02-25T05:46:10.982Z
mm1m2tnquz8cxtqgu,301269,华大九天,2026-01-09,1,112.580,113.700,113.770,112.120,54875.000,2026-02-25T05:46:10.982Z
mm1m2tnqz5fdh2vrl,301269,华大九天,2026-01-12,1,111.770,115.440,115.450,110.220,109636.000,2026-02-25T05:46:10.982Z
mm1m2tnqbwyrpwwmy,301269,华大九天,2026-01-13,1,115.440,113.390,119.000,113.030,105155.000,2026-02-25T05:46:10.982Z
mm1m2tnqvhi7d7nvh,301269,华大九天,2026-01-14,1,113.300,116.970,119.690,113.300,124268.000,2026-02-25T05:46:10.982Z
mm1m2tnqfo3gmd04i,301269,华大九天,2026-01-15,1,116.000,115.770,117.360,114.010,68462.000,2026-02-25T05:46:10.982Z
mm1m2tnqi7m7q2b0o,301269,华大九天,2026-01-16,1,116.360,117.600,119.250,114.300,84208.000,2026-02-25T05:46:10.982Z
mm1m2tnqn0d33pah9,301269,华大九天,2026-01-19,1,117.400,115.060,117.900,114.370,74174.000,2026-02-25T05:46:10.982Z
mm1m2tnqqq0e4cch9,301269,华大九天,2026-01-20,1,115.060,113.500,116.350,112.760,54164.000,2026-02-25T05:46:10.982Z
mm1m2tnqfssbapamv,301269,华大九天,2026-01-21,1,112.580,117.430,120.820,112.580,122566.000,2026-02-25T05:46:10.982Z
mm1m2tnqjvayu09q8,301269,华大九天,2026-01-22,1,119.010,115.610,119.500,114.890,72192.000,2026-02-25T05:46:10.982Z
mm1m2tnqvsyygljun,301269,华大九天,2026-01-23,1,115.950,115.660,116.390,114.500,61372.000,2026-02-25T05:46:10.982Z
mm1m2tnq848j8ltwo,301269,华大九天,2026-01-26,1,115.590,111.450,116.100,110.600,73166.000,2026-02-25T05:46:10.982Z
mm1m2tnqbsdwue2v0,301269,华大九天,2026-01-27,1,110.790,111.180,112.690,109.000,69531.000,2026-02-25T05:46:10.982Z
mm1m2tnqh5pmqn0hx,301269,华大九天,2026-01-28,1,111.580,108.490,112.550,108.100,72258.000,2026-02-25T05:46:10.982Z
mm1m2tnq1tmsd7638,301269,华大九天,2026-01-29,1,107.980,105.110,109.200,105.000,71319.000,2026-02-25T05:46:10.982Z
mm1m2tnqqkesyyvss,301269,华大九天,2026-01-30,1,104.270,103.100,105.500,102.400,56673.000,2026-02-25T05:46:10.982Z
mm1m2tnqexfcqpp1a,301269,华大九天,2026-02-02,1,102.980,98.240,102.980,98.200,70894.000,2026-02-25T05:46:10.982Z
mm1m2tnq16w1o1grg,301269,华大九天,2026-02-03,1,99.500,99.590,99.900,97.660,41235.000,2026-02-25T05:46:10.982Z
mm1m2u5tbs5q9aom0,300567,精测电子,2026-01-06,1,93.840,103.700,105.690,93.840,254896.000,2026-02-25T05:46:11.633Z
mm1m2u5t4phw8pkjy,300567,精测电子,2026-01-07,1,103.250,109.550,110.570,103.250,240466.000,2026-02-25T05:46:11.633Z
mm1m2u5t3up00l523,300567,精测电子,2026-01-08,1,109.110,107.800,110.000,105.010,162771.000,2026-02-25T05:46:11.633Z
mm1m2u5tu3elmneix,300567,精测电子,2026-01-09,1,105.500,107.270,109.270,103.550,147010.000,2026-02-25T05:46:11.633Z
mm1m2u5tqqx1ewye0,300567,精测电子,2026-01-12,1,108.300,109.570,112.300,106.570,141210.000,2026-02-25T05:46:11.633Z
mm1m2u5txnqe4p5uf,300567,精测电子,2026-01-13,1,105.840,106.000,110.400,105.270,114939.000,2026-02-25T05:46:11.633Z
mm1m2u5t2x3tagtrx,300567,精测电子,2026-01-14,1,106.880,110.080,113.680,105.620,154369.000,2026-02-25T05:46:11.633Z
mm1m2u5tg1u8yb7lu,300567,精测电子,2026-01-15,1,109.670,119.000,120.540,107.860,185769.000,2026-02-25T05:46:11.633Z
mm1m2u5t26blro04g,300567,精测电子,2026-01-16,1,122.340,135.900,138.800,121.000,244013.000,2026-02-25T05:46:11.633Z
mm1m2u5t92wdopp06,300567,精测电子,2026-01-19,1,135.280,144.410,147.600,134.000,245954.000,2026-02-25T05:46:11.633Z
mm1m2u5t58wyfcp5d,300567,精测电子,2026-01-20,1,143.030,144.250,148.980,141.890,193763.000,2026-02-25T05:46:11.633Z
mm1m2u5t4nenr9x70,300567,精测电子,2026-01-21,1,144.130,151.720,154.500,143.900,203184.000,2026-02-25T05:46:11.633Z
mm1m2u5twvju7rp3i,300567,精测电子,2026-01-22,1,152.510,146.850,155.080,141.800,183646.000,2026-02-25T05:46:11.633Z
mm1m2u5tgbw6w0ign,300567,精测电子,2026-01-23,1,148.000,145.460,148.000,138.770,180046.000,2026-02-25T05:46:11.633Z
mm1m2u5t1tz0chryt,300567,精测电子,2026-01-26,1,144.000,142.500,146.500,137.000,140407.000,2026-02-25T05:46:11.633Z
mm1m2u5t0dxz2u2jc,300567,精测电子,2026-01-27,1,141.000,148.970,152.310,139.000,183092.000,2026-02-25T05:46:11.633Z
mm1m2u5tbthct70ey,300567,精测电子,2026-01-28,1,148.820,147.200,150.000,141.470,168692.000,2026-02-25T05:46:11.633Z
mm1m2u5tckfz5u3yz,300567,精测电子,2026-01-29,1,146.720,134.000,149.000,133.000,192065.000,2026-02-25T05:46:11.633Z
mm1m2u5te7lnwk2ch,300567,精测电子,2026-01-30,1,134.000,132.460,138.000,130.080,165872.000,2026-02-25T05:46:11.633Z
mm1m2u5th3fe1ivxs,300567,精测电子,2026-02-02,1,132.420,127.320,133.660,127.040,143380.000,2026-02-25T05:46:11.633Z
mm1m2u5t11e3vmpth,300567,精测电子,2026-02-03,1,131.000,128.490,132.800,126.680,121331.000,2026-02-25T05:46:11.633Z
mm1m2uoh2hoq6y6ic,688981,中芯国际,2026-01-06,1,129.000,131.840,134.200,128.770,73069695.000,2026-02-25T05:46:12.305Z
mm1m2uohjsq6039uu,688981,中芯国际,2026-01-07,1,131.840,129.980,132.820,128.850,59804086.000,2026-02-25T05:46:12.305Z
mm1m2uohyvyfqvnfe,688981,中芯国际,2026-01-08,1,128.950,130.150,134.680,128.910,61691881.000,2026-02-25T05:46:12.305Z
mm1m2uohtwswio6t7,688981,中芯国际,2026-01-09,1,129.150,128.880,130.010,127.770,51127488.000,2026-02-25T05:46:12.305Z
mm1m2uohddj3k26xf,688981,中芯国际,2026-01-12,1,128.520,127.660,129.620,126.680,56393564.000,2026-02-25T05:46:12.305Z
mm1m2uoh01ejk7rhk,688981,中芯国际,2026-01-13,1,127.490,123.630,128.150,122.860,65207280.000,2026-02-25T05:46:12.305Z
mm1m2uoh3ktukg5zt,688981,中芯国际,2026-01-14,1,123.510,124.490,127.600,123.500,64968391.000,2026-02-25T05:46:12.305Z
mm1m2uohdhtbzg0aj,688981,中芯国际,2026-01-15,1,123.490,124.440,125.500,122.330,55660423.000,2026-02-25T05:46:12.305Z
mm1m2uohxdn0sz2xc,688981,中芯国际,2026-01-16,1,127.500,126.990,128.820,124.880,75651257.000,2026-02-25T05:46:12.305Z
mm1m2uohm2s7ldtvt,688981,中芯国际,2026-01-19,1,127.050,125.290,128.500,125.120,47753702.000,2026-02-25T05:46:12.305Z
mm1m2uohyozgzdrpi,688981,中芯国际,2026-01-20,1,125.000,122.180,125.500,121.810,50869359.000,2026-02-25T05:46:12.305Z
mm1m2uoh7ix1a6ln5,688981,中芯国际,2026-01-21,1,120.930,127.190,128.890,120.580,97052521.000,2026-02-25T05:46:12.305Z
mm1m2uohu9oc0xlxf,688981,中芯国际,2026-01-22,1,128.980,126.800,130.820,125.570,64809463.000,2026-02-25T05:46:12.305Z
mm1m2uohzg5km5w0l,688981,中芯国际,2026-01-23,1,126.800,124.960,127.370,124.030,49063104.000,2026-02-25T05:46:12.305Z
mm1m2uohgcobcw442,688981,中芯国际,2026-01-26,1,124.010,121.920,125.880,121.900,50256650.000,2026-02-25T05:46:12.305Z
mm1m2uohww2lgurkk,688981,中芯国际,2026-01-27,1,122.000,124.050,125.740,119.220,65526157.000,2026-02-25T05:46:12.305Z
mm1m2uohzksxnvkmj,688981,中芯国际,2026-01-28,1,124.990,128.550,128.990,124.990,99458326.000,2026-02-25T05:46:12.305Z
mm1m2uohtyxmnpo8u,688981,中芯国际,2026-01-29,1,127.600,122.400,127.810,122.160,71564935.000,2026-02-25T05:46:12.305Z
mm1m2uohbbd9r9gmn,688981,中芯国际,2026-01-30,1,121.330,122.970,124.940,120.070,52771906.000,2026-02-25T05:46:12.305Z
mm1m2uohadifbz97o,688981,中芯国际,2026-02-02,1,121.400,117.060,122.590,116.800,59669081.000,2026-02-25T05:46:12.305Z
mm1m2uoh17zbwh6ty,688981,中芯国际,2026-02-03,1,118.690,116.030,118.840,113.460,56176952.000,2026-02-25T05:46:12.305Z
mm1m2v6ud5e8ydmj2,300661,圣邦股份,2026-01-06,1,70.470,72.000,72.000,70.130,207478.000,2026-02-25T05:46:12.966Z
mm1m2v6uc5nma2m75,300661,圣邦股份,2026-01-07,1,73.120,73.890,76.600,73.120,342060.000,2026-02-25T05:46:12.966Z
mm1m2v6utkkzwgkb5,300661,圣邦股份,2026-01-08,1,73.570,72.760,73.890,72.500,164823.000,2026-02-25T05:46:12.966Z
mm1m2v6u7o7cob0yw,300661,圣邦股份,2026-01-09,1,72.110,72.950,73.310,72.050,151376.000,2026-02-25T05:46:12.966Z
mm1m2v6u005fzzpox,300661,圣邦股份,2026-01-12,1,73.200,73.290,73.550,72.000,204878.000,2026-02-25T05:46:12.966Z
mm1m2v6u3ujoyltlg,300661,圣邦股份,2026-01-13,1,73.260,70.520,73.360,70.280,190226.000,2026-02-25T05:46:12.966Z
mm1m2v6uu1yo1e11e,300661,圣邦股份,2026-01-14,1,71.010,71.150,72.420,70.180,182670.000,2026-02-25T05:46:12.966Z
mm1m2v6u2rnzghe4s,300661,圣邦股份,2026-01-15,1,70.560,71.390,71.490,69.770,157856.000,2026-02-25T05:46:12.966Z
mm1m2v6uj193pd4qk,300661,圣邦股份,2026-01-16,1,71.850,73.170,73.900,71.090,247010.000,2026-02-25T05:46:12.966Z
mm1m2v6urdw5rxbox,300661,圣邦股份,2026-01-19,1,73.750,71.800,73.770,71.760,168393.000,2026-02-25T05:46:12.966Z
mm1m2v6u52l2keeha,300661,圣邦股份,2026-01-20,1,71.780,71.930,73.180,71.220,163771.000,2026-02-25T05:46:12.966Z
mm1m2v6uxf3774ddh,300661,圣邦股份,2026-01-21,1,71.010,76.080,76.370,71.010,411860.000,2026-02-25T05:46:12.966Z
mm1m2v6u7urzjj5xl,300661,圣邦股份,2026-01-22,1,77.970,75.570,78.000,74.670,273480.000,2026-02-25T05:46:12.966Z
mm1m2v6ukm0sw42e6,300661,圣邦股份,2026-01-23,1,76.000,76.000,76.670,74.220,225948.000,2026-02-25T05:46:12.966Z
mm1m2v6u2thoho9iw,300661,圣邦股份,2026-01-26,1,75.990,74.600,77.760,73.850,235289.000,2026-02-25T05:46:12.966Z
mm1m2v6ujep5bfat0,300661,圣邦股份,2026-01-27,1,74.430,77.070,78.770,73.010,350774.000,2026-02-25T05:46:12.966Z
mm1m2v6uzme6sf4kl,300661,圣邦股份,2026-01-28,1,80.920,78.330,84.200,78.100,607676.000,2026-02-25T05:46:12.966Z
mm1m2v6uqu5jt8yww,300661,圣邦股份,2026-01-29,1,78.450,75.450,79.330,75.260,327424.000,2026-02-25T05:46:12.966Z
mm1m2v6u8jwus867m,300661,圣邦股份,2026-01-30,1,74.560,76.140,77.750,73.200,259066.000,2026-02-25T05:46:12.966Z
mm1m2v6uw3nfizsan,300661,圣邦股份,2026-02-02,1,75.000,69.980,75.420,69.950,297341.000,2026-02-25T05:46:12.966Z
mm1m2v6usjjezx74w,300661,圣邦股份,2026-02-03,1,71.600,71.800,73.000,70.890,180582.000,2026-02-25T05:46:12.966Z
mm1m2v6u2ma1nnxch,300661,圣邦股份,2026-02-04,1,71.360,69.730,71.500,68.510,183067.000,2026-02-25T05:46:12.966Z
mm1m2v6upytv54sdo,300661,圣邦股份,2026-02-05,1,68.630,70.250,70.890,68.350,139973.000,2026-02-25T05:46:12.966Z
mm1m2v6umtthvsobx,300661,圣邦股份,2026-02-06,1,69.500,68.750,69.800,68.570,111488.000,2026-02-25T05:46:12.966Z
mm1m2v6u9q3w8kf7w,300661,圣邦股份,2026-02-09,1,69.720,69.330,69.920,69.000,102021.000,2026-02-25T05:46:12.966Z
mm1m2v6uw4j1c02fj,300661,圣邦股份,2026-02-10,1,69.230,69.290,70.340,69.040,107571.000,2026-02-25T05:46:12.966Z
mm1m2v6us8kx8xjoj,300661,圣邦股份,2026-02-11,1,69.290,68.910,69.860,68.880,97566.000,2026-02-25T05:46:12.966Z
mm1m2v6upgjzh3af5,300661,圣邦股份,2026-02-12,1,69.120,70.080,70.800,68.920,132498.000,2026-02-25T05:46:12.966Z
mm1m2v6uibz6b1tdo,300661,圣邦股份,2026-02-13,1,69.560,70.410,72.400,69.500,149866.000,2026-02-25T05:46:12.966Z
mm1m2v6ur2vpsz21j,300661,圣邦股份,2026-02-24,1,71.200,69.990,71.220,69.600,110124.000,2026-02-25T05:46:12.966Z
mm1m2v6uy5e7dmlu2,300661,圣邦股份,2026-02-25,1,70.10,70.70,70.86,69.40,91749,2026-02-25T05:46:12.966Z
mm1m2vow0p6hg9agm,000526,学大教育,2026-01-06,1,39.580,39.350,39.980,39.250,23117.000,2026-02-25T05:46:13.616Z
mm1m2vowvndmhthbf,000526,学大教育,2026-01-07,1,39.340,38.740,39.400,38.730,22219.000,2026-02-25T05:46:13.616Z
mm1m2vownoa024ypk,000526,学大教育,2026-01-08,1,38.610,39.150,39.800,38.550,29122.000,2026-02-25T05:46:13.616Z
mm1m2vowvg6u2lbnn,000526,学大教育,2026-01-09,1,39.450,39.850,40.250,39.020,35882.000,2026-02-25T05:46:13.616Z
mm1m2vow9m6n9nlnn,000526,学大教育,2026-01-12,1,40.200,40.990,40.990,39.760,46193.000,2026-02-25T05:46:13.616Z
mm1m2vow3qsm4ue3c,000526,学大教育,2026-01-13,1,41.330,41.790,42.990,40.200,88373.000,2026-02-25T05:46:13.616Z
mm1m2vowb3ugoga2m,000526,学大教育,2026-01-14,1,41.000,42.380,42.900,40.800,67733.000,2026-02-25T05:46:13.616Z
mm1m2vown34roef3i,000526,学大教育,2026-01-15,1,41.970,41.020,42.500,40.880,39525.000,2026-02-25T05:46:13.616Z
mm1m2vowftjmn2scd,000526,学大教育,2026-01-16,1,41.100,40.810,41.300,40.250,27504.000,2026-02-25T05:46:13.616Z
mm1m2vownan95sj7a,000526,学大教育,2026-01-19,1,40.490,40.480,40.780,40.250,21064.000,2026-02-25T05:46:13.616Z
mm1m2vowyq2ca7f1g,000526,学大教育,2026-01-20,1,40.590,40.360,40.720,40.060,15297.000,2026-02-25T05:46:13.616Z
mm1m2vowlzrtx329g,000526,学大教育,2026-01-21,1,40.300,40.640,40.660,39.910,14228.000,2026-02-25T05:46:13.616Z
mm1m2vow9pkwffyu5,000526,学大教育,2026-01-22,1,40.660,40.500,40.800,40.400,12462.000,2026-02-25T05:46:13.616Z
mm1m2vow32dkatrqa,000526,学大教育,2026-01-23,1,40.590,40.520,40.650,40.370,13476.000,2026-02-25T05:46:13.616Z
mm1m2vowovf5fqltt,000526,学大教育,2026-01-26,1,40.530,39.470,40.600,39.410,22046.000,2026-02-25T05:46:13.616Z
mm1m2vowrtfqayjxk,000526,学大教育,2026-01-27,1,39.770,39.090,40.090,38.880,17508.000,2026-02-25T05:46:13.616Z
mm1m2voweeezsrw0f,000526,学大教育,2026-01-28,1,38.920,38.100,39.290,38.030,24502.000,2026-02-25T05:46:13.616Z
mm1m2vowig2m4al9q,000526,学大教育,2026-01-29,1,37.980,38.400,38.860,37.550,18553.000,2026-02-25T05:46:13.616Z
mm1m2vowlb4y8ibuz,000526,学大教育,2026-01-30,1,38.460,38.050,38.790,37.920,15904.000,2026-02-25T05:46:13.616Z
mm1m2vow6actwyd70,000526,学大教育,2026-02-02,1,38.040,37.880,38.380,37.600,11235.000,2026-02-25T05:46:13.616Z
mm1m2vowpsyy42bmo,000526,学大教育,2026-02-03,1,38.130,38.270,38.280,37.850,11834.000,2026-02-25T05:46:13.616Z
mm1m2vowzvwyb2jei,000526,学大教育,2026-02-04,1,38.060,37.850,38.280,37.400,16661.000,2026-02-25T05:46:13.616Z
mm1m2vowzdbjdztw4,000526,学大教育,2026-02-05,1,37.800,38.380,38.470,37.660,17543.000,2026-02-25T05:46:13.616Z
mm1m2vowi99818dxq,000526,学大教育,2026-02-06,1,38.250,38.400,38.660,38.220,11508.000,2026-02-25T05:46:13.616Z
mm1m2vowux5zvg2jn,000526,学大教育,2026-02-09,1,38.680,38.340,38.690,38.150,14339.000,2026-02-25T05:46:13.616Z
mm1m2vowvkivmvnr4,000526,学大教育,2026-02-10,1,38.330,38.660,38.660,38.160,12887.000,2026-02-25T05:46:13.616Z
mm1m2vowl73qzi7h2,000526,学大教育,2026-02-11,1,38.590,38.070,38.590,38.030,14414.000,2026-02-25T05:46:13.616Z
mm1m2vowxbmgg09gu,000526,学大教育,2026-02-12,1,38.140,37.720,38.180,37.610,13363.000,2026-02-25T05:46:13.616Z
mm1m2vowzjxbephrp,000526,学大教育,2026-02-13,1,37.720,37.500,37.920,37.490,9324.000,2026-02-25T05:46:13.616Z
mm1m2vowrgiz4fs9l,000526,学大教育,2026-02-24,1,37.910,37.770,38.030,37.250,9797.000,2026-02-25T05:46:13.616Z
mm1m2vowrvs81yymg,000526,学大教育,2026-02-25,1,37.77,37.50,37.92,37.45,9730,2026-02-25T05:46:13.616Z
mm1m2w7fk4tb075wq,688234,天岳先进,2026-01-06,1,88.990,89.860,92.000,87.500,9619634.000,2026-02-25T05:46:14.283Z
mm1m2w7fs3zq6jwa8,688234,天岳先进,2026-01-07,1,91.010,94.050,95.490,89.400,12315956.000,2026-02-25T05:46:14.283Z
mm1m2w7fy6cl6m4x1,688234,天岳先进,2026-01-08,1,94.050,92.340,94.930,91.240,8356453.000,2026-02-25T05:46:14.283Z
mm1m2w7f5foxgorix,688234,天岳先进,2026-01-09,1,92.300,92.950,94.300,90.890,8958676.000,2026-02-25T05:46:14.283Z
mm1m2w7f47rpswjxq,688234,天岳先进,2026-01-12,1,93.250,96.000,97.600,91.850,11187889.000,2026-02-25T05:46:14.283Z
mm1m2w7fkh33xlhwj,688234,天岳先进,2026-01-13,1,96.000,90.800,96.000,90.500,8395992.000,2026-02-25T05:46:14.283Z
mm1m2w7fy0x8kew42,688234,天岳先进,2026-01-14,1,90.910,91.490,94.760,90.100,10833177.000,2026-02-25T05:46:14.283Z
mm1m2w7fbi6i9b6m8,688234,天岳先进,2026-01-15,1,91.950,92.660,96.480,90.300,9721420.000,2026-02-25T05:46:14.283Z
mm1m2w7fapoejgs5u,688234,天岳先进,2026-01-16,1,96.300,111.190,111.190,96.300,21346892.000,2026-02-25T05:46:14.283Z
mm1m2w7flc5zk3vhn,688234,天岳先进,2026-01-19,1,111.300,109.430,112.500,103.550,24438409.000,2026-02-25T05:46:14.283Z
mm1m2w7f0tbmmw9an,688234,天岳先进,2026-01-20,1,109.000,109.600,114.940,107.680,18060963.000,2026-02-25T05:46:14.283Z
mm1m2w7fnjqksynrf,688234,天岳先进,2026-01-21,1,107.300,114.640,116.360,104.000,17824723.000,2026-02-25T05:46:14.283Z
mm1m2w7frzsce2hnw,688234,天岳先进,2026-01-22,1,113.000,111.580,114.500,107.180,13890079.000,2026-02-25T05:46:14.283Z
mm1m2w7fq6jcay16l,688234,天岳先进,2026-01-23,1,111.000,111.900,113.840,108.500,10622127.000,2026-02-25T05:46:14.283Z
mm1m2w7fxda627qyw,688234,天岳先进,2026-01-26,1,110.800,101.270,111.500,100.720,16668559.000,2026-02-25T05:46:14.283Z
mm1m2w7fub1y4il9b,688234,天岳先进,2026-01-27,1,98.100,96.870,99.330,92.320,16353163.000,2026-02-25T05:46:14.283Z
mm1m2w7fkmf0qs4t5,688234,天岳先进,2026-01-28,1,96.500,95.740,97.880,93.850,9479540.000,2026-02-25T05:46:14.283Z
mm1m2w7f1ftstioih,688234,天岳先进,2026-01-29,1,95.500,89.310,96.810,89.000,13227219.000,2026-02-25T05:46:14.283Z
mm1m2w7fhvsamd4q2,688234,天岳先进,2026-01-30,1,90.500,87.220,90.500,85.600,8378080.000,2026-02-25T05:46:14.283Z
mm1m2w7f9gpq9w74l,688234,天岳先进,2026-02-02,1,86.710,83.940,87.570,83.910,8192710.000,2026-02-25T05:46:14.283Z
mm1m2w7fpkxsvblwh,688234,天岳先进,2026-02-03,1,85.940,89.990,90.770,84.550,11020555.000,2026-02-25T05:46:14.283Z
mm1m2w7famjaierag,688234,天岳先进,2026-02-04,1,89.030,91.080,91.130,87.860,6872644.000,2026-02-25T05:46:14.283Z
mm1m2w7ftw0xhoga4,688234,天岳先进,2026-02-05,1,89.330,93.580,94.970,88.090,10522555.000,2026-02-25T05:46:14.283Z
mm1m2w7fkgtsuq71v,688234,天岳先进,2026-02-06,1,92.100,93.180,97.270,91.000,6769265.000,2026-02-25T05:46:14.283Z
mm1m2w7fftmi2uao0,688234,天岳先进,2026-02-09,1,95.010,96.490,98.990,94.670,7601075.000,2026-02-25T05:46:14.283Z
mm1m2w7frzza0tdtu,688234,天岳先进,2026-02-10,1,96.520,94.290,97.560,94.010,5241090.000,2026-02-25T05:46:14.283Z
mm1m2w7fj7j8onj5o,688234,天岳先进,2026-02-11,1,94.290,92.190,95.000,91.910,3646158.000,2026-02-25T05:46:14.283Z
mm1m2w7f4kid5n0oi,688234,天岳先进,2026-02-12,1,93.000,92.600,93.880,92.010,3891258.000,2026-02-25T05:46:14.283Z
mm1m2w7f8l32wzimt,688234,天岳先进,2026-02-13,1,92.280,91.240,94.400,91.240,3998650.000,2026-02-25T05:46:14.283Z
mm1m2w7ffgx5r9u32,688234,天岳先进,2026-02-24,1,92.590,94.220,96.400,91.500,6117047.000,2026-02-25T05:46:14.283Z
mm1m2w7f75iy3yhyv,688234,天岳先进,2026-02-25,1,94.89,95.89,96.66,94.22,4471286,2026-02-25T05:46:14.283Z
mm1m2xpf873uat1j0,002315,焦点科技,2026-01-06,1,48.000,48.220,48.550,46.990,108348.000,2026-02-25T05:46:16.227Z
mm1m2xpfanjszkn26,002315,焦点科技,2026-01-07,1,48.000,47.450,48.430,47.320,55122.000,2026-02-25T05:46:16.227Z
mm1m2xpf9fuqevrky,002315,焦点科技,2026-01-08,1,47.300,48.680,49.880,47.060,93903.000,2026-02-25T05:46:16.227Z
mm1m2xpf0jz7m03u7,002315,焦点科技,2026-01-09,1,48.410,53.270,53.550,48.410,225131.000,2026-02-25T05:46:16.227Z
mm1m2xpfzb007c3tc,002315,焦点科技,2026-01-12,1,54.900,58.300,58.600,54.700,363503.000,2026-02-25T05:46:16.227Z
mm1m2xpfmpiigc0ly,002315,焦点科技,2026-01-13,1,58.740,57.700,60.770,56.350,288229.000,2026-02-25T05:46:16.227Z
mm1m2xpf82c5o7dkk,002315,焦点科技,2026-01-14,1,56.520,61.220,63.470,56.490,319334.000,2026-02-25T05:46:16.227Z
mm1m2xpfej06ovllj,002315,焦点科技,2026-01-15,1,60.120,57.230,60.300,56.000,261409.000,2026-02-25T05:46:16.227Z
mm1m2xpfl5o6wwq9m,002315,焦点科技,2026-01-16,1,56.610,56.690,58.650,54.850,174078.000,2026-02-25T05:46:16.227Z
mm1m2xpf7k5lkkh8a,002315,焦点科技,2026-01-19,1,56.200,54.060,57.250,53.800,141470.000,2026-02-25T05:46:16.227Z
mm1m2xpfio42vluiw,002315,焦点科技,2026-01-20,1,54.490,53.600,54.780,53.090,90256.000,2026-02-25T05:46:16.227Z
mm1m2xpfh3egpg72z,002315,焦点科技,2026-01-21,1,53.220,52.930,54.200,52.400,100251.000,2026-02-25T05:46:16.227Z
mm1m2xpf7h83w2crw,002315,焦点科技,2026-01-22,1,52.970,53.000,54.680,52.670,90398.000,2026-02-25T05:46:16.227Z
mm1m2xpfkbr6zzjtt,002315,焦点科技,2026-01-23,1,53.230,53.720,54.430,52.900,101265.000,2026-02-25T05:46:16.227Z
mm1m2xpfv2ip2dvuy,002315,焦点科技,2026-01-26,1,54.290,53.460,56.150,52.630,126300.000,2026-02-25T05:46:16.227Z
mm1m2xpfuqzz1swvc,002315,焦点科技,2026-01-27,1,53.410,53.830,54.830,52.500,88626.000,2026-02-25T05:46:16.227Z
mm1m2xpfurtupu9eu,002315,焦点科技,2026-01-28,1,53.500,52.080,54.070,51.920,95618.000,2026-02-25T05:46:16.227Z
mm1m2xpfzya637reu,002315,焦点科技,2026-01-29,1,51.650,52.740,55.450,51.110,141155.000,2026-02-25T05:46:16.227Z
mm1m2xpfwhl1rm5s7,002315,焦点科技,2026-01-30,1,52.300,51.950,52.430,50.710,85956.000,2026-02-25T05:46:16.227Z
mm1m2xpfo72pezsqy,002315,焦点科技,2026-02-02,1,51.590,50.050,52.590,50.000,63809.000,2026-02-25T05:46:16.227Z
mm1m2xpfa0n1d7tzu,002315,焦点科技,2026-02-03,1,50.900,51.560,51.680,50.020,69825.000,2026-02-25T05:46:16.227Z
mm1m2xpfpgntzfyht,002315,焦点科技,2026-02-04,1,51.100,48.320,51.210,47.380,156510.000,2026-02-25T05:46:16.227Z
mm1m2xpfir10surrj,002315,焦点科技,2026-02-05,1,47.750,47.800,48.560,47.620,75012.000,2026-02-25T05:46:16.227Z
mm1m2xpfs1o7nrmsu,002315,焦点科技,2026-02-06,1,47.480,47.220,48.250,46.570,61896.000,2026-02-25T05:46:16.227Z
mm1m2xpf8klvedrqz,002315,焦点科技,2026-02-09,1,48.140,48.600,48.870,47.580,83785.000,2026-02-25T05:46:16.227Z
mm1m2xpfugctlonn1,002315,焦点科技,2026-02-10,1,48.930,49.440,49.980,48.210,103816.000,2026-02-25T05:46:16.227Z
mm1m2xpfkmrm0lc05,002315,焦点科技,2026-02-11,1,49.170,48.670,49.540,48.520,56158.000,2026-02-25T05:46:16.227Z
mm1m2xpf6g597rfj5,002315,焦点科技,2026-02-12,1,48.660,49.210,49.790,48.400,60962.000,2026-02-25T05:46:16.227Z
mm1m2xpfst3g8qryu,002315,焦点科技,2026-02-13,1,48.800,47.740,49.380,47.660,79088.000,2026-02-25T05:46:16.227Z
mm1m2xpfwxifaza8l,002315,焦点科技,2026-02-24,1,48.180,44.840,48.210,44.750,159878.000,2026-02-25T05:46:16.227Z
mm1m2xpfic8rtpx2t,002315,焦点科技,2026-02-25,1,44.92,45.22,45.36,44.80,45254,2026-02-25T05:46:16.227Z
mm1m2y8bibbilstb3,688083,中望软件,2026-01-06,1,69.850,69.850,70.310,69.100,2072325.000,2026-02-25T05:46:16.907Z
mm1m2y8bdr2osoev1,688083,中望软件,2026-01-07,1,69.930,70.020,70.690,69.010,1966009.000,2026-02-25T05:46:16.907Z
mm1m2y8bax92d36uf,688083,中望软件,2026-01-08,1,72.500,71.800,73.770,71.130,4362619.000,2026-02-25T05:46:16.907Z
mm1m2y8bo9862ahni,688083,中望软件,2026-01-09,1,71.730,74.200,74.780,71.300,4629289.000,2026-02-25T05:46:16.907Z
mm1m2y8bzl7vsme9z,688083,中望软件,2026-01-12,1,74.910,82.000,82.530,74.000,7216269.000,2026-02-25T05:46:16.907Z
mm1m2y8b3s1tq7xnp,688083,中望软件,2026-01-13,1,82.130,79.000,82.510,78.150,6070568.000,2026-02-25T05:46:16.907Z
mm1m2y8b8gg6e6rbc,688083,中望软件,2026-01-14,1,81.500,79.380,83.590,77.310,6577313.000,2026-02-25T05:46:16.907Z
mm1m2y8bp7ygaxb09,688083,中望软件,2026-01-15,1,78.040,77.370,78.570,76.030,3948200.000,2026-02-25T05:46:16.907Z
mm1m2y8bsc273uivq,688083,中望软件,2026-01-16,1,77.350,77.420,78.480,76.520,3365364.000,2026-02-25T05:46:16.907Z
mm1m2y8b48j51d9e0,688083,中望软件,2026-01-19,1,77.000,75.520,77.530,75.330,2686405.000,2026-02-25T05:46:16.907Z
mm1m2y8b1o3ct8nou,688083,中望软件,2026-01-20,1,75.780,73.860,76.200,73.000,2648852.000,2026-02-25T05:46:16.907Z
mm1m2y8brtffz9vpk,688083,中望软件,2026-01-21,1,73.090,74.710,76.200,73.090,2160686.000,2026-02-25T05:46:16.907Z
mm1m2y8b2l1mkuf1u,688083,中望软件,2026-01-22,1,75.290,74.390,75.910,74.010,2005491.000,2026-02-25T05:46:16.907Z
mm1m2y8be8e94flvt,688083,中望软件,2026-01-23,1,74.520,75.220,75.880,74.330,2017209.000,2026-02-25T05:46:16.907Z
mm1m2y8bmlmx31f87,688083,中望软件,2026-01-26,1,75.390,72.850,75.590,72.070,4442597.000,2026-02-25T05:46:16.907Z
mm1m2y8byniukxa2r,688083,中望软件,2026-01-27,1,72.780,73.700,73.910,71.050,2437180.000,2026-02-25T05:46:16.907Z
mm1m2y8b7z18upcts,688083,中望软件,2026-01-28,1,73.750,72.430,74.380,71.880,2600519.000,2026-02-25T05:46:16.907Z
mm1m2y8bogcq45bba,688083,中望软件,2026-01-29,1,72.320,71.700,73.980,70.770,3365748.000,2026-02-25T05:46:16.907Z
mm1m2y8b7o2pob3ie,688083,中望软件,2026-01-30,1,71.540,69.180,71.990,69.010,3482860.000,2026-02-25T05:46:16.907Z
mm1m2y8bewb3bquj4,688083,中望软件,2026-02-02,1,68.950,67.770,69.870,67.670,2595369.000,2026-02-25T05:46:16.907Z
mm1m2y8b5mxl4jjzu,688083,中望软件,2026-02-03,1,68.100,68.840,68.960,67.520,1598099.000,2026-02-25T05:46:16.907Z
mm1m2y8bg7d6d1kve,688083,中望软件,2026-02-04,1,68.340,66.790,68.820,66.100,2948121.000,2026-02-25T05:46:16.907Z
mm1m2y8bg7jo7ujml,688083,中望软件,2026-02-05,1,66.200,66.990,67.760,65.860,2706438.000,2026-02-25T05:46:16.907Z
mm1m2y8b5mzm5a9d8,688083,中望软件,2026-02-06,1,66.500,67.010,68.410,65.800,1913647.000,2026-02-25T05:46:16.907Z
mm1m2y8bedc4gc62o,688083,中望软件,2026-02-09,1,67.770,67.950,68.310,67.300,1603919.000,2026-02-25T05:46:16.907Z
mm1m2y8brxvaewtc5,688083,中望软件,2026-02-10,1,68.000,68.210,68.780,67.540,1329388.000,2026-02-25T05:46:16.907Z
mm1m2y8bil03j1gs4,688083,中望软件,2026-02-11,1,68.110,68.970,69.530,67.920,1662505.000,2026-02-25T05:46:16.907Z
mm1m2y8bo3bdd29ns,688083,中望软件,2026-02-12,1,69.090,68.860,69.180,68.100,1423283.000,2026-02-25T05:46:16.907Z
mm1m2y8baadp2pzhd,688083,中望软件,2026-02-13,1,68.300,68.050,69.500,68.050,1256201.000,2026-02-25T05:46:16.907Z
mm1m2y8bqoz4k63q2,688083,中望软件,2026-02-24,1,68.390,66.430,68.450,66.130,2289976.000,2026-02-25T05:46:16.907Z
mm1m2y8bictityazi,688083,中望软件,2026-02-25,1,66.46,66.37,66.98,66.06,1555140,2026-02-25T05:46:16.907Z
mm1m2yqohvf5rn4yn,002236,大华股份,2026-01-06,1,19.250,19.400,19.460,19.210,541072.000,2026-02-25T05:46:17.568Z
mm1m2yqov6cxlkdsr,002236,大华股份,2026-01-07,1,19.410,19.370,19.720,19.250,657600.000,2026-02-25T05:46:17.568Z
mm1m2yqodyurse3vv,002236,大华股份,2026-01-08,1,19.330,19.290,19.440,19.150,513097.000,2026-02-25T05:46:17.568Z
mm1m2yqooc4f9oytn,002236,大华股份,2026-01-09,1,19.180,19.680,19.680,19.170,613693.000,2026-02-25T05:46:17.568Z
mm1m2yqop951ewk3w,002236,大华股份,2026-01-12,1,19.880,20.610,20.670,19.870,1144828.000,2026-02-25T05:46:17.568Z
mm1m2yqox6u9x7mef,002236,大华股份,2026-01-13,1,20.880,20.090,20.960,19.990,997703.000,2026-02-25T05:46:17.568Z
mm1m2yqo3yf5flt57,002236,大华股份,2026-01-14,1,20.100,20.400,20.810,20.090,1072575.000,2026-02-25T05:46:17.568Z
mm1m2yqodkyhfpxwk,002236,大华股份,2026-01-15,1,20.200,20.400,20.590,20.180,560239.000,2026-02-25T05:46:17.568Z
mm1m2yqo4uhrc3a7m,002236,大华股份,2026-01-16,1,20.520,20.480,20.670,20.080,717169.000,2026-02-25T05:46:17.568Z
mm1m2yqo7dk29jts9,002236,大华股份,2026-01-19,1,20.480,20.320,20.690,20.280,489766.000,2026-02-25T05:46:17.568Z
mm1m2yqodagk8gy47,002236,大华股份,2026-01-20,1,20.350,20.100,20.480,19.930,518812.000,2026-02-25T05:46:17.568Z
mm1m2yqolrxnvyn1g,002236,大华股份,2026-01-21,1,20.150,20.950,21.400,20.150,1330848.000,2026-02-25T05:46:17.568Z
mm1m2yqol55euxgu8,002236,大华股份,2026-01-22,1,21.000,20.760,21.160,20.720,634734.000,2026-02-25T05:46:17.568Z
mm1m2yqocwktcsigb,002236,大华股份,2026-01-23,1,20.760,20.950,20.950,20.660,610305.000,2026-02-25T05:46:17.568Z
mm1m2yqo7zlmsarez,002236,大华股份,2026-01-26,1,20.880,20.170,20.880,20.060,978448.000,2026-02-25T05:46:17.568Z
mm1m2yqoddgt0qskb,002236,大华股份,2026-01-27,1,20.100,19.940,20.200,19.570,681170.000,2026-02-25T05:46:17.568Z
mm1m2yqo4wf5qetrd,002236,大华股份,2026-01-28,1,19.900,19.750,20.090,19.700,502323.000,2026-02-25T05:46:17.568Z
mm1m2yqouy3kfpzfi,002236,大华股份,2026-01-29,1,19.650,19.380,19.820,19.260,627098.000,2026-02-25T05:46:17.568Z
mm1m2yqo925s3utqu,002236,大华股份,2026-01-30,1,19.280,18.960,19.340,18.600,604679.000,2026-02-25T05:46:17.568Z
mm1m2yqos5wq4il3x,002236,大华股份,2026-02-02,1,18.850,18.420,18.980,18.410,558852.000,2026-02-25T05:46:17.568Z
mm1m2yqol37cruv49,002236,大华股份,2026-02-03,1,18.630,18.660,18.700,18.320,556554.000,2026-02-25T05:46:17.568Z
mm1m2yqow6yktw368,002236,大华股份,2026-02-04,1,18.580,18.710,18.720,18.460,384818.000,2026-02-25T05:46:17.568Z
mm1m2yqo91arxrf97,002236,大华股份,2026-02-05,1,18.580,18.580,18.790,18.510,356497.000,2026-02-25T05:46:17.568Z
mm1m2yqoyo14qwcm8,002236,大华股份,2026-02-06,1,18.400,18.480,18.630,18.280,370158.000,2026-02-25T05:46:17.568Z
mm1m2yqo32qile38q,002236,大华股份,2026-02-09,1,18.700,18.700,18.740,18.530,363997.000,2026-02-25T05:46:17.568Z
mm1m2yqodhle5k0i8,002236,大华股份,2026-02-10,1,18.700,18.910,19.030,18.670,426380.000,2026-02-25T05:46:17.568Z
mm1m2yqosd5lcrh2u,002236,大华股份,2026-02-11,1,18.930,18.870,18.990,18.840,293545.000,2026-02-25T05:46:17.568Z
mm1m2yqo8iixe2ker,002236,大华股份,2026-02-12,1,18.920,19.020,19.050,18.790,309526.000,2026-02-25T05:46:17.568Z
mm1m2yqoet5pnldmn,002236,大华股份,2026-02-13,1,18.900,18.920,19.100,18.860,304192.000,2026-02-25T05:46:17.568Z
mm1m2yqon8gr9uj7z,002236,大华股份,2026-02-24,1,19.100,19.090,19.210,18.980,333799.000,2026-02-25T05:46:17.568Z
mm1m2yqokqtobuqr3,002236,大华股份,2026-02-25,1,19.08,19.09,19.23,19.01,299351,2026-02-25T05:46:17.568Z
mm1m30926nlbpg0a8,300624,万兴科技,2026-01-06,1,73.690,74.350,74.900,73.110,142348.000,2026-02-25T05:46:19.526Z
mm1m3092q0vpjqd0m,300624,万兴科技,2026-01-07,1,73.750,73.720,76.490,73.350,141007.000,2026-02-25T05:46:19.526Z
mm1m3092r3mum0cgs,300624,万兴科技,2026-01-08,1,74.000,75.390,77.550,73.170,160603.000,2026-02-25T05:46:19.526Z
mm1m3092qx7shiifd,300624,万兴科技,2026-01-09,1,74.720,82.550,82.550,74.580,284562.000,2026-02-25T05:46:19.526Z
mm1m3092b3pziu398,300624,万兴科技,2026-01-12,1,85.730,99.060,99.060,84.100,408414.000,2026-02-25T05:46:19.526Z
mm1m3092t5181v2ff,300624,万兴科技,2026-01-13,1,109.000,105.110,114.270,105.000,532067.000,2026-02-25T05:46:19.526Z
mm1m3092plgqrwrlw,300624,万兴科技,2026-01-14,1,105.110,109.820,122.800,105.110,489178.000,2026-02-25T05:46:19.526Z
mm1m3092xe63ym1oe,300624,万兴科技,2026-01-15,1,107.110,104.600,108.990,102.850,314925.000,2026-02-25T05:46:19.526Z
mm1m30926n39kr7fu,300624,万兴科技,2026-01-16,1,103.020,98.760,107.900,97.700,237356.000,2026-02-25T05:46:19.526Z
mm1m3092r6wa305ox,300624,万兴科技,2026-01-19,1,98.760,94.900,99.800,93.960,182846.000,2026-02-25T05:46:19.526Z
mm1m3092sbpid8byv,300624,万兴科技,2026-01-20,1,96.400,92.940,97.670,91.670,146918.000,2026-02-25T05:46:19.526Z
mm1m3092orrcgclbl,300624,万兴科技,2026-01-21,1,92.030,91.500,94.550,90.800,123538.000,2026-02-25T05:46:19.526Z
mm1m3092iunt0n6pn,300624,万兴科技,2026-01-22,1,91.810,93.410,97.040,90.580,165639.000,2026-02-25T05:46:19.526Z
mm1m3092qp9q83v91,300624,万兴科技,2026-01-23,1,93.430,94.290,96.130,92.410,172128.000,2026-02-25T05:46:19.526Z
mm1m3092czmk0v5e4,300624,万兴科技,2026-01-26,1,95.000,91.110,96.240,89.920,135788.000,2026-02-25T05:46:19.526Z
mm1m3092k6d3169z9,300624,万兴科技,2026-01-27,1,91.830,91.450,92.800,88.000,122083.000,2026-02-25T05:46:19.526Z
mm1m3092p17mlpc24,300624,万兴科技,2026-01-28,1,92.050,89.800,92.720,89.450,106963.000,2026-02-25T05:46:19.526Z
mm1m3092w8jvkwxu9,300624,万兴科技,2026-01-29,1,88.280,93.070,98.800,88.280,239078.000,2026-02-25T05:46:19.526Z
mm1m30927n5dvbl9q,300624,万兴科技,2026-01-30,1,92.020,93.350,95.590,91.000,170211.000,2026-02-25T05:46:19.526Z
mm1m3092dl0zysezz,300624,万兴科技,2026-02-02,1,93.000,88.750,94.890,88.700,132725.000,2026-02-25T05:46:19.526Z
mm1m3092z8eg6y19b,300624,万兴科技,2026-02-03,1,90.580,91.660,92.750,88.820,113835.000,2026-02-25T05:46:19.526Z
mm1m30927q1hct5dl,300624,万兴科技,2026-02-04,1,90.660,92.250,96.320,90.010,166388.000,2026-02-25T05:46:19.526Z
mm1m3092jbqbf96gw,300624,万兴科技,2026-02-05,1,90.000,89.200,92.600,88.710,110294.000,2026-02-25T05:46:19.526Z
mm1m30921o3lsh4dp,300624,万兴科技,2026-02-06,1,88.500,86.360,89.370,85.400,101938.000,2026-02-25T05:46:19.526Z
mm1m3092846cmmqxl,300624,万兴科技,2026-02-09,1,92.480,96.600,99.720,89.770,263453.000,2026-02-25T05:46:19.526Z
mm1m3092mdvlwrjze,300624,万兴科技,2026-02-10,1,97.740,102.010,107.440,95.430,435889.000,2026-02-25T05:46:19.526Z
mm1m3092ucgsksva1,300624,万兴科技,2026-02-11,1,102.030,94.650,102.180,93.680,286336.000,2026-02-25T05:46:19.526Z
mm1m3092fkzlud6rv,300624,万兴科技,2026-02-12,1,94.660,99.300,101.990,91.700,287756.000,2026-02-25T05:46:19.526Z
mm1m30923v3cud1y0,300624,万兴科技,2026-02-13,1,98.000,95.080,99.140,95.030,197821.000,2026-02-25T05:46:19.526Z
mm1m3092uzr9v7xxx,300624,万兴科技,2026-02-24,1,95.480,85.170,95.520,84.700,235726.000,2026-02-25T05:46:19.526Z
mm1m3092g68q0qzf2,300624,万兴科技,2026-02-25,1,85.69,85.20,86.30,84.21,96727,2026-02-25T05:46:19.526Z
mm1m30rc2sw6v1384,300378,鼎捷数智,2026-01-06,1,48.100,48.440,48.480,46.900,201291.000,2026-02-25T05:46:20.184Z
mm1m30rc7h9eiuk56,300378,鼎捷数智,2026-01-07,1,48.000,47.460,48.530,47.010,140810.000,2026-02-25T05:46:20.184Z
mm1m30rcap4sn6461,300378,鼎捷数智,2026-01-08,1,49.690,50.350,52.640,48.200,406643.000,2026-02-25T05:46:20.184Z
mm1m30rccphmjwz1c,300378,鼎捷数智,2026-01-09,1,49.230,53.680,54.000,49.180,436202.000,2026-02-25T05:46:20.184Z
mm1m30rc7irmm6afk,300378,鼎捷数智,2026-01-12,1,54.720,62.690,64.380,54.480,541111.000,2026-02-25T05:46:20.184Z
mm1m30rc6c5r5qn2a,300378,鼎捷数智,2026-01-13,1,67.010,63.030,70.800,62.890,641218.000,2026-02-25T05:46:20.184Z
mm1m30rcvuxxiiqxm,300378,鼎捷数智,2026-01-14,1,63.570,64.770,71.780,63.040,567929.000,2026-02-25T05:46:20.184Z
mm1m30rcrbn917wxl,300378,鼎捷数智,2026-01-15,1,62.780,64.850,67.100,61.390,366855.000,2026-02-25T05:46:20.184Z
mm1m30rc9h9dphqye,300378,鼎捷数智,2026-01-16,1,62.930,62.130,69.760,62.080,409009.000,2026-02-25T05:46:20.184Z
mm1m30rctkussm1wt,300378,鼎捷数智,2026-01-19,1,60.290,59.540,61.690,58.920,312984.000,2026-02-25T05:46:20.184Z
mm1m30rcakpxa2kjl,300378,鼎捷数智,2026-01-20,1,59.860,57.720,60.870,56.880,217760.000,2026-02-25T05:46:20.184Z
mm1m30rcr9pdusng0,300378,鼎捷数智,2026-01-21,1,56.730,57.590,60.550,56.720,174292.000,2026-02-25T05:46:20.184Z
mm1m30rclaa2wzkg9,300378,鼎捷数智,2026-01-22,1,57.720,57.290,58.990,56.310,168766.000,2026-02-25T05:46:20.184Z
mm1m30rccvkofhgv4,300378,鼎捷数智,2026-01-23,1,57.690,59.510,60.720,57.180,245149.000,2026-02-25T05:46:20.184Z
mm1m30rcv1dm46pfp,300378,鼎捷数智,2026-01-26,1,59.520,57.560,60.270,56.710,170195.000,2026-02-25T05:46:20.184Z
mm1m30rcuuhpicppw,300378,鼎捷数智,2026-01-27,1,57.910,58.810,59.820,55.550,179566.000,2026-02-25T05:46:20.184Z
mm1m30rcye9ksrauw,300378,鼎捷数智,2026-01-28,1,58.820,56.420,59.800,56.360,182222.000,2026-02-25T05:46:20.184Z
mm1m30rcr4s166x5g,300378,鼎捷数智,2026-01-29,1,56.220,57.060,60.500,55.450,250916.000,2026-02-25T05:46:20.184Z
mm1m30rc0g3ps54ex,300378,鼎捷数智,2026-01-30,1,56.420,55.150,56.970,54.220,172499.000,2026-02-25T05:46:20.184Z
mm1m30rcfxycpd9aj,300378,鼎捷数智,2026-02-02,1,55.340,52.720,56.580,52.610,153386.000,2026-02-25T05:46:20.184Z
mm1m30rcmoptzfk38,300378,鼎捷数智,2026-02-03,1,53.200,53.720,53.730,52.060,135888.000,2026-02-25T05:46:20.184Z
mm1m30rc913aiaglf,300378,鼎捷数智,2026-02-04,1,52.260,50.240,53.090,49.900,231833.000,2026-02-25T05:46:20.184Z
mm1m30rcamz2c5afh,300378,鼎捷数智,2026-02-05,1,49.500,49.270,50.260,49.000,111281.000,2026-02-25T05:46:20.184Z
mm1m30rce3iuqyynr,300378,鼎捷数智,2026-02-06,1,48.990,48.170,49.480,47.930,123114.000,2026-02-25T05:46:20.184Z
mm1m30rckdk2m01sa,300378,鼎捷数智,2026-02-09,1,49.160,49.570,49.800,48.200,135389.000,2026-02-25T05:46:20.184Z
mm1m30rcjft8u1jkx,300378,鼎捷数智,2026-02-10,1,49.750,49.950,50.390,48.820,146869.000,2026-02-25T05:46:20.184Z
mm1m30rccngbsv80n,300378,鼎捷数智,2026-02-11,1,49.880,49.160,50.300,49.010,102072.000,2026-02-25T05:46:20.184Z
mm1m30rczrmgzq9st,300378,鼎捷数智,2026-02-12,1,49.210,49.820,50.250,48.900,107198.000,2026-02-25T05:46:20.184Z
mm1m30rc49wcwivp4,300378,鼎捷数智,2026-02-13,1,49.570,48.700,49.940,48.700,105389.000,2026-02-25T05:46:20.184Z
mm1m30rcrq5to4tpj,300378,鼎捷数智,2026-02-24,1,49.500,46.860,49.500,46.710,152475.000,2026-02-25T05:46:20.184Z
mm1m30rcw4g021ymd,300378,鼎捷数智,2026-02-25,1,46.97,47.12,47.28,46.49,74790,2026-02-25T05:46:20.184Z
mm1m319nbakal2c5y,688369,致远互联,2026-01-06,1,26.370,26.370,26.930,25.750,5178716.000,2026-02-25T05:46:20.843Z
mm1m319n0m0q28q76,688369,致远互联,2026-01-07,1,26.370,26.180,26.500,25.790,3470208.000,2026-02-25T05:46:20.843Z
mm1m319nmhyklo5je,688369,致远互联,2026-01-08,1,26.350,27.210,27.890,26.110,7637880.000,2026-02-25T05:46:20.843Z
mm1m319nbr1gq66hb,688369,致远互联,2026-01-09,1,27.360,28.700,29.210,27.210,8221303.000,2026-02-25T05:46:20.843Z
mm1m319ngnrqg32dn,688369,致远互联,2026-01-12,1,29.990,33.590,33.980,29.000,15535342.000,2026-02-25T05:46:20.843Z
mm1m319nl609dyl72,688369,致远互联,2026-01-13,1,35.000,31.770,35.920,31.250,21680041.000,2026-02-25T05:46:20.843Z
mm1m319nry770qxnh,688369,致远互联,2026-01-14,1,31.550,32.430,35.350,31.550,20300201.000,2026-02-25T05:46:20.843Z
mm1m319nyyblggb7j,688369,致远互联,2026-01-15,1,32.140,30.900,32.300,30.100,14824635.000,2026-02-25T05:46:20.843Z
mm1m319nuo0tcy4ne,688369,致远互联,2026-01-16,1,30.380,31.010,32.250,29.720,11206493.000,2026-02-25T05:46:20.843Z
mm1m319nvu5m4au9h,688369,致远互联,2026-01-19,1,30.550,31.870,32.500,30.200,8307316.000,2026-02-25T05:46:20.843Z
mm1m319nvu2k0jaiu,688369,致远互联,2026-01-20,1,31.900,30.780,32.450,30.360,7050244.000,2026-02-25T05:46:20.843Z
mm1m319nc5b3oyx20,688369,致远互联,2026-01-21,1,31.020,29.120,31.020,29.100,8122513.000,2026-02-25T05:46:20.843Z
mm1m319n9y6jr5luj,688369,致远互联,2026-01-22,1,29.250,30.060,30.590,28.950,5929683.000,2026-02-25T05:46:20.843Z
mm1m319nn6z4g58ua,688369,致远互联,2026-01-23,1,30.150,30.220,31.650,29.670,6231845.000,2026-02-25T05:46:20.843Z
mm1m319nfgiaz5lsc,688369,致远互联,2026-01-26,1,30.760,30.000,31.650,29.500,7489764.000,2026-02-25T05:46:20.843Z
mm1m319n3o1m6fkhx,688369,致远互联,2026-01-27,1,30.190,29.720,30.330,28.600,6069816.000,2026-02-25T05:46:20.843Z
mm1m319nzlo65wi48,688369,致远互联,2026-01-28,1,29.540,28.570,30.110,28.320,6382787.000,2026-02-25T05:46:20.843Z
mm1m319nf3az2noll,688369,致远互联,2026-01-29,1,28.810,29.010,30.880,27.970,7712127.000,2026-02-25T05:46:20.843Z
mm1m319nwi5ujqjsg,688369,致远互联,2026-01-30,1,29.390,27.850,29.390,27.490,6166256.000,2026-02-25T05:46:20.843Z
mm1m319n7wwu067vg,688369,致远互联,2026-02-02,1,27.790,27.080,28.190,27.060,6481856.000,2026-02-25T05:46:20.843Z
mm1m319nqjt4t7lu8,688369,致远互联,2026-02-03,1,27.360,27.640,27.850,27.020,5278639.000,2026-02-25T05:46:20.843Z
mm1m319nqj935vyjk,688369,致远互联,2026-02-04,1,27.370,26.580,27.500,26.150,6864369.000,2026-02-25T05:46:20.843Z
mm1m319ny3xswid3z,688369,致远互联,2026-02-05,1,26.340,26.430,26.970,26.210,3810788.000,2026-02-25T05:46:20.843Z
mm1m319n06glpfr51,688369,致远互联,2026-02-06,1,26.400,25.910,26.450,25.780,3779499.000,2026-02-25T05:46:20.843Z
mm1m319n912jazphy,688369,致远互联,2026-02-09,1,26.730,26.550,26.980,26.360,4810419.000,2026-02-25T05:46:20.843Z
mm1m319n8gz5w2v23,688369,致远互联,2026-02-10,1,26.590,26.400,26.920,26.000,4192686.000,2026-02-25T05:46:20.843Z
mm1m319nv5dwvzq0b,688369,致远互联,2026-02-11,1,26.470,26.330,26.870,26.270,3762180.000,2026-02-25T05:46:20.843Z
mm1m319nh8jd6g7kp,688369,致远互联,2026-02-12,1,26.480,26.810,27.150,25.950,4659869.000,2026-02-25T05:46:20.843Z
mm1m319np42l4h3vq,688369,致远互联,2026-02-13,1,26.850,26.760,27.800,26.620,4595725.000,2026-02-25T05:46:20.843Z
mm1m319nldm1mka3q,688369,致远互联,2026-02-24,1,27.100,25.320,27.200,25.250,7159888.000,2026-02-25T05:46:20.843Z
mm1m319nphr1ttbdk,688369,致远互联,2026-02-25,1,25.59,25.98,26.07,25.34,4421591,2026-02-25T05:46:20.843Z
mm1m31rnebc9rsjwv,603039,泛微网络,2026-01-06,1,57.170,56.220,57.230,55.620,34102.000,2026-02-25T05:46:21.491Z
mm1m31rnzad1cpn3q,603039,泛微网络,2026-01-07,1,55.740,55.450,55.820,54.950,31450.000,2026-02-25T05:46:21.491Z
mm1m31rn8fg9oy7qp,603039,泛微网络,2026-01-08,1,55.770,56.880,57.500,55.000,45472.000,2026-02-25T05:46:21.491Z
mm1m31rnm2iv1uw78,603039,泛微网络,2026-01-09,1,56.500,59.610,59.890,56.280,73549.000,2026-02-25T05:46:21.491Z
mm1m31rn2kdyscuhm,603039,泛微网络,2026-01-12,1,60.900,63.450,64.500,58.500,124169.000,2026-02-25T05:46:21.491Z
mm1m31rnab7w6easn,603039,泛微网络,2026-01-13,1,67.990,65.900,69.800,65.020,123302.000,2026-02-25T05:46:21.491Z
mm1m31rnmz8pea1po,603039,泛微网络,2026-01-14,1,65.690,68.870,72.000,65.510,113683.000,2026-02-25T05:46:21.491Z
mm1m31rn6ihlwv274,603039,泛微网络,2026-01-15,1,67.330,70.400,71.280,66.200,91335.000,2026-02-25T05:46:21.491Z
mm1m31rn6wdrex287,603039,泛微网络,2026-01-16,1,67.000,69.590,73.990,67.000,114958.000,2026-02-25T05:46:21.491Z
mm1m31rn6oqzqynjh,603039,泛微网络,2026-01-19,1,68.200,69.600,73.980,68.200,93966.000,2026-02-25T05:46:21.491Z
mm1m31rnnlybqux63,603039,泛微网络,2026-01-20,1,70.370,67.830,72.390,67.120,60621.000,2026-02-25T05:46:21.491Z
mm1m31rn4n4o13jkw,603039,泛微网络,2026-01-21,1,66.700,66.970,70.140,66.000,55653.000,2026-02-25T05:46:21.491Z
mm1m31rnqfuqzxr0s,603039,泛微网络,2026-01-22,1,67.040,69.900,71.500,65.890,63104.000,2026-02-25T05:46:21.491Z
mm1m31rnrc1yht8qz,603039,泛微网络,2026-01-23,1,70.260,68.340,71.590,67.680,68947.000,2026-02-25T05:46:21.491Z
mm1m31rnmjbzx7hfy,603039,泛微网络,2026-01-26,1,73.050,69.500,74.510,67.480,76460.000,2026-02-25T05:46:21.491Z
mm1m31rn3qnb41l96,603039,泛微网络,2026-01-27,1,68.950,68.500,70.360,65.710,66116.000,2026-02-25T05:46:21.491Z
mm1m31rnbxblxsrwv,603039,泛微网络,2026-01-28,1,69.010,66.670,69.270,65.560,61966.000,2026-02-25T05:46:21.491Z
mm1m31rnhq6i31ix5,603039,泛微网络,2026-01-29,1,65.580,67.220,72.500,64.660,88829.000,2026-02-25T05:46:21.491Z
mm1m31rnic28ka3we,603039,泛微网络,2026-01-30,1,67.000,66.480,67.580,65.650,35283.000,2026-02-25T05:46:21.491Z
mm1m31rn16nhqjao7,603039,泛微网络,2026-02-02,1,68.000,62.300,69.340,62.280,65157.000,2026-02-25T05:46:21.491Z
mm1m31rnuk88ati1d,603039,泛微网络,2026-02-03,1,62.490,63.650,63.980,60.380,66882.000,2026-02-25T05:46:21.491Z
mm1m329y80et48i9c,300459,汤姆猫,2026-01-06,1,5.290,5.140,5.300,5.070,5415407.000,2026-02-25T05:46:22.150Z
mm1m329yk97dajw98,300459,汤姆猫,2026-01-07,1,5.160,5.030,5.260,4.980,3583070.000,2026-02-25T05:46:22.150Z
mm1m329yfqkw547mz,300459,汤姆猫,2026-01-08,1,5.020,5.130,5.250,4.930,3657398.000,2026-02-25T05:46:22.150Z
mm1m329ylav3ttzuk,300459,汤姆猫,2026-01-09,1,5.070,5.400,5.450,5.050,5578578.000,2026-02-25T05:46:22.150Z
mm1m329ygknk99dsp,300459,汤姆猫,2026-01-12,1,5.530,5.900,6.130,5.420,7633355.000,2026-02-25T05:46:22.150Z
mm1m329ysc8kjlwa3,300459,汤姆猫,2026-01-13,1,6.000,6.000,6.610,5.650,8864583.000,2026-02-25T05:46:22.150Z
mm1m329yp1l7hmhmx,300459,汤姆猫,2026-01-14,1,5.810,6.040,6.400,5.800,7659918.000,2026-02-25T05:46:22.150Z
mm1m329y5mjjxf618,300459,汤姆猫,2026-01-15,1,5.980,5.720,5.980,5.580,4958160.000,2026-02-25T05:46:22.150Z
mm1m329ywpx3vz6dx,300459,汤姆猫,2026-01-16,1,5.650,5.360,5.680,5.340,3857758.000,2026-02-25T05:46:22.150Z
mm1m329yu9ue9wjl5,300459,汤姆猫,2026-01-19,1,5.290,5.270,5.420,5.250,2216974.000,2026-02-25T05:46:22.150Z
mm1m329y0lzakqip7,300459,汤姆猫,2026-01-20,1,5.330,5.220,5.390,5.160,2212577.000,2026-02-25T05:46:22.150Z
mm1m329yv8a2qsuoe,300459,汤姆猫,2026-01-21,1,5.180,5.190,5.280,5.140,1601720.000,2026-02-25T05:46:22.150Z
mm1m329yugskr421h,300459,汤姆猫,2026-01-22,1,5.210,5.280,5.350,5.200,1941948.000,2026-02-25T05:46:22.150Z
mm1m329yk7mu3znag,300459,汤姆猫,2026-01-23,1,5.300,5.410,5.470,5.250,2569983.000,2026-02-25T05:46:22.150Z
mm1m329y8gafh0ek9,300459,汤姆猫,2026-01-26,1,5.410,5.200,5.450,5.130,2403396.000,2026-02-25T05:46:22.150Z
mm1m329yni5fuxh0m,300459,汤姆猫,2026-01-27,1,5.200,5.170,5.260,5.050,1706749.000,2026-02-25T05:46:22.150Z
mm1m329ywtab0br29,300459,汤姆猫,2026-01-28,1,5.140,5.100,5.290,5.100,1549806.000,2026-02-25T05:46:22.150Z
mm1m329y19an9jm7r,300459,汤姆猫,2026-01-29,1,5.070,5.250,5.440,4.990,3649522.000,2026-02-25T05:46:22.150Z
mm1m329yre3s8u7yh,300459,汤姆猫,2026-01-30,1,5.200,5.110,5.260,5.080,1999141.000,2026-02-25T05:46:22.150Z
mm1m329ygcw2chqeh,300459,汤姆猫,2026-02-02,1,4.960,4.900,5.100,4.900,1964175.000,2026-02-25T05:46:22.150Z
mm1m329ylvpf1piy8,300459,汤姆猫,2026-02-03,1,4.970,5.090,5.100,4.970,1792522.000,2026-02-25T05:46:22.150Z
mm1m32s18buvm8hl6,300170,汉得信息,2026-01-06,1,20.200,20.600,20.980,19.960,1558665.000,2026-02-25T05:46:22.801Z
mm1m32s1ikuel4fse,300170,汉得信息,2026-01-07,1,20.390,20.000,20.860,19.900,1021322.000,2026-02-25T05:46:22.801Z
mm1m32s1fgisncwlv,300170,汉得信息,2026-01-08,1,20.820,22.670,24.000,20.250,3000822.000,2026-02-25T05:46:22.801Z
mm1m32s1p2tpr9acj,300170,汉得信息,2026-01-09,1,22.860,24.490,24.640,22.500,2727977.000,2026-02-25T05:46:22.801Z
mm1m32s1fex8334qp,300170,汉得信息,2026-01-12,1,25.390,29.390,29.390,24.870,2702370.000,2026-02-25T05:46:22.801Z
mm1m32s1g9noenqx0,300170,汉得信息,2026-01-13,1,31.740,29.550,33.700,29.350,3322115.000,2026-02-25T05:46:22.801Z
mm1m32s1dkal1v8wc,300170,汉得信息,2026-01-14,1,29.000,30.230,33.560,29.000,3097650.000,2026-02-25T05:46:22.801Z
mm1m32s1bc4n85cmx,300170,汉得信息,2026-01-15,1,29.500,30.650,31.490,28.900,2374134.000,2026-02-25T05:46:22.801Z
mm1m32s1h7gexnfm3,300170,汉得信息,2026-01-16,1,28.010,26.920,30.150,26.910,2397810.000,2026-02-25T05:46:22.801Z
mm1m32s1d0qpnz3xu,300170,汉得信息,2026-01-19,1,26.920,26.910,27.600,26.580,1344135.000,2026-02-25T05:46:22.801Z
mm1m32s1jf1q5iojr,300170,汉得信息,2026-01-20,1,27.710,26.310,28.260,25.900,1432077.000,2026-02-25T05:46:22.801Z
mm1m32s1psm8v3e31,300170,汉得信息,2026-01-21,1,25.920,26.430,27.410,25.730,1112037.000,2026-02-25T05:46:22.801Z
mm1m32s1y95lwf1bh,300170,汉得信息,2026-01-22,1,26.260,26.150,27.060,25.900,993481.000,2026-02-25T05:46:22.801Z
mm1m32s1s6k4bhvnh,300170,汉得信息,2026-01-23,1,26.420,27.070,27.510,26.060,1478006.000,2026-02-25T05:46:22.801Z
mm1m32s18baholrbg,300170,汉得信息,2026-01-26,1,27.500,26.180,27.950,25.740,1310543.000,2026-02-25T05:46:22.801Z
mm1m32s114peaoom4,300170,汉得信息,2026-01-27,1,26.170,26.560,26.760,25.280,1140458.000,2026-02-25T05:46:22.801Z
mm1m32s1tkmlkm7l4,300170,汉得信息,2026-01-28,1,26.600,26.550,28.060,26.350,1628850.000,2026-02-25T05:46:22.801Z
mm1m32s1vmc9zolup,300170,汉得信息,2026-01-29,1,26.090,27.370,29.080,25.870,2211138.000,2026-02-25T05:46:22.801Z
mm1m32s1kt4mjqvno,300170,汉得信息,2026-01-30,1,27.360,26.490,27.770,26.300,1337873.000,2026-02-25T05:46:22.801Z
mm1m32s1o3trw9txf,300170,汉得信息,2026-02-02,1,26.750,25.700,27.210,25.690,1179970.000,2026-02-25T05:46:22.801Z
mm1m32s1hj651wzu3,300170,汉得信息,2026-02-03,1,26.150,27.410,27.600,25.960,1484392.000,2026-02-25T05:46:22.801Z
mm1m33acrclbdur1w,688041,海光信息,2026-01-06,1,224.110,225.730,232.040,223.410,22419769.000,2026-02-25T05:46:23.460Z
mm1m33acame2x0x04,688041,海光信息,2026-01-07,1,225.740,222.660,226.800,219.260,24150028.000,2026-02-25T05:46:23.460Z
mm1m33acc436tg1k8,688041,海光信息,2026-01-08,1,225.910,241.590,251.910,225.910,51906080.000,2026-02-25T05:46:23.460Z
mm1m33acgxuepg38a,688041,海光信息,2026-01-09,1,237.920,246.460,250.680,231.910,34652502.000,2026-02-25T05:46:23.460Z
mm1m33aczxibx89kg,688041,海光信息,2026-01-12,1,246.460,245.960,249.900,239.610,27002508.000,2026-02-25T05:46:23.460Z
mm1m33ac4if6y4o35,688041,海光信息,2026-01-13,1,245.950,235.480,246.800,233.240,25970517.000,2026-02-25T05:46:23.460Z
mm1m33acrair025f4,688041,海光信息,2026-01-14,1,239.720,251.410,255.880,239.710,45635381.000,2026-02-25T05:46:23.460Z
mm1m33acdvc7srii4,688041,海光信息,2026-01-15,1,253.910,249.910,257.910,245.370,26414634.000,2026-02-25T05:46:23.460Z
mm1m33acpbm7jw10w,688041,海光信息,2026-01-16,1,252.610,244.240,256.510,241.910,30110571.000,2026-02-25T05:46:23.460Z
mm1m33acptgpwezp4,688041,海光信息,2026-01-19,1,245.910,255.860,262.000,245.150,40900545.000,2026-02-25T05:46:23.460Z
mm1m33ac26v5w0z0n,688041,海光信息,2026-01-20,1,260.910,254.120,273.710,253.410,37761387.000,2026-02-25T05:46:23.460Z
mm1m33actddxp09ks,688041,海光信息,2026-01-21,1,263.400,288.020,297.910,263.400,62366570.000,2026-02-25T05:46:23.460Z
mm1m33accubo3ftnu,688041,海光信息,2026-01-22,1,301.910,288.410,308.470,284.910,51698450.000,2026-02-25T05:46:23.460Z
mm1m33acju5mphekf,688041,海光信息,2026-01-23,1,275.910,275.910,284.860,270.110,41251221.000,2026-02-25T05:46:23.460Z
mm1m33acaf2os25ij,688041,海光信息,2026-01-26,1,275.400,272.910,284.910,269.870,31365719.000,2026-02-25T05:46:23.460Z
mm1m33ac9bo8yu72z,688041,海光信息,2026-01-27,1,274.280,270.660,279.130,267.920,28374826.000,2026-02-25T05:46:23.460Z
mm1m33acfbx58jmde,688041,海光信息,2026-01-28,1,276.220,268.220,277.910,260.410,34497023.000,2026-02-25T05:46:23.460Z
mm1m33acyoyh7gmi8,688041,海光信息,2026-01-29,1,268.300,261.290,272.800,260.510,22831104.000,2026-02-25T05:46:23.460Z
mm1m33acgq0vdq6yr,688041,海光信息,2026-01-30,1,261.290,264.440,269.140,256.390,22626325.000,2026-02-25T05:46:23.460Z
mm1m33ac1rdjcjsb4,688041,海光信息,2026-02-02,1,260.000,252.300,268.340,251.920,22579743.000,2026-02-25T05:46:23.460Z
mm1m33acs8a4gt03a,688041,海光信息,2026-02-03,1,257.200,251.500,258.000,243.980,26108936.000,2026-02-25T05:46:23.460Z
mm1m33slcal62zwl0,300750,宁德时代,2026-01-06,1,380.000,373.990,380.500,369.040,341477.000,2026-02-25T05:46:24.117Z
mm1m33sl8gdida3kn,300750,宁德时代,2026-01-07,1,372.950,371.010,375.480,368.490,262285.000,2026-02-25T05:46:24.117Z
mm1m33slcso9thuqf,300750,宁德时代,2026-01-08,1,368.000,369.210,373.330,367.000,269590.000,2026-02-25T05:46:24.117Z
mm1m33slbhznl1ovx,300750,宁德时代,2026-01-09,1,369.170,369.230,377.630,367.010,314772.000,2026-02-25T05:46:24.117Z
mm1m33sllksye306t,300750,宁德时代,2026-01-12,1,368.000,361.680,368.000,351.660,488307.000,2026-02-25T05:46:24.117Z
mm1m33slsnzfvt9rj,300750,宁德时代,2026-01-13,1,366.250,359.000,367.770,357.000,296709.000,2026-02-25T05:46:24.117Z
mm1m33sljq6rvjqs8,300750,宁德时代,2026-01-14,1,360.030,353.980,361.220,351.710,380834.000,2026-02-25T05:46:24.117Z
mm1m33sljrmfcw2t7,300750,宁德时代,2026-01-15,1,352.750,353.750,358.280,351.800,323709.000,2026-02-25T05:46:24.117Z
mm1m33slu90u83g0f,300750,宁德时代,2026-01-16,1,357.990,352.320,361.720,351.510,319818.000,2026-02-25T05:46:24.117Z
mm1m33slxxkc9oxrv,300750,宁德时代,2026-01-19,1,351.470,348.900,355.340,345.330,338643.000,2026-02-25T05:46:24.117Z
mm1m33slm75ohwk1w,300750,宁德时代,2026-01-20,1,350.000,349.600,356.910,347.900,354406.000,2026-02-25T05:46:24.117Z
mm1m33sly81y94hs9,300750,宁德时代,2026-01-21,1,351.940,349.810,357.690,349.000,393936.000,2026-02-25T05:46:24.117Z
mm1m33sly5hrwovgi,300750,宁德时代,2026-01-22,1,351.030,345.800,353.730,339.500,459948.000,2026-02-25T05:46:24.117Z
mm1m33slv3g7ayfc3,300750,宁德时代,2026-01-23,1,348.010,347.000,350.000,343.250,339761.000,2026-02-25T05:46:24.117Z
mm1m33slx7snojv8v,300750,宁德时代,2026-01-26,1,352.020,342.050,352.550,341.210,332914.000,2026-02-25T05:46:24.117Z
mm1m33sl4h30aouu1,300750,宁德时代,2026-01-27,1,344.890,339.400,344.900,334.020,322949.000,2026-02-25T05:46:24.117Z
mm1m33sli8c9oiwe9,300750,宁德时代,2026-01-28,1,337.880,339.990,344.000,333.010,463082.000,2026-02-25T05:46:24.117Z
mm1m33sl9g7w2wv4x,300750,宁德时代,2026-01-29,1,340.500,341.890,345.160,338.160,338444.000,2026-02-25T05:46:24.117Z
mm1m33sltl0z6yzzk,300750,宁德时代,2026-01-30,1,348.400,350.000,353.760,344.100,486501.000,2026-02-25T05:46:24.117Z
mm1m33slpg1wulymz,300750,宁德时代,2026-02-02,1,357.000,348.980,357.990,344.130,391917.000,2026-02-25T05:46:24.117Z
mm1m33slof5cmvcjv,300750,宁德时代,2026-02-03,1,349.000,347.910,352.800,343.500,265163.000,2026-02-25T05:46:24.117Z
mm1m34aznlq6h121c,603019,中科曙光,2026-01-06,1,87.930,89.400,91.340,87.530,710008.000,2026-02-25T05:46:24.779Z
mm1m34az2h9a7xgx9,603019,中科曙光,2026-01-07,1,89.430,89.070,90.170,88.360,470228.000,2026-02-25T05:46:24.779Z
mm1m34az4nr34k7y5,603019,中科曙光,2026-01-08,1,89.430,92.930,95.860,89.430,996765.000,2026-02-25T05:46:24.779Z
mm1m34azi1levan0g,603019,中科曙光,2026-01-09,1,92.930,93.270,93.720,91.180,645110.000,2026-02-25T05:46:24.779Z
mm1m34azc643eaivm,603019,中科曙光,2026-01-12,1,93.570,95.920,96.800,92.820,775388.000,2026-02-25T05:46:24.779Z
mm1m34az0v7bdgjka,603019,中科曙光,2026-01-13,1,95.950,91.430,96.610,91.350,712019.000,2026-02-25T05:46:24.779Z
mm1m34az85q185yh1,603019,中科曙光,2026-01-14,1,91.430,93.360,94.920,91.340,733865.000,2026-02-25T05:46:24.779Z
mm1m34az8jgdtdy1t,603019,中科曙光,2026-01-15,1,92.940,93.040,93.910,91.740,451272.000,2026-02-25T05:46:24.779Z
mm1m34az9nh0d18xm,603019,中科曙光,2026-01-16,1,93.910,93.410,94.560,92.130,499663.000,2026-02-25T05:46:24.779Z
mm1m34azbu5hr50og,603019,中科曙光,2026-01-19,1,94.280,94.170,95.010,92.640,526473.000,2026-02-25T05:46:24.779Z
mm1m34az6awyc380a,603019,中科曙光,2026-01-20,1,94.130,91.790,95.870,91.530,508470.000,2026-02-25T05:46:24.779Z
mm1m34azvp05k3npd,603019,中科曙光,2026-01-21,1,91.210,98.160,98.810,91.100,1242779.000,2026-02-25T05:46:24.779Z
mm1m34azptnq7d0f0,603019,中科曙光,2026-01-22,1,100.930,96.880,102.810,96.330,911615.000,2026-02-25T05:46:24.779Z
mm1m34aztfwcsfwtq,603019,中科曙光,2026-01-23,1,95.910,95.840,96.880,94.430,599049.000,2026-02-25T05:46:24.779Z
mm1m34azwy7zuee3i,603019,中科曙光,2026-01-26,1,96.210,93.160,96.880,92.950,530269.000,2026-02-25T05:46:24.779Z
mm1m34azlcopqus64,603019,中科曙光,2026-01-27,1,93.180,92.710,93.510,90.760,411272.000,2026-02-25T05:46:24.779Z
mm1m34azlb5ud632y,603019,中科曙光,2026-01-28,1,93.220,91.490,93.670,90.930,425649.000,2026-02-25T05:46:24.779Z
mm1m34azwd09wkeqv,603019,中科曙光,2026-01-29,1,91.480,89.540,92.100,89.510,459299.000,2026-02-25T05:46:24.779Z
mm1m34azizlnfk7w5,603019,中科曙光,2026-01-30,1,89.280,89.700,90.330,87.030,398622.000,2026-02-25T05:46:24.779Z
mm1m34azx4fw4tg6c,603019,中科曙光,2026-02-02,1,88.930,87.100,89.690,87.030,292699.000,2026-02-25T05:46:24.779Z
mm1m34az8xqa5aawc,603019,中科曙光,2026-02-03,1,87.810,87.680,88.430,86.180,297012.000,2026-02-25T05:46:24.779Z
mm1m34tknqt09a9sb,603259,药明康德,2026-01-06,1,95.130,96.250,96.500,94.110,463757.000,2026-02-25T05:46:25.448Z
mm1m34tkmrx9d62p4,603259,药明康德,2026-01-07,1,96.280,98.040,98.900,95.990,530854.000,2026-02-25T05:46:25.448Z
mm1m34tk062zapv70,603259,药明康德,2026-01-08,1,98.810,98.170,99.900,97.000,420669.000,2026-02-25T05:46:25.448Z
mm1m34tkl1ojytet5,603259,药明康德,2026-01-09,1,98.680,99.080,101.000,97.020,507614.000,2026-02-25T05:46:25.448Z
mm1m34tk7yoes2wvi,603259,药明康德,2026-01-12,1,100.000,98.680,101.000,97.600,443952.000,2026-02-25T05:46:25.448Z
mm1m34tkz2uhlsbur,603259,药明康德,2026-01-13,1,101.800,104.600,106.500,101.660,924548.000,2026-02-25T05:46:25.448Z
mm1m34tkuunvibe4h,603259,药明康德,2026-01-14,1,104.550,103.400,106.990,102.000,632239.000,2026-02-25T05:46:25.448Z
mm1m34tk4gtc46cva,603259,药明康德,2026-01-15,1,103.010,103.560,105.880,102.520,367229.000,2026-02-25T05:46:25.448Z
mm1m34tku1b4skurb,603259,药明康德,2026-01-16,1,103.580,104.300,106.300,102.890,447752.000,2026-02-25T05:46:25.448Z
mm1m34tkkbuffh7sr,603259,药明康德,2026-01-19,1,104.400,102.390,105.730,100.500,479083.000,2026-02-25T05:46:25.448Z
mm1m34tkb10vy8pci,603259,药明康德,2026-01-20,1,101.880,99.460,102.300,97.870,481131.000,2026-02-25T05:46:25.448Z
mm1m34tkq1dlvfjq5,603259,药明康德,2026-01-21,1,99.000,98.550,100.760,98.200,386898.000,2026-02-25T05:46:25.448Z
mm1m34tkqcnkj9fhj,603259,药明康德,2026-01-22,1,99.000,97.600,99.660,96.560,415188.000,2026-02-25T05:46:25.448Z
mm1m34tkvizqfeice,603259,药明康德,2026-01-23,1,98.010,97.600,99.380,96.940,386841.000,2026-02-25T05:46:25.448Z
mm1m34tk1ojajsw5r,603259,药明康德,2026-01-26,1,97.850,96.720,97.980,95.810,402339.000,2026-02-25T05:46:25.448Z
mm1m34tkj0vy05b0q,603259,药明康德,2026-01-27,1,96.870,95.790,97.750,95.330,381809.000,2026-02-25T05:46:25.448Z
mm1m34tkevgyaitp8,603259,药明康德,2026-01-28,1,96.000,95.700,96.300,94.630,457468.000,2026-02-25T05:46:25.448Z
mm1m34tkruo09aq51,603259,药明康德,2026-01-29,1,95.620,98.020,98.550,94.650,535591.000,2026-02-25T05:46:25.448Z
mm1m34tkq0wzc1wgb,603259,药明康德,2026-01-30,1,97.850,95.200,98.780,95.200,402506.000,2026-02-25T05:46:25.448Z
mm1m34tk4ub09du3t,603259,药明康德,2026-02-02,1,95.210,93.200,96.180,92.910,362993.000,2026-02-25T05:46:25.448Z
mm1m34tkw89che4zl,603259,药明康德,2026-02-03,1,93.400,94.600,94.850,92.430,291676.000,2026-02-25T05:46:25.448Z
mm1m35bowfb98wvam,002812,恩捷股份,2026-01-06,1,56.410,55.980,57.180,55.500,361566.000,2026-02-25T05:46:26.100Z
mm1m35boapt7mxl7l,002812,恩捷股份,2026-01-07,1,56.000,55.190,57.300,54.490,318309.000,2026-02-25T05:46:26.100Z
mm1m35bonetmsdyxc,002812,恩捷股份,2026-01-08,1,54.790,54.050,55.160,53.210,317378.000,2026-02-25T05:46:26.100Z
mm1m35bokza5pt9ow,002812,恩捷股份,2026-01-09,1,53.420,53.810,55.480,52.550,282392.000,2026-02-25T05:46:26.100Z
mm1m35bohyn8ha7lw,002812,恩捷股份,2026-01-12,1,52.550,52.690,54.240,51.850,345033.000,2026-02-25T05:46:26.100Z
mm1m35bonzfydasfp,002812,恩捷股份,2026-01-13,1,52.690,52.840,54.390,52.640,343371.000,2026-02-25T05:46:26.100Z
mm1m35bopve7x9522,002812,恩捷股份,2026-01-14,1,52.790,52.840,54.400,52.010,373457.000,2026-02-25T05:46:26.100Z
mm1m35boa0q9d0z3l,002812,恩捷股份,2026-01-15,1,52.490,54.070,55.290,52.440,405295.000,2026-02-25T05:46:26.100Z
mm1m35boyno4zscnq,002812,恩捷股份,2026-01-16,1,55.100,54.760,57.180,53.900,376593.000,2026-02-25T05:46:26.100Z
mm1m35bo3dxrrt6ip,002812,恩捷股份,2026-01-19,1,54.220,55.580,56.000,53.000,326249.000,2026-02-25T05:46:26.100Z
mm1m35bowtpkjmbzj,002812,恩捷股份,2026-01-20,1,55.700,50.980,55.990,50.320,508026.000,2026-02-25T05:46:26.100Z
mm1m35bo4wuh2emx3,002812,恩捷股份,2026-01-21,1,50.870,51.870,52.200,50.500,228888.000,2026-02-25T05:46:26.100Z
mm1m35bosa315xea2,002812,恩捷股份,2026-01-22,1,51.490,50.960,52.950,49.880,289824.000,2026-02-25T05:46:26.100Z
mm1m35bopfwd9q0s2,002812,恩捷股份,2026-01-23,1,51.000,52.880,52.930,50.820,277159.000,2026-02-25T05:46:26.100Z
mm1m35boam11ny9ku,002812,恩捷股份,2026-01-26,1,53.280,51.420,53.580,51.220,197655.000,2026-02-25T05:46:26.100Z
mm1m35bogwz4v386w,002812,恩捷股份,2026-01-27,1,51.170,49.430,51.340,48.000,300210.000,2026-02-25T05:46:26.100Z
mm1m35bo5odmkf79o,002812,恩捷股份,2026-01-28,1,49.560,48.990,49.600,48.510,194748.000,2026-02-25T05:46:26.100Z
mm1m35bofe2or5ztq,002812,恩捷股份,2026-01-29,1,49.050,48.650,49.590,47.840,150798.000,2026-02-25T05:46:26.100Z
mm1m35boj8w7dufde,002812,恩捷股份,2026-01-30,1,49.860,50.990,51.700,49.220,393020.000,2026-02-25T05:46:26.100Z
mm1m35bocspzlkniy,002812,恩捷股份,2026-02-02,1,50.900,50.920,52.470,50.300,226045.000,2026-02-25T05:46:26.100Z
mm1m35bovzwbll0d5,002812,恩捷股份,2026-02-03,1,51.130,51.700,52.750,51.130,231448.000,2026-02-25T05:46:26.100Z
mm1m35tsb5e2awwmr,02097,蜜雪集团,2026-01-09,1,441.000,422.200,464.000,420.200,757478.000,2026-02-25T05:46:26.752Z
mm1m35tsngiqzh3lp,02097,蜜雪集团,2026-01-12,1,422.600,428.600,429.200,411.000,361548.000,2026-02-25T05:46:26.752Z
mm1m35tsr460iuaxr,02097,蜜雪集团,2026-01-13,1,428.800,425.400,430.000,419.000,246140.000,2026-02-25T05:46:26.752Z
mm1m35tsih8uzkyle,02097,蜜雪集团,2026-01-14,1,424.800,419.600,426.800,418.000,432691.000,2026-02-25T05:46:26.752Z
mm1m35tsqiopw3ybz,02097,蜜雪集团,2026-01-15,1,419.000,425.000,432.000,416.200,271044.000,2026-02-25T05:46:26.752Z
mm1m35tsq4zk68ok1,02097,蜜雪集团,2026-01-16,1,423.000,419.800,428.000,413.200,373957.000,2026-02-25T05:46:26.752Z
mm1m35tsrwprknxyy,02097,蜜雪集团,2026-01-19,1,419.400,428.600,440.000,413.600,391076.000,2026-02-25T05:46:26.752Z
mm1m35tsggj0x9jkn,02097,蜜雪集团,2026-01-20,1,429.000,444.200,450.000,429.000,708065.000,2026-02-25T05:46:26.752Z
mm1m35ts5v00cggi2,02097,蜜雪集团,2026-01-21,1,444.200,441.400,453.800,422.600,501236.000,2026-02-25T05:46:26.752Z
mm1m35tsjp65dm3ln,02097,蜜雪集团,2026-01-22,1,438.200,431.600,441.200,426.400,219207.000,2026-02-25T05:46:26.752Z
mm1m35tsfv1b9m0l1,02097,蜜雪集团,2026-01-23,1,430.000,430.400,440.000,423.000,274203.000,2026-02-25T05:46:26.752Z
mm1m35tsy5w1djgo2,02097,蜜雪集团,2026-01-26,1,435.200,446.600,449.000,426.800,490081.000,2026-02-25T05:46:26.752Z
mm1m35tstbopzphqo,02097,蜜雪集团,2026-01-27,1,448.400,446.200,461.800,439.000,578716.000,2026-02-25T05:46:26.752Z
mm1m35tssl7s0lg9j,02097,蜜雪集团,2026-01-28,1,435.000,397.600,437.000,396.000,3193375.000,2026-02-25T05:46:26.752Z
mm1m35tst7ushq7pw,02097,蜜雪集团,2026-01-29,1,400.000,399.800,404.000,387.000,1084842.000,2026-02-25T05:46:26.752Z
mm1m35tswr3fp9rec,02097,蜜雪集团,2026-01-30,1,400.200,397.600,404.000,394.000,271461.000,2026-02-25T05:46:26.752Z
mm1m35ts00pdnsnzh,02097,蜜雪集团,2026-02-02,1,397.600,388.000,397.600,385.800,403223.000,2026-02-25T05:46:26.752Z
mm1m35ts7tvgsq1a1,02097,蜜雪集团,2026-02-03,1,393.000,389.000,393.000,383.000,243634.000,2026-02-25T05:46:26.752Z
mm1m35tszr884wdr9,02097,蜜雪集团,2026-02-04,1,389.200,385.800,392.200,382.000,308374.000,2026-02-25T05:46:26.752Z
mm1m35tsl3821tztj,02097,蜜雪集团,2026-02-05,1,385.800,397.000,398.200,382.200,448688.000,2026-02-25T05:46:26.752Z
mm1m35tsalgdt51rb,02097,蜜雪集团,2026-02-06,1,397.000,400.000,403.800,394.200,415432.000,2026-02-25T05:46:26.752Z
mm1m36bxa51lmu3wb,09868,小鹏汽车-W,2026-01-09,1,79.800,78.550,80.400,77.950,12422950.000,2026-02-25T05:46:27.405Z
mm1m36bxfmx696hh1,09868,小鹏汽车-W,2026-01-12,1,78.050,80.350,80.350,76.600,19842203.000,2026-02-25T05:46:27.405Z
mm1m36bxsj6qgcrwq,09868,小鹏汽车-W,2026-01-13,1,83.950,82.100,84.600,81.750,25290088.000,2026-02-25T05:46:27.405Z
mm1m36bxh2rmzuozf,09868,小鹏汽车-W,2026-01-14,1,82.000,82.200,83.950,80.500,15811384.000,2026-02-25T05:46:27.405Z
mm1m36bx2mila722m,09868,小鹏汽车-W,2026-01-15,1,80.500,80.950,82.700,80.100,10197263.000,2026-02-25T05:46:27.405Z
mm1m36bxlxd6mk4uu,09868,小鹏汽车-W,2026-01-16,1,81.600,80.450,82.650,80.150,9470714.000,2026-02-25T05:46:27.405Z
mm1m36bx00lvsnep6,09868,小鹏汽车-W,2026-01-19,1,78.850,80.100,80.650,78.800,6939910.000,2026-02-25T05:46:27.405Z
mm1m36bxbiwhfkcel,09868,小鹏汽车-W,2026-01-20,1,80.550,79.500,81.000,78.700,7575843.000,2026-02-25T05:46:27.405Z
mm1m36bxkwwh3bvuf,09868,小鹏汽车-W,2026-01-21,1,78.150,79.300,79.650,77.650,13292351.000,2026-02-25T05:46:27.405Z
mm1m36bxd5snoi025,09868,小鹏汽车-W,2026-01-22,1,79.550,76.950,79.900,76.250,16761817.000,2026-02-25T05:46:27.405Z
mm1m36bxer4j366zf,09868,小鹏汽车-W,2026-01-23,1,77.700,76.800,77.700,75.600,11960713.000,2026-02-25T05:46:27.405Z
mm1m36bxg1a633hez,09868,小鹏汽车-W,2026-01-26,1,75.400,73.600,75.400,73.050,18442417.000,2026-02-25T05:46:27.405Z
mm1m36bxfnh755qaf,09868,小鹏汽车-W,2026-01-27,1,73.450,72.650,73.800,72.500,11345328.000,2026-02-25T05:46:27.405Z
mm1m36bx81ds0zi0h,09868,小鹏汽车-W,2026-01-28,1,72.850,74.800,75.200,71.650,18398424.000,2026-02-25T05:46:27.405Z
mm1m36bxmkdq2ml85,09868,小鹏汽车-W,2026-01-29,1,73.500,72.900,73.800,72.450,14459423.000,2026-02-25T05:46:27.405Z
mm1m36bxf8to0u917,09868,小鹏汽车-W,2026-01-30,1,72.300,71.650,72.800,71.150,11667972.000,2026-02-25T05:46:27.405Z
mm1m36bx4sfy1tonw,09868,小鹏汽车-W,2026-02-02,1,68.000,66.800,68.000,64.600,43125004.000,2026-02-25T05:46:27.405Z
mm1m36bx4x3fcldgs,09868,小鹏汽车-W,2026-02-03,1,65.400,66.700,67.050,64.600,19143498.000,2026-02-25T05:46:27.405Z
mm1m36bxzch1luyqd,09868,小鹏汽车-W,2026-02-04,1,66.950,66.550,68.200,66.100,16171536.000,2026-02-25T05:46:27.405Z
mm1m36bxff9565vbg,09868,小鹏汽车-W,2026-02-05,1,65.500,67.300,67.600,64.800,14343219.000,2026-02-25T05:46:27.405Z
mm1m36bxszd4s9x4s,09868,小鹏汽车-W,2026-02-06,1,65.350,67.050,68.400,65.350,14096238.000,2026-02-25T05:46:27.405Z
mm1m37cczy70piqva,09633,农夫山泉,2026-01-09,1,47.480,46.760,48.060,46.700,5903538.000,2026-02-25T05:46:28.716Z
mm1m37cc21xrl924x,09633,农夫山泉,2026-01-12,1,47.160,48.120,48.120,46.400,6466899.000,2026-02-25T05:46:28.716Z
mm1m37cch6us3u36s,09633,农夫山泉,2026-01-13,1,48.120,47.820,48.500,47.460,4989142.000,2026-02-25T05:46:28.716Z
mm1m37ccu3q58ns2b,09633,农夫山泉,2026-01-14,1,49.440,50.700,51.200,49.160,13226379.000,2026-02-25T05:46:28.716Z
mm1m37ccmy8rl3twc,09633,农夫山泉,2026-01-15,1,50.700,51.050,51.200,50.100,7642605.000,2026-02-25T05:46:28.716Z
mm1m37ccfqghnguhw,09633,农夫山泉,2026-01-16,1,51.300,50.850,51.850,50.700,2960107.000,2026-02-25T05:46:28.716Z
mm1m37ccgykvn58og,09633,农夫山泉,2026-01-19,1,50.300,49.480,50.850,49.340,3121000.000,2026-02-25T05:46:28.716Z
mm1m37cc63p3s955b,09633,农夫山泉,2026-01-20,1,49.500,49.600,50.300,49.140,3692600.000,2026-02-25T05:46:28.716Z
mm1m37ccabxwhy3do,09633,农夫山泉,2026-01-21,1,49.720,50.300,50.600,49.720,4178612.000,2026-02-25T05:46:28.716Z
mm1m37ccxz7f3yzyy,09633,农夫山泉,2026-01-22,1,50.100,50.250,51.400,50.100,4664605.000,2026-02-25T05:46:28.716Z
mm1m37ccl0uaj5tvo,09633,农夫山泉,2026-01-23,1,50.750,50.300,50.900,50.050,4551365.000,2026-02-25T05:46:28.716Z
mm1m37ccbo2aglpht,09633,农夫山泉,2026-01-26,1,50.100,48.660,50.350,48.240,7218928.000,2026-02-25T05:46:28.716Z
mm1m37ccrn5919u3o,09633,农夫山泉,2026-01-27,1,48.500,49.100,49.640,48.500,3509762.000,2026-02-25T05:46:28.716Z
mm1m37ccom33nu5qn,09633,农夫山泉,2026-01-28,1,49.100,50.200,50.350,49.040,7585336.000,2026-02-25T05:46:28.716Z
mm1m37cc4o0unvlm2,09633,农夫山泉,2026-01-29,1,49.300,49.780,49.960,49.160,6121849.000,2026-02-25T05:46:28.716Z
mm1m37ccd49phtt1i,09633,农夫山泉,2026-01-30,1,49.160,47.940,49.720,47.780,7302709.000,2026-02-25T05:46:28.716Z
mm1m37ccon3zohirq,09633,农夫山泉,2026-02-02,1,47.800,46.980,48.200,46.560,8300960.000,2026-02-25T05:46:28.716Z
mm1m37cc1cip4a625,09633,农夫山泉,2026-02-03,1,47.360,46.960,48.440,46.680,5502285.000,2026-02-25T05:46:28.716Z
mm1m37ccuwi9ojk0v,09633,农夫山泉,2026-02-04,1,46.960,48.280,48.640,46.900,6669941.000,2026-02-25T05:46:28.716Z
mm1m37ccs89zxy72s,09633,农夫山泉,2026-02-05,1,47.500,48.960,49.500,47.500,7794674.000,2026-02-25T05:46:28.716Z
mm1m37cclo7uko5jp,09633,农夫山泉,2026-02-06,1,48.140,48.380,48.960,48.100,5015268.000,2026-02-25T05:46:28.716Z
mm1m37uc9721kylju,002311,海大集团,2026-01-06,1,54.800,54.900,55.100,54.350,88876.000,2026-02-25T05:46:29.364Z
mm1m37uc4xry1nane,002311,海大集团,2026-01-07,1,54.990,54.020,55.000,53.690,103413.000,2026-02-25T05:46:29.364Z
mm1m37ucgf9qp0eg8,002311,海大集团,2026-01-08,1,53.970,52.990,54.300,52.680,94664.000,2026-02-25T05:46:29.364Z
mm1m37uco0deh48iy,002311,海大集团,2026-01-09,1,52.890,53.510,53.680,52.440,94842.000,2026-02-25T05:46:29.364Z
mm1m37ucfbhs2nna3,002311,海大集团,2026-01-12,1,53.410,52.980,53.680,52.520,79528.000,2026-02-25T05:46:29.364Z
mm1m37ucqx86fw8jo,002311,海大集团,2026-01-13,1,52.990,52.760,53.560,52.610,67595.000,2026-02-25T05:46:29.364Z
mm1m37ucs4wwtrru9,002311,海大集团,2026-01-14,1,52.710,53.020,53.630,52.580,83819.000,2026-02-25T05:46:29.364Z
mm1m37ucw01twgrdq,002311,海大集团,2026-01-15,1,53.040,53.630,54.400,53.040,84259.000,2026-02-25T05:46:29.364Z
mm1m37uchk13q44c6,002311,海大集团,2026-01-16,1,53.740,53.000,54.190,52.910,80047.000,2026-02-25T05:46:29.364Z
mm1m37uchcusy3z72,002311,海大集团,2026-01-19,1,53.100,53.070,53.370,52.600,94832.000,2026-02-25T05:46:29.364Z
mm1m37ucxduejxp7h,002311,海大集团,2026-01-20,1,53.000,52.350,53.590,52.230,88158.000,2026-02-25T05:46:29.364Z
mm1m37uc8x54jzog3,002311,海大集团,2026-01-21,1,52.350,51.740,52.420,51.630,112451.000,2026-02-25T05:46:29.364Z
mm1m37ucwuq1v81dl,002311,海大集团,2026-01-22,1,51.730,51.440,52.800,51.380,101192.000,2026-02-25T05:46:29.364Z
mm1m37uche8oxhncd,002311,海大集团,2026-01-23,1,51.470,51.030,51.780,50.990,117792.000,2026-02-25T05:46:29.364Z
mm1m37uc8j08p30zh,002311,海大集团,2026-01-26,1,51.280,51.920,52.190,50.480,127685.000,2026-02-25T05:46:29.364Z
mm1m37uc7jl8ohvwk,002311,海大集团,2026-01-27,1,51.860,50.600,52.250,50.600,88948.000,2026-02-25T05:46:29.364Z
mm1m37ucvj9nmwbil,002311,海大集团,2026-01-28,1,50.520,50.210,50.860,49.200,169769.000,2026-02-25T05:46:29.364Z
mm1m37uccantybwth,002311,海大集团,2026-01-29,1,50.210,51.900,51.900,50.000,141422.000,2026-02-25T05:46:29.364Z
mm1m37ucjk6n68x3o,002311,海大集团,2026-01-30,1,51.640,51.510,52.880,51.400,99289.000,2026-02-25T05:46:29.364Z
mm1m37ucs2630irwq,002311,海大集团,2026-02-02,1,51.550,51.210,52.950,51.100,89457.000,2026-02-25T05:46:29.364Z
mm1m37uclcvto5nmc,002311,海大集团,2026-02-03,1,51.150,51.530,51.600,50.380,67512.000,2026-02-25T05:46:29.364Z
mm1m38cj915isnkl8,09988,阿里巴巴-W,2026-01-09,1,148.000,146.500,149.500,145.900,115234256.000,2026-02-25T05:46:30.019Z
mm1m38cj3bssxav05,09988,阿里巴巴-W,2026-01-12,1,146.900,154.300,154.600,146.000,164580300.000,2026-02-25T05:46:30.019Z
mm1m38cj3p0ui6lof,09988,阿里巴巴-W,2026-01-13,1,162.000,159.900,164.000,157.400,153153842.000,2026-02-25T05:46:30.019Z
mm1m38cjkq6xgd5kx,09988,阿里巴巴-W,2026-01-14,1,163.800,169.000,169.800,162.100,244622843.000,2026-02-25T05:46:30.019Z
mm1m38cjsjbcb3w32,09988,阿里巴巴-W,2026-01-15,1,168.900,164.600,170.100,163.100,133061563.000,2026-02-25T05:46:30.019Z
mm1m38cjq931mu8un,09988,阿里巴巴-W,2026-01-16,1,167.900,166.200,168.700,165.000,79370877.000,2026-02-25T05:46:30.019Z
mm1m38cjkyrhmzkyh,09988,阿里巴巴-W,2026-01-19,1,162.000,160.400,162.500,160.100,72500898.000,2026-02-25T05:46:30.019Z
mm1m38cjleoi9p1nt,09988,阿里巴巴-W,2026-01-20,1,159.800,159.700,162.200,158.600,55456218.000,2026-02-25T05:46:30.019Z
mm1m38cjzo7ir3ase,09988,阿里巴巴-W,2026-01-21,1,158.300,163.200,164.900,158.300,67441221.000,2026-02-25T05:46:30.019Z
mm1m38cj8zfxgembq,09988,阿里巴巴-W,2026-01-22,1,166.000,164.800,166.500,162.800,59810988.000,2026-02-25T05:46:30.019Z
mm1m38cjaclw5suga,09988,阿里巴巴-W,2026-01-23,1,171.200,168.500,172.000,168.300,93252549.000,2026-02-25T05:46:30.019Z
mm1m38cjenrc9izar,09988,阿里巴巴-W,2026-01-26,1,169.500,165.200,170.200,164.500,67819829.000,2026-02-25T05:46:30.019Z
mm1m38cj965dv4cyk,09988,阿里巴巴-W,2026-01-27,1,166.800,169.900,169.900,164.900,73661350.000,2026-02-25T05:46:30.019Z
mm1m38cjfxhvkch7e,09988,阿里巴巴-W,2026-01-28,1,170.500,173.500,173.800,168.600,102209414.000,2026-02-25T05:46:30.019Z
mm1m38cjyrjps0v9x,09988,阿里巴巴-W,2026-01-29,1,171.100,173.300,174.200,170.300,67539478.000,2026-02-25T05:46:30.019Z
mm1m38cjccywzlkxj,09988,阿里巴巴-W,2026-01-30,1,170.000,169.200,170.700,167.000,75134065.000,2026-02-25T05:46:30.019Z
mm1m38cjf72ufvi6o,09988,阿里巴巴-W,2026-02-02,1,164.700,163.300,167.900,161.000,100747598.000,2026-02-25T05:46:30.019Z
mm1m38cjnyho1h7lz,09988,阿里巴巴-W,2026-02-03,1,165.400,161.000,166.000,155.200,111086312.000,2026-02-25T05:46:30.019Z
mm1m38ckyoxug6mu3,09988,阿里巴巴-W,2026-02-04,1,159.400,159.500,162.300,157.100,71689072.000,2026-02-25T05:46:30.019Z
mm1m38ckjhf79881w,09988,阿里巴巴-W,2026-02-05,1,155.500,159.600,160.400,154.000,89720504.000,2026-02-25T05:46:30.019Z
mm1m38cke3arco5fs,09988,阿里巴巴-W,2026-02-06,1,153.500,155.000,156.800,153.200,78125091.000,2026-02-25T05:46:30.019Z
mm1m38uwlslsjpyr4,09660,地平线机器人-W,2026-01-09,1,9.760,9.550,9.790,9.500,119136940.000,2026-02-25T05:46:30.680Z
mm1m38uwi1h7wez2t,09660,地平线机器人-W,2026-01-12,1,9.640,9.150,9.700,8.800,346268616.000,2026-02-25T05:46:30.680Z
mm1m38uwnc3qfoqci,09660,地平线机器人-W,2026-01-13,1,9.250,9.400,9.430,9.030,138949323.000,2026-02-25T05:46:30.680Z
mm1m38uw7slx1l2fi,09660,地平线机器人-W,2026-01-14,1,9.420,9.210,9.490,9.040,160022761.000,2026-02-25T05:46:30.680Z
mm1m38uwkv0hzeqyy,09660,地平线机器人-W,2026-01-15,1,9.290,9.380,9.550,9.160,118501458.000,2026-02-25T05:46:30.680Z
mm1m38uw5zocrnefk,09660,地平线机器人-W,2026-01-16,1,9.520,9.370,9.650,9.310,123470023.000,2026-02-25T05:46:30.680Z
mm1m38uw3bsj8ioal,09660,地平线机器人-W,2026-01-19,1,9.330,9.390,9.490,9.250,70958737.000,2026-02-25T05:46:30.680Z
mm1m38uwxp1e3ijot,09660,地平线机器人-W,2026-01-20,1,9.490,9.210,9.620,9.150,101521008.000,2026-02-25T05:46:30.680Z
mm1m38uwhbl60o75t,09660,地平线机器人-W,2026-01-21,1,9.190,9.290,9.320,9.000,93971558.000,2026-02-25T05:46:30.680Z
mm1m38uwj3vki5mbs,09660,地平线机器人-W,2026-01-22,1,9.350,8.890,9.440,8.680,217016881.000,2026-02-25T05:46:30.680Z
mm1m38uwtf4ie0pon,09660,地平线机器人-W,2026-01-23,1,9.000,9.050,9.120,8.750,125879932.000,2026-02-25T05:46:30.680Z
mm1m38uwmj8jeg55o,09660,地平线机器人-W,2026-01-26,1,9.120,8.900,9.130,8.780,88885594.000,2026-02-25T05:46:30.680Z
mm1m38uwk1eub3r2s,09660,地平线机器人-W,2026-01-27,1,8.930,8.880,8.940,8.570,95036743.000,2026-02-25T05:46:30.680Z
mm1m38uwkkth81p9i,09660,地平线机器人-W,2026-01-28,1,8.910,8.920,8.970,8.780,77345974.000,2026-02-25T05:46:30.680Z
mm1m38uwdthboj03s,09660,地平线机器人-W,2026-01-29,1,8.900,8.390,8.910,8.360,243779614.000,2026-02-25T05:46:30.680Z
mm1m38uwzingunm5k,09660,地平线机器人-W,2026-01-30,1,8.340,8.230,8.340,8.020,186385182.000,2026-02-25T05:46:30.680Z
mm1m38uwhl5lvo4a0,09660,地平线机器人-W,2026-02-02,1,8.230,7.980,8.230,7.900,148084136.000,2026-02-25T05:46:30.680Z
mm1m38uw9fusj0mu9,09660,地平线机器人-W,2026-02-03,1,8.000,8.090,8.190,7.900,143026981.000,2026-02-25T05:46:30.680Z
mm1m38uwy3kkja3xo,09660,地平线机器人-W,2026-02-04,1,8.090,7.960,8.100,7.790,120616416.000,2026-02-25T05:46:30.680Z
mm1m38uw2000lenav,09660,地平线机器人-W,2026-02-05,1,7.880,8.250,8.260,7.760,204296556.000,2026-02-25T05:46:30.680Z
mm1m38uw2a6iwt7by,09660,地平线机器人-W,2026-02-06,1,8.000,8.060,8.180,7.980,70402680.000,2026-02-25T05:46:30.680Z
mm1m39dem1xfi5iq7,01801,信达生物,2026-01-09,1,87.900,89.300,89.700,87.250,10355540.000,2026-02-25T05:46:31.346Z
mm1m39debyw16x9n4,01801,信达生物,2026-01-12,1,89.200,89.450,90.450,88.000,13377301.000,2026-02-25T05:46:31.346Z
mm1m39deld5nz0nnk,01801,信达生物,2026-01-13,1,90.600,89.350,92.750,88.200,15968502.000,2026-02-25T05:46:31.346Z
mm1m39dec1d6dqq05,01801,信达生物,2026-01-14,1,90.000,89.450,91.850,88.400,9961587.000,2026-02-25T05:46:31.346Z
mm1m39de0a1l18kmh,01801,信达生物,2026-01-15,1,90.850,89.000,91.450,88.400,11496890.000,2026-02-25T05:46:31.346Z
mm1m39de17mf1c7ta,01801,信达生物,2026-01-16,1,89.050,89.500,90.450,88.350,6745760.000,2026-02-25T05:46:31.346Z
mm1m39de6u5g1uvf3,01801,信达生物,2026-01-19,1,88.200,85.350,89.350,83.600,14220211.000,2026-02-25T05:46:31.346Z
mm1m39deznhanjqiz,01801,信达生物,2026-01-20,1,85.100,83.200,86.050,82.750,9115621.000,2026-02-25T05:46:31.346Z
mm1m39derusu8bzye,01801,信达生物,2026-01-21,1,83.500,82.700,83.750,81.550,9690567.000,2026-02-25T05:46:31.346Z
mm1m39deeb88zyg07,01801,信达生物,2026-01-22,1,83.800,81.400,83.800,80.450,11677219.000,2026-02-25T05:46:31.346Z
mm1m39dedt7ycq366,01801,信达生物,2026-01-23,1,82.000,83.700,84.200,81.200,12098345.000,2026-02-25T05:46:31.346Z
mm1m39de8fk0rhjf7,01801,信达生物,2026-01-26,1,83.500,81.650,84.150,80.750,7616737.000,2026-02-25T05:46:31.346Z
mm1m39dehej41lrsd,01801,信达生物,2026-01-27,1,81.900,81.850,82.400,80.300,6794942.000,2026-02-25T05:46:31.346Z
mm1m39de3ijouh8ux,01801,信达生物,2026-01-28,1,83.000,84.550,84.550,81.900,11596536.000,2026-02-25T05:46:31.346Z
mm1m39dey62fqlfv0,01801,信达生物,2026-01-29,1,83.400,82.500,83.850,82.100,8373093.000,2026-02-25T05:46:31.346Z
mm1m39deg24ll1qub,01801,信达生物,2026-01-30,1,82.500,81.100,84.500,80.750,8276823.000,2026-02-25T05:46:31.346Z
mm1m39debn8bkdq76,01801,信达生物,2026-02-02,1,81.000,78.700,81.600,77.800,8446227.000,2026-02-25T05:46:31.346Z
mm1m39deius7xet5x,01801,信达生物,2026-02-03,1,78.700,78.800,79.400,77.150,6865767.000,2026-02-25T05:46:31.346Z
mm1m39detis9wodnr,01801,信达生物,2026-02-04,1,79.200,80.650,81.850,77.300,9258513.000,2026-02-25T05:46:31.346Z
mm1m39de0hgxlpgse,01801,信达生物,2026-02-05,1,79.300,79.900,81.550,76.750,15014522.000,2026-02-25T05:46:31.346Z
mm1m39derey225lnt,01801,信达生物,2026-02-06,1,77.100,79.500,80.950,77.100,8294071.000,2026-02-25T05:46:31.346Z
mm1m39vppr08885up,06969,思摩尔国际,2026-01-09,1,12.040,11.790,12.050,11.740,17882234.000,2026-02-25T05:46:32.005Z
mm1m39vpfkhc4ujep,06969,思摩尔国际,2026-01-12,1,11.620,11.700,11.770,10.970,28714819.000,2026-02-25T05:46:32.005Z
mm1m39vpxaga1ws83,06969,思摩尔国际,2026-01-13,1,11.710,11.230,11.850,11.080,25284834.000,2026-02-25T05:46:32.005Z
mm1m39vpb1rb6apdd,06969,思摩尔国际,2026-01-14,1,11.230,11.150,11.250,10.940,23187000.000,2026-02-25T05:46:32.005Z
mm1m39vppfoop9bgd,06969,思摩尔国际,2026-01-15,1,11.160,11.180,11.200,11.020,10729000.000,2026-02-25T05:46:32.005Z
mm1m39vp8yfxh7al9,06969,思摩尔国际,2026-01-16,1,11.220,10.930,11.250,10.860,16285735.000,2026-02-25T05:46:32.005Z
mm1m39vpiwn5xc9y8,06969,思摩尔国际,2026-01-19,1,10.890,10.670,10.940,10.550,20273747.000,2026-02-25T05:46:32.005Z
mm1m39vpv9xqw8tan,06969,思摩尔国际,2026-01-20,1,10.590,10.980,11.200,10.590,15773900.000,2026-02-25T05:46:32.005Z
mm1m39vpqodkl8c8j,06969,思摩尔国际,2026-01-21,1,11.000,10.760,11.000,10.600,11096794.000,2026-02-25T05:46:32.005Z
mm1m39vp167re3ohh,06969,思摩尔国际,2026-01-22,1,10.800,11.000,11.030,10.700,12364252.000,2026-02-25T05:46:32.005Z
mm1m39vp7j6yiemu8,06969,思摩尔国际,2026-01-23,1,11.000,10.890,11.090,10.860,7167763.000,2026-02-25T05:46:32.005Z
mm1m39vp5yi55xu92,06969,思摩尔国际,2026-01-26,1,10.890,10.750,10.950,10.570,7888379.000,2026-02-25T05:46:32.005Z
mm1m39vpicqur56r9,06969,思摩尔国际,2026-01-27,1,10.720,10.660,10.800,10.560,6667704.000,2026-02-25T05:46:32.005Z
mm1m39vpzmzefugus,06969,思摩尔国际,2026-01-28,1,10.610,10.840,10.950,10.550,10169856.000,2026-02-25T05:46:32.005Z
mm1m39vphtfrt4yqh,06969,思摩尔国际,2026-01-29,1,10.920,11.390,11.550,10.680,41454107.000,2026-02-25T05:46:32.005Z
mm1m39vpb3222n2w9,06969,思摩尔国际,2026-01-30,1,11.390,11.320,11.440,11.080,20923503.000,2026-02-25T05:46:32.005Z
mm1m39vp1zy4f0b2g,06969,思摩尔国际,2026-02-02,1,11.260,11.130,11.590,11.050,13111000.000,2026-02-25T05:46:32.005Z
mm1m39vpyxajkca1s,06969,思摩尔国际,2026-02-03,1,11.140,10.830,11.360,10.700,13227410.000,2026-02-25T05:46:32.005Z
mm1m39vp9cvm5yusq,06969,思摩尔国际,2026-02-04,1,10.780,11.010,11.080,10.640,7774999.000,2026-02-25T05:46:32.005Z
mm1m39vpa4f9vxq9o,06969,思摩尔国际,2026-02-05,1,11.010,12.000,12.260,10.870,52663904.000,2026-02-25T05:46:32.005Z
mm1m39vpdnrriilqj,06969,思摩尔国际,2026-02-06,1,11.830,12.130,12.340,11.320,43077977.000,2026-02-25T05:46:32.005Z
mm1m3adwi0hegfh1g,000034,神州数码,2026-01-06,1,39.620,39.960,39.990,39.350,211627.000,2026-02-25T05:46:32.660Z
mm1m3adw5kifszozf,000034,神州数码,2026-01-07,1,40.100,39.570,40.180,39.440,193457.000,2026-02-25T05:46:32.660Z
mm1m3adw928z9oza5,000034,神州数码,2026-01-08,1,39.490,40.230,40.880,39.440,316350.000,2026-02-25T05:46:32.660Z
mm1m3adwwe8d7sflg,000034,神州数码,2026-01-09,1,40.050,41.100,41.110,39.930,291865.000,2026-02-25T05:46:32.660Z
mm1m3adwstsp270jd,000034,神州数码,2026-01-12,1,41.400,42.400,42.480,41.120,415737.000,2026-02-25T05:46:32.660Z
mm1m3adwxlfct16bd,000034,神州数码,2026-01-13,1,42.580,40.830,42.610,40.760,330210.000,2026-02-25T05:46:32.660Z
mm1m3adws4q1wr60a,000034,神州数码,2026-01-14,1,41.350,41.880,42.680,41.080,391978.000,2026-02-25T05:46:32.660Z
mm1m3adw2tlmjw220,000034,神州数码,2026-01-15,1,42.060,41.720,42.580,41.400,264406.000,2026-02-25T05:46:32.660Z
mm1m3adwl1a1ldf4v,000034,神州数码,2026-01-16,1,41.500,41.120,41.890,40.220,287377.000,2026-02-25T05:46:32.660Z
mm1m3adwimrcvg2cg,000034,神州数码,2026-01-19,1,40.860,40.390,41.080,40.220,191046.000,2026-02-25T05:46:32.660Z
mm1m3adwvhinuuphe,000034,神州数码,2026-01-20,1,40.390,39.790,40.680,39.410,184089.000,2026-02-25T05:46:32.660Z
mm1m3adw9tzc1r11z,000034,神州数码,2026-01-21,1,39.220,40.000,40.480,39.220,148316.000,2026-02-25T05:46:32.660Z
mm1m3adw6fxydqjkt,000034,神州数码,2026-01-22,1,40.500,40.620,41.950,40.300,248082.000,2026-02-25T05:46:32.660Z
mm1m3adwti5kiyzi0,000034,神州数码,2026-01-23,1,40.600,40.380,40.720,40.060,179625.000,2026-02-25T05:46:32.660Z
mm1m3adw1rxbtvzbb,000034,神州数码,2026-01-26,1,40.500,39.770,41.640,39.240,256643.000,2026-02-25T05:46:32.660Z
mm1m3adwmasw4rm8o,000034,神州数码,2026-01-27,1,39.770,39.440,40.070,38.580,204440.000,2026-02-25T05:46:32.660Z
mm1m3adwss1ow5ka6,000034,神州数码,2026-01-28,1,40.040,39.800,40.800,39.750,275615.000,2026-02-25T05:46:32.660Z
mm1m3adwe5tauobbx,000034,神州数码,2026-01-29,1,39.460,38.840,40.100,38.500,205037.000,2026-02-25T05:46:32.660Z
mm1m3adwk2sxru3rv,000034,神州数码,2026-01-30,1,38.600,38.040,39.200,37.710,170835.000,2026-02-25T05:46:32.660Z
mm1m3adw10i3xy08s,000034,神州数码,2026-02-02,1,37.880,36.750,38.200,36.720,188204.000,2026-02-25T05:46:32.660Z
mm1m3adwyymd91icb,000034,神州数码,2026-02-03,1,37.170,37.530,37.590,36.530,178539.000,2026-02-25T05:46:32.660Z
mm1m3awej7fysk5ma,600276,恒瑞医药,2026-01-06,1,63.360,63.060,63.480,62.400,463525.000,2026-02-25T05:46:33.326Z
mm1m3aweb2kyyymac,600276,恒瑞医药,2026-01-07,1,63.010,63.850,64.800,63.000,524652.000,2026-02-25T05:46:33.326Z
mm1m3awewzmz8mh4n,600276,恒瑞医药,2026-01-08,1,65.000,63.600,65.050,63.030,447749.000,2026-02-25T05:46:33.326Z
mm1m3awezphd3gnj8,600276,恒瑞医药,2026-01-09,1,63.580,63.780,64.200,62.800,426358.000,2026-02-25T05:46:33.326Z
mm1m3awen3prhd7lx,600276,恒瑞医药,2026-01-12,1,64.100,63.850,64.300,63.210,428770.000,2026-02-25T05:46:33.326Z
mm1m3awe96uf0wbr9,600276,恒瑞医药,2026-01-13,1,64.300,64.520,65.830,64.050,740340.000,2026-02-25T05:46:33.326Z
mm1m3awebvyfw87ey,600276,恒瑞医药,2026-01-14,1,64.550,63.610,65.600,63.200,629255.000,2026-02-25T05:46:33.326Z
mm1m3awe8zclokxv9,600276,恒瑞医药,2026-01-15,1,63.180,63.170,63.830,62.700,467612.000,2026-02-25T05:46:33.326Z
mm1m3awesmgmzc0le,600276,恒瑞医药,2026-01-16,1,63.350,61.940,63.520,61.660,523786.000,2026-02-25T05:46:33.326Z
mm1m3awean577b8c4,600276,恒瑞医药,2026-01-19,1,61.800,61.120,62.380,60.660,473891.000,2026-02-25T05:46:33.326Z
mm1m3awe0031tnvva,600276,恒瑞医药,2026-01-20,1,61.130,60.500,61.650,60.400,427755.000,2026-02-25T05:46:33.326Z
mm1m3aweycqfx44mg,600276,恒瑞医药,2026-01-21,1,60.510,60.100,60.880,59.860,546035.000,2026-02-25T05:46:33.326Z
mm1m3aweioerywf06,600276,恒瑞医药,2026-01-22,1,60.360,59.440,60.360,59.300,537068.000,2026-02-25T05:46:33.326Z
mm1m3awevvfexxna1,600276,恒瑞医药,2026-01-23,1,59.730,58.990,60.270,58.760,808043.000,2026-02-25T05:46:33.326Z
mm1m3awec5ppnn9r9,600276,恒瑞医药,2026-01-26,1,58.990,58.160,59.160,58.050,727329.000,2026-02-25T05:46:33.326Z
mm1m3awelttq3n3rn,600276,恒瑞医药,2026-01-27,1,58.390,57.200,58.490,57.140,637255.000,2026-02-25T05:46:33.326Z
mm1m3aweaztnhm74q,600276,恒瑞医药,2026-01-28,1,57.440,56.550,57.800,56.300,878750.000,2026-02-25T05:46:33.326Z
mm1m3aweyxwky8jf1,600276,恒瑞医药,2026-01-29,1,56.350,58.110,58.370,56.080,1137825.000,2026-02-25T05:46:33.326Z
mm1m3awe9q6euss7v,600276,恒瑞医药,2026-01-30,1,58.000,58.160,59.790,57.760,852045.000,2026-02-25T05:46:33.326Z
mm1m3aweypfa6f6d3,600276,恒瑞医药,2026-02-02,1,57.760,56.490,58.330,56.310,609580.000,2026-02-25T05:46:33.326Z
mm1m3awedinqj1wrz,600276,恒瑞医药,2026-02-03,1,57.000,57.470,57.690,56.500,498835.000,2026-02-25T05:46:33.326Z
mm1m3bf8xphgjd6vr,03690,美团-W,2026-01-09,1,100.000,98.500,100.600,98.200,71605201.000,2026-02-25T05:46:34.003Z
mm1m3bf8b3rnjdocy,03690,美团-W,2026-01-12,1,101.300,105.000,106.400,100.800,108743770.000,2026-02-25T05:46:34.003Z
mm1m3bf8e1bie4cb2,03690,美团-W,2026-01-13,1,106.500,104.900,107.000,103.900,52013088.000,2026-02-25T05:46:34.003Z
mm1m3bf88jkqlu9fr,03690,美团-W,2026-01-14,1,104.900,101.500,104.900,100.400,80092305.000,2026-02-25T05:46:34.003Z
mm1m3bf80dopog34w,03690,美团-W,2026-01-15,1,102.000,100.800,102.300,100.200,39093176.000,2026-02-25T05:46:34.003Z
mm1m3bf8008fla8s0,03690,美团-W,2026-01-16,1,101.900,100.000,102.500,99.350,37523001.000,2026-02-25T05:46:34.003Z
mm1m3bf8vr1vt5f90,03690,美团-W,2026-01-19,1,98.800,98.500,99.900,98.300,37288820.000,2026-02-25T05:46:34.003Z
mm1m3bf8wfi3s06af,03690,美团-W,2026-01-20,1,98.300,97.350,99.450,97.050,45401371.000,2026-02-25T05:46:34.003Z
mm1m3bf8791lm8263,03690,美团-W,2026-01-21,1,97.000,97.300,98.000,96.300,38515912.000,2026-02-25T05:46:34.003Z
mm1m3bf82pzs71ekk,03690,美团-W,2026-01-22,1,97.350,97.000,98.100,96.200,34480371.000,2026-02-25T05:46:34.003Z
mm1m3bf8dbldc1eka,03690,美团-W,2026-01-23,1,97.300,97.550,98.800,97.000,37200891.000,2026-02-25T05:46:34.003Z
mm1m3bf8oiqzpuykk,03690,美团-W,2026-01-26,1,97.950,97.100,97.950,96.200,31250095.000,2026-02-25T05:46:34.003Z
mm1m3bf84yp7djv74,03690,美团-W,2026-01-27,1,97.100,96.550,97.550,96.200,27407450.000,2026-02-25T05:46:34.003Z
mm1m3bf8d7ahicyv6,03690,美团-W,2026-01-28,1,97.000,98.350,98.400,96.100,39950423.000,2026-02-25T05:46:34.003Z
mm1m3bf8hzzr6vnpw,03690,美团-W,2026-01-29,1,97.300,98.600,98.900,97.050,27680308.000,2026-02-25T05:46:34.003Z
mm1m3bf8p3sg7iq7x,03690,美团-W,2026-01-30,1,98.050,97.200,98.950,97.200,28956959.000,2026-02-25T05:46:34.003Z
mm1m3bf8hboztb24c,03690,美团-W,2026-02-02,1,96.500,94.850,96.950,94.050,54620063.000,2026-02-25T05:46:34.003Z
mm1m3bf8ky6b9t2ue,03690,美团-W,2026-02-03,1,95.100,93.200,95.650,91.150,50436330.000,2026-02-25T05:46:34.003Z
mm1m3bf8a3zd6aior,03690,美团-W,2026-02-04,1,91.500,92.150,92.650,90.700,53329150.000,2026-02-25T05:46:34.003Z
mm1m3bf8slgbeee8q,03690,美团-W,2026-02-05,1,90.200,93.800,93.950,90.200,39784843.000,2026-02-25T05:46:34.003Z
mm1m3bf8o18klhvcy,03690,美团-W,2026-02-06,1,92.550,91.400,94.500,91.150,39226920.000,2026-02-25T05:46:34.003Z
mm1m3bxtxbhuwvlr6,600563,法拉电子,2026-01-06,1,107.480,108.090,108.380,106.000,38460.000,2026-02-25T05:46:34.673Z
mm1m3bxta0mijo6oj,600563,法拉电子,2026-01-07,1,108.150,107.250,108.580,106.700,33346.000,2026-02-25T05:46:34.673Z
mm1m3bxt6fk66lldk,600563,法拉电子,2026-01-08,1,106.980,106.730,108.060,106.250,33954.000,2026-02-25T05:46:34.673Z
mm1m3bxt3g4mxjgdc,600563,法拉电子,2026-01-09,1,106.260,108.050,108.490,106.080,40543.000,2026-02-25T05:46:34.673Z
mm1m3bxtvp3rcmgv3,600563,法拉电子,2026-01-12,1,108.400,108.580,109.000,106.760,42292.000,2026-02-25T05:46:34.673Z
mm1m3bxtowv0faeyb,600563,法拉电子,2026-01-13,1,108.580,107.000,108.590,105.750,47053.000,2026-02-25T05:46:34.673Z
mm1m3bxt3wl0ydcfx,600563,法拉电子,2026-01-14,1,106.980,105.630,107.530,105.000,49451.000,2026-02-25T05:46:34.673Z
mm1m3bxt8njaard0l,600563,法拉电子,2026-01-15,1,105.210,105.500,106.370,104.640,31488.000,2026-02-25T05:46:34.673Z
mm1m3bxtvdfiwztw2,600563,法拉电子,2026-01-16,1,106.300,108.490,109.900,105.800,77229.000,2026-02-25T05:46:34.673Z
mm1m3bxtppsuc34kc,600563,法拉电子,2026-01-19,1,109.500,110.480,111.620,109.110,60638.000,2026-02-25T05:46:34.673Z
mm1m3bxt8kkhwsw9s,600563,法拉电子,2026-01-20,1,112.190,111.810,113.930,110.620,65980.000,2026-02-25T05:46:34.673Z
mm1m3bxt6ag6xryxn,600563,法拉电子,2026-01-21,1,110.610,115.590,116.280,110.200,80855.000,2026-02-25T05:46:34.673Z
mm1m3bxt77qkozhof,600563,法拉电子,2026-01-22,1,115.980,114.450,116.000,113.700,49188.000,2026-02-25T05:46:34.673Z
mm1m3bxti2ajvjzuo,600563,法拉电子,2026-01-23,1,115.150,117.560,118.300,115.100,58879.000,2026-02-25T05:46:34.673Z
mm1m3bxtcs94qy3up,600563,法拉电子,2026-01-26,1,117.580,115.990,117.690,114.410,69567.000,2026-02-25T05:46:34.673Z
mm1m3bxtaxgkg79p9,600563,法拉电子,2026-01-27,1,115.110,115.000,116.850,112.670,49352.000,2026-02-25T05:46:34.673Z
mm1m3bxtua561krfq,600563,法拉电子,2026-01-28,1,115.100,114.720,115.920,113.970,45999.000,2026-02-25T05:46:34.673Z
mm1m3bxtk50m70yox,600563,法拉电子,2026-01-29,1,114.700,110.700,114.700,110.440,55028.000,2026-02-25T05:46:34.673Z
mm1m3bxtizwdulm7h,600563,法拉电子,2026-01-30,1,110.240,108.690,111.120,106.600,47614.000,2026-02-25T05:46:34.673Z
mm1m3bxtfj9ul3j7o,600563,法拉电子,2026-02-02,1,107.900,103.690,108.880,103.680,59306.000,2026-02-25T05:46:34.673Z
mm1m3bxtrk2udsscr,600563,法拉电子,2026-02-03,1,105.000,107.350,107.370,104.870,40731.000,2026-02-25T05:46:34.673Z
mm1m3cg1tk9ez66h6,02015,理想汽车-W,2026-01-09,1,65.450,65.050,66.200,64.850,9191815.000,2026-02-25T05:46:35.329Z
mm1m3cg1w8os5fg4e,02015,理想汽车-W,2026-01-12,1,64.600,65.050,65.100,63.000,15608119.000,2026-02-25T05:46:35.329Z
mm1m3cg1at2otgbeo,02015,理想汽车-W,2026-01-13,1,66.000,65.050,66.900,64.800,11705769.000,2026-02-25T05:46:35.329Z
mm1m3cg1mwfhp9tqs,02015,理想汽车-W,2026-01-14,1,65.050,63.900,65.450,63.450,12037002.000,2026-02-25T05:46:35.329Z
mm1m3cg191wo4hca6,02015,理想汽车-W,2026-01-15,1,63.800,64.250,65.050,63.400,8415486.000,2026-02-25T05:46:35.329Z
mm1m3cg1ihmtup3sk,02015,理想汽车-W,2026-01-16,1,64.800,62.800,65.300,62.700,10717108.000,2026-02-25T05:46:35.329Z
mm1m3cg17uprufa69,02015,理想汽车-W,2026-01-19,1,62.150,62.550,63.200,61.700,7763326.000,2026-02-25T05:46:35.329Z
mm1m3cg1uu1e28vrk,02015,理想汽车-W,2026-01-20,1,62.750,61.850,63.300,61.850,8220565.000,2026-02-25T05:46:35.329Z
mm1m3cg1jny5b4p7n,02015,理想汽车-W,2026-01-21,1,61.500,62.950,63.250,61.150,8465968.000,2026-02-25T05:46:35.329Z
mm1m3cg1orn849osi,02015,理想汽车-W,2026-01-22,1,63.100,65.550,65.800,63.100,20120545.000,2026-02-25T05:46:35.329Z
mm1m3cg1ppib5hm9q,02015,理想汽车-W,2026-01-23,1,66.000,65.850,67.450,65.500,17818055.000,2026-02-25T05:46:35.329Z
mm1m3cg19xc9l2oaq,02015,理想汽车-W,2026-01-26,1,65.800,65.750,66.550,64.250,12928113.000,2026-02-25T05:46:35.329Z
mm1m3cg1wgufco1go,02015,理想汽车-W,2026-01-27,1,66.050,65.300,66.850,65.300,6158334.000,2026-02-25T05:46:35.329Z
mm1m3cg1jyjbqor4j,02015,理想汽车-W,2026-01-28,1,65.700,68.500,68.750,64.650,20336254.000,2026-02-25T05:46:35.329Z
mm1m3cg171d1ezhzr,02015,理想汽车-W,2026-01-29,1,68.000,67.700,68.050,66.550,14440261.000,2026-02-25T05:46:35.329Z
mm1m3cg1ym12tc84y,02015,理想汽车-W,2026-01-30,1,67.500,65.950,67.500,65.650,10476879.000,2026-02-25T05:46:35.329Z
mm1m3cg1g4u8kmg4a,02015,理想汽车-W,2026-02-02,1,65.000,64.450,65.650,63.400,12502037.000,2026-02-25T05:46:35.329Z
mm1m3cg1hn36pzxfv,02015,理想汽车-W,2026-02-03,1,64.450,65.650,66.150,63.800,10110758.000,2026-02-25T05:46:35.329Z
mm1m3cg1wjopo3adi,02015,理想汽车-W,2026-02-04,1,66.250,67.900,69.350,65.950,16295162.000,2026-02-25T05:46:35.329Z
mm1m3cg1qxh0c1uhq,02015,理想汽车-W,2026-02-05,1,67.500,69.200,69.750,67.300,14535218.000,2026-02-25T05:46:35.329Z
mm1m3cg1vkuh3s2hn,02015,理想汽车-W,2026-02-06,1,68.700,71.700,73.050,68.550,29398184.000,2026-02-25T05:46:35.329Z
mm1m3cyb37seriuui,600519,贵州茅台,2026-01-06,1,1432.550,1428.010,1436.970,1416.530,39586.000,2026-02-25T05:46:35.987Z
mm1m3cybr922kqxbe,600519,贵州茅台,2026-01-07,1,1432.880,1423.360,1435.000,1420.200,29684.000,2026-02-25T05:46:35.987Z
mm1m3cybzb4pa5lus,600519,贵州茅台,2026-01-08,1,1423.330,1412.300,1423.360,1408.140,29135.000,2026-02-25T05:46:35.987Z
mm1m3cyb6e6ma92no,600519,贵州茅台,2026-01-09,1,1417.000,1419.100,1428.600,1416.010,29848.000,2026-02-25T05:46:35.987Z
mm1m3cybmmz661a0r,600519,贵州茅台,2026-01-12,1,1419.100,1423.230,1431.000,1417.100,36083.000,2026-02-25T05:46:35.987Z
mm1m3cyb769ov99i7,600519,贵州茅台,2026-01-13,1,1426.790,1411.000,1429.520,1408.990,39169.000,2026-02-25T05:46:35.987Z
mm1m3cyboc7h861nf,600519,贵州茅台,2026-01-14,1,1411.000,1398.010,1422.250,1396.180,51758.000,2026-02-25T05:46:35.987Z
mm1m3cybwffayalq3,600519,贵州茅台,2026-01-15,1,1396.020,1388.890,1402.830,1388.580,40907.000,2026-02-25T05:46:35.987Z
mm1m3cybets3gwb17,600519,贵州茅台,2026-01-16,1,1395.000,1382.000,1397.500,1380.000,55121.000,2026-02-25T05:46:35.987Z
mm1m3cyb5ix2ao84h,600519,贵州茅台,2026-01-19,1,1381.900,1376.000,1387.490,1375.000,42286.000,2026-02-25T05:46:35.987Z
mm1m3cybwfw2vd5p9,600519,贵州茅台,2026-01-20,1,1379.500,1373.550,1381.580,1372.050,36484.000,2026-02-25T05:46:35.987Z
mm1m3cybbceow89an,600519,贵州茅台,2026-01-21,1,1373.560,1351.060,1374.400,1350.000,64516.000,2026-02-25T05:46:35.987Z
mm1m3cyb0pl5jigvt,600519,贵州茅台,2026-01-22,1,1352.010,1340.060,1361.760,1337.480,59011.000,2026-02-25T05:46:35.987Z
mm1m3cybv58mnknr3,600519,贵州茅台,2026-01-23,1,1340.100,1337.000,1348.000,1332.470,61949.000,2026-02-25T05:46:35.987Z
mm1m3cyblvyj19nd7,600519,贵州茅台,2026-01-26,1,1340.510,1342.000,1355.000,1325.120,80166.000,2026-02-25T05:46:35.987Z
mm1m3cybhiv0e61wr,600519,贵州茅台,2026-01-27,1,1344.980,1343.010,1353.700,1338.000,48416.000,2026-02-25T05:46:35.987Z
mm1m3cyb356immkf9,600519,贵州茅台,2026-01-28,1,1343.040,1323.690,1346.710,1322.010,76218.000,2026-02-25T05:46:35.987Z
mm1m3cyb5u8lrjadn,600519,贵州茅台,2026-01-29,1,1335.000,1437.720,1445.000,1329.060,189534.000,2026-02-25T05:46:35.987Z
mm1m3cyb8o2f39jzz,600519,贵州茅台,2026-01-30,1,1435.000,1401.000,1435.000,1401.000,94480.000,2026-02-25T05:46:35.987Z
mm1m3cybmsx84eih6,600519,贵州茅台,2026-02-02,1,1425.000,1427.000,1458.580,1411.620,85724.000,2026-02-25T05:46:35.987Z
mm1m3cybn5vp5ifdh,600519,贵州茅台,2026-02-03,1,1445.000,1474.920,1476.810,1443.030,86321.000,2026-02-25T05:46:35.987Z
mm1m3dgojkhbefd8l,600845,宝信软件,2026-01-06,1,20.820,21.000,21.000,20.710,161968.000,2026-02-25T05:46:36.648Z
mm1m3dgo72vn39qor,600845,宝信软件,2026-01-07,1,21.000,20.780,21.030,20.730,118826.000,2026-02-25T05:46:36.648Z
mm1m3dgo5mlrv7h74,600845,宝信软件,2026-01-08,1,21.610,22.860,22.860,21.600,467745.000,2026-02-25T05:46:36.648Z
mm1m3dgoz8gyjagv9,600845,宝信软件,2026-01-09,1,23.230,23.730,24.170,22.850,927241.000,2026-02-25T05:46:36.648Z
mm1m3dgoomp0szz78,600845,宝信软件,2026-01-12,1,23.900,24.940,25.160,23.900,814011.000,2026-02-25T05:46:36.648Z
mm1m3dgo33sxh9cas,600845,宝信软件,2026-01-13,1,24.930,23.800,24.930,23.710,665753.000,2026-02-25T05:46:36.648Z
mm1m3dgo4bncg2y9f,600845,宝信软件,2026-01-14,1,25.000,24.970,26.080,24.440,984690.000,2026-02-25T05:46:36.648Z
mm1m3dgowuy6xdhsm,600845,宝信软件,2026-01-15,1,24.420,24.660,25.280,24.350,498104.000,2026-02-25T05:46:36.648Z
mm1m3dgoqr7g7cp3n,600845,宝信软件,2026-01-16,1,24.620,23.890,24.910,23.810,434487.000,2026-02-25T05:46:36.648Z
mm1m3dgo56aqt2sff,600845,宝信软件,2026-01-19,1,23.890,23.500,23.890,23.320,328503.000,2026-02-25T05:46:36.648Z
mm1m3dgo5qn0e12x0,600845,宝信软件,2026-01-20,1,23.790,23.430,23.860,23.250,223648.000,2026-02-25T05:46:36.648Z
mm1m3dgowktdq0rjx,600845,宝信软件,2026-01-21,1,23.280,23.540,23.880,23.150,290683.000,2026-02-25T05:46:36.648Z
mm1m3dgo7mbmkwanu,600845,宝信软件,2026-01-22,1,23.660,23.510,23.880,23.400,223762.000,2026-02-25T05:46:36.648Z
mm1m3dgoawx5grdag,600845,宝信软件,2026-01-23,1,23.700,23.860,23.990,23.600,276645.000,2026-02-25T05:46:36.648Z
mm1m3dgokqzzw4kzt,600845,宝信软件,2026-01-26,1,23.950,23.950,24.380,23.600,297033.000,2026-02-25T05:46:36.648Z
mm1m3dgodvhov97lr,600845,宝信软件,2026-01-27,1,24.050,23.510,24.200,23.500,211845.000,2026-02-25T05:46:36.648Z
mm1m3dgo2kf4gy3sp,600845,宝信软件,2026-01-28,1,23.880,23.940,24.440,23.720,360748.000,2026-02-25T05:46:36.648Z
mm1m3dgopjjkvlac6,600845,宝信软件,2026-01-29,1,23.790,23.650,24.450,23.350,357535.000,2026-02-25T05:46:36.648Z
mm1m3dgo9q7ihjf83,600845,宝信软件,2026-01-30,1,23.530,22.860,23.630,22.860,282148.000,2026-02-25T05:46:36.648Z
mm1m3dgo9ovopiuqo,600845,宝信软件,2026-02-02,1,22.980,22.630,23.290,22.620,187540.000,2026-02-25T05:46:36.648Z
mm1m3dgofri7mmg0f,600845,宝信软件,2026-02-03,1,22.850,23.140,23.150,22.700,154999.000,2026-02-25T05:46:36.648Z
mm1m3dytfn7psi8ge,300188,国投智能,2026-01-06,1,14.910,14.870,14.950,14.720,181974.000,2026-02-25T05:46:37.301Z
mm1m3dyt5puca31z1,300188,国投智能,2026-01-07,1,14.890,14.610,14.900,14.590,174844.000,2026-02-25T05:46:37.301Z
mm1m3dyts63x2awz1,300188,国投智能,2026-01-08,1,14.670,14.800,15.040,14.610,227417.000,2026-02-25T05:46:37.301Z
mm1m3dyty823y7pro,300188,国投智能,2026-01-09,1,14.770,15.190,15.190,14.730,268352.000,2026-02-25T05:46:37.301Z
mm1m3dytkq2cvk35l,300188,国投智能,2026-01-12,1,15.250,16.150,16.260,15.250,510149.000,2026-02-25T05:46:37.301Z
mm1m3dytgfvxztcxa,300188,国投智能,2026-01-13,1,16.420,15.430,16.540,15.370,426095.000,2026-02-25T05:46:37.301Z
mm1m3dyt5jb8ovodh,300188,国投智能,2026-01-14,1,15.400,15.880,16.280,15.390,499911.000,2026-02-25T05:46:37.301Z
mm1m3dytwnu73qkgh,300188,国投智能,2026-01-15,1,16.360,15.770,16.990,15.500,553774.000,2026-02-25T05:46:37.301Z
mm1m3dyt2ubw5ey79,300188,国投智能,2026-01-16,1,15.630,15.440,15.810,15.020,355532.000,2026-02-25T05:46:37.301Z
mm1m3dytn2id8zcca,300188,国投智能,2026-01-19,1,15.350,15.200,15.510,15.120,190806.000,2026-02-25T05:46:37.301Z
mm1m3dytpoctyofa1,300188,国投智能,2026-01-20,1,15.230,14.930,15.350,14.760,188941.000,2026-02-25T05:46:37.301Z
mm1m3dytqfph2j838,300188,国投智能,2026-01-21,1,14.830,14.700,15.030,14.700,198659.000,2026-02-25T05:46:37.301Z
mm1m3dyt4b0hsxfl5,300188,国投智能,2026-01-22,1,14.700,14.830,15.030,14.700,140657.000,2026-02-25T05:46:37.301Z
mm1m3dyt2qpwfzcq3,300188,国投智能,2026-01-23,1,14.890,15.200,15.520,14.810,246158.000,2026-02-25T05:46:37.301Z
mm1m3dytxn4di9ltd,300188,国投智能,2026-01-26,1,15.200,14.700,15.260,14.560,231614.000,2026-02-25T05:46:37.301Z
mm1m3dytr2a06dmhg,300188,国投智能,2026-01-27,1,14.660,14.510,14.790,14.240,173913.000,2026-02-25T05:46:37.301Z
mm1m3dytblsj7427s,300188,国投智能,2026-01-28,1,14.560,14.360,14.650,14.350,133076.000,2026-02-25T05:46:37.301Z
mm1m3dytkz24ap1b3,300188,国投智能,2026-01-29,1,14.300,14.340,14.700,14.080,214163.000,2026-02-25T05:46:37.301Z
mm1m3dyt4wtjfxu49,300188,国投智能,2026-01-30,1,14.330,13.920,14.350,13.910,201484.000,2026-02-25T05:46:37.301Z
mm1m3dyt2nv99g1nj,300188,国投智能,2026-02-02,1,13.600,13.680,14.000,13.510,145531.000,2026-02-25T05:46:37.301Z
mm1m3dytpfet6pulp,300188,国投智能,2026-02-03,1,13.730,13.880,13.910,13.650,106574.000,2026-02-25T05:46:37.301Z
mm1m3eh3fde8ro4bf,002063,远光软件,2026-01-06,1,6.160,6.210,6.220,6.140,370648.000,2026-02-25T05:46:37.959Z
mm1m3eh399u8irjdx,002063,远光软件,2026-01-07,1,6.210,6.150,6.210,6.130,317354.000,2026-02-25T05:46:37.959Z
mm1m3eh3q8ohzexgb,002063,远光软件,2026-01-08,1,6.150,6.300,6.420,6.120,677318.000,2026-02-25T05:46:37.959Z
mm1m3eh378qsakyms,002063,远光软件,2026-01-09,1,6.290,6.410,6.410,6.260,568029.000,2026-02-25T05:46:37.959Z
mm1m3eh34aen0ont0,002063,远光软件,2026-01-12,1,6.440,6.680,6.680,6.440,979925.000,2026-02-25T05:46:37.959Z
mm1m3eh3ycbxy8ekz,002063,远光软件,2026-01-13,1,6.660,6.530,6.670,6.520,833490.000,2026-02-25T05:46:37.959Z
mm1m3eh30wxd44h26,002063,远光软件,2026-01-14,1,6.600,6.760,6.910,6.600,1570215.000,2026-02-25T05:46:37.959Z
mm1m3eh363901ydix,002063,远光软件,2026-01-15,1,6.700,6.680,6.770,6.610,723492.000,2026-02-25T05:46:37.959Z
mm1m3eh3sy2qenjmu,002063,远光软件,2026-01-16,1,6.900,6.670,6.980,6.650,976765.000,2026-02-25T05:46:37.959Z
mm1m3eh3ef1v7nz0f,002063,远光软件,2026-01-19,1,6.600,6.700,6.820,6.590,728664.000,2026-02-25T05:46:37.959Z
mm1m3eh3cqwxebbfz,002063,远光软件,2026-01-20,1,6.720,6.810,6.870,6.710,953218.000,2026-02-25T05:46:37.959Z
mm1m3eh34owox5e4z,002063,远光软件,2026-01-21,1,6.760,6.690,6.860,6.680,746328.000,2026-02-25T05:46:37.959Z
mm1m3eh3kszztd2ao,002063,远光软件,2026-01-22,1,6.740,6.770,6.810,6.710,531674.000,2026-02-25T05:46:37.959Z
mm1m3eh3tyhh4tdbz,002063,远光软件,2026-01-23,1,6.800,6.890,6.970,6.780,685581.000,2026-02-25T05:46:37.959Z
mm1m3eh3o1y0rg0at,002063,远光软件,2026-01-26,1,6.890,6.750,6.920,6.670,624040.000,2026-02-25T05:46:37.959Z
mm1m3eh39p7owghil,002063,远光软件,2026-01-27,1,6.720,6.690,6.770,6.580,489127.000,2026-02-25T05:46:37.959Z
mm1m3eh3abpe5hrse,002063,远光软件,2026-01-28,1,6.680,6.630,6.740,6.610,362624.000,2026-02-25T05:46:37.959Z
mm1m3eh347euf16tb,002063,远光软件,2026-01-29,1,6.610,6.580,6.740,6.500,501206.000,2026-02-25T05:46:37.959Z
mm1m3eh3bifllcpqc,002063,远光软件,2026-01-30,1,6.540,6.450,6.560,6.370,466922.000,2026-02-25T05:46:37.959Z
mm1m3eh3moy55499h,002063,远光软件,2026-02-02,1,6.430,6.390,6.580,6.380,482506.000,2026-02-25T05:46:37.959Z
mm1m3eh30zjscv3h1,002063,远光软件,2026-02-03,1,6.450,6.530,6.530,6.410,391113.000,2026-02-25T05:46:37.959Z
mm1m3ezcgtwvki7se,000032,深桑达A,2026-01-06,1,20.380,20.950,21.080,20.380,294674.000,2026-02-25T05:46:38.616Z
mm1m3ezc1yavgidri,000032,深桑达A,2026-01-07,1,20.950,20.960,21.380,20.740,336583.000,2026-02-25T05:46:38.616Z
mm1m3ezc8ix335noq,000032,深桑达A,2026-01-08,1,21.000,21.160,21.680,20.900,309305.000,2026-02-25T05:46:38.616Z
mm1m3ezc8ojcgdl45,000032,深桑达A,2026-01-09,1,21.150,21.770,21.990,21.010,386581.000,2026-02-25T05:46:38.616Z
mm1m3ezcuotibfhh9,000032,深桑达A,2026-01-12,1,21.920,22.820,22.970,21.520,583145.000,2026-02-25T05:46:38.616Z
mm1m3ezcrtzqguita,000032,深桑达A,2026-01-13,1,23.010,22.090,23.010,22.000,429364.000,2026-02-25T05:46:38.616Z
mm1m3ezc08p9qrscn,000032,深桑达A,2026-01-14,1,22.460,23.260,24.180,22.270,773047.000,2026-02-25T05:46:38.616Z
mm1m3ezc1kuqv7ynu,000032,深桑达A,2026-01-15,1,22.490,21.830,22.600,21.660,495335.000,2026-02-25T05:46:38.616Z
mm1m3ezch1ki5uiz2,000032,深桑达A,2026-01-16,1,21.730,21.680,22.120,20.970,393599.000,2026-02-25T05:46:38.616Z
mm1m3ezc2toipk2pq,000032,深桑达A,2026-01-19,1,21.580,21.380,21.980,21.200,269570.000,2026-02-25T05:46:38.616Z
mm1m3ezc2f63pqs3u,000032,深桑达A,2026-01-20,1,21.490,20.840,21.650,20.570,248119.000,2026-02-25T05:46:38.616Z
mm1m3ezcnfmqacvu4,000032,深桑达A,2026-01-21,1,20.630,20.720,21.200,20.500,202211.000,2026-02-25T05:46:38.616Z
mm1m3ezc4638iuo0r,000032,深桑达A,2026-01-22,1,20.700,21.750,22.300,20.700,481673.000,2026-02-25T05:46:38.616Z
mm1m3ezc5juk8wafu,000032,深桑达A,2026-01-23,1,21.610,21.800,21.960,21.380,255759.000,2026-02-25T05:46:38.616Z
mm1m3ezc2kfrr1f8x,000032,深桑达A,2026-01-26,1,21.780,21.710,22.300,21.150,274336.000,2026-02-25T05:46:38.616Z
mm1m3ezc90atbwkek,000032,深桑达A,2026-01-27,1,21.710,22.000,22.270,21.070,335796.000,2026-02-25T05:46:38.616Z
mm1m3ezc11mqvgrvr,000032,深桑达A,2026-01-28,1,22.400,21.630,22.600,21.560,324017.000,2026-02-25T05:46:38.616Z
mm1m3ezcx1yi4pfpe,000032,深桑达A,2026-01-29,1,21.250,21.410,22.380,20.980,519055.000,2026-02-25T05:46:38.616Z
mm1m3ezcuqhtu6mj9,000032,深桑达A,2026-01-30,1,21.370,20.810,21.660,20.570,324670.000,2026-02-25T05:46:38.616Z
mm1m3ezcpevpesv6d,000032,深桑达A,2026-02-02,1,20.610,19.790,20.840,19.760,265471.000,2026-02-25T05:46:38.616Z
mm1m3ezc94i37ugi6,000032,深桑达A,2026-02-03,1,20.110,20.640,20.680,19.900,250809.000,2026-02-25T05:46:38.616Z
mm1m3ezchtsi8es17,000032,深桑达A,2026-02-04,1,20.520,20.360,20.660,19.830,246823.000,2026-02-25T05:46:38.616Z
mm1m3ezcjfadpkj24,000032,深桑达A,2026-02-05,1,20.100,19.860,20.160,19.660,158392.000,2026-02-25T05:46:38.616Z
mm1m3ezcgct0dhntp,000032,深桑达A,2026-02-06,1,19.620,19.580,19.950,19.360,168386.000,2026-02-25T05:46:38.616Z
mm1m3ezcy7secn0hw,000032,深桑达A,2026-02-09,1,19.900,20.330,20.560,19.830,251950.000,2026-02-25T05:46:38.616Z
mm1m3ezcc8agck8sw,000032,深桑达A,2026-02-10,1,20.450,20.550,20.710,20.240,175514.000,2026-02-25T05:46:38.616Z
mm1m3ezcsalum0kzx,000032,深桑达A,2026-02-11,1,20.500,20.420,20.850,20.400,123428.000,2026-02-25T05:46:38.616Z
mm1m3ezc9vkfihdtn,000032,深桑达A,2026-02-12,1,20.800,20.830,21.070,20.460,223272.000,2026-02-25T05:46:38.616Z
mm1m3ezcko0w6om96,000032,深桑达A,2026-02-13,1,20.540,20.800,21.100,20.530,209567.000,2026-02-25T05:46:38.616Z
mm1m3ezcl0b9rx8jx,000032,深桑达A,2026-02-24,1,20.800,19.900,21.000,19.850,273855.000,2026-02-25T05:46:38.616Z
mm1m3ezcbp3ce0zdz,000032,深桑达A,2026-02-25,1,19.90,19.98,20.06,19.75,94987,2026-02-25T05:46:38.616Z
mm1m3fhfa3iciv0pb,603659,璞泰来,2026-01-06,1,27.880,27.880,28.360,27.750,309919.000,2026-02-25T05:46:39.267Z
mm1m3fhfl129n5q11,603659,璞泰来,2026-01-07,1,27.940,28.080,28.590,27.800,259049.000,2026-02-25T05:46:39.267Z
mm1m3fhfyxg4hadea,603659,璞泰来,2026-01-08,1,27.860,27.400,28.220,27.170,297111.000,2026-02-25T05:46:39.267Z
mm1m3fhf4mtzq3jm6,603659,璞泰来,2026-01-09,1,27.380,27.710,28.150,27.100,266051.000,2026-02-25T05:46:39.267Z
mm1m3fhf5ddyogm0d,603659,璞泰来,2026-01-12,1,27.280,26.950,27.880,26.350,482149.000,2026-02-25T05:46:39.267Z
mm1m3fhfg2soxnwlf,603659,璞泰来,2026-01-13,1,26.960,26.680,27.380,26.570,306904.000,2026-02-25T05:46:39.267Z
mm1m3fhfo3hu8q0g7,603659,璞泰来,2026-01-14,1,26.690,26.860,27.550,26.480,360691.000,2026-02-25T05:46:39.267Z
mm1m3fhfid6fqh2bk,603659,璞泰来,2026-01-15,1,26.860,28.180,28.680,26.730,622754.000,2026-02-25T05:46:39.267Z
mm1m3fhfxg22cw19c,603659,璞泰来,2026-01-16,1,28.980,28.170,29.000,28.060,384262.000,2026-02-25T05:46:39.267Z
mm1m3fhfi6667gn6v,603659,璞泰来,2026-01-19,1,28.200,28.270,28.570,27.780,295431.000,2026-02-25T05:46:39.267Z
mm1m3fhfl46ldkw29,603659,璞泰来,2026-01-20,1,28.390,27.520,28.640,26.920,413027.000,2026-02-25T05:46:39.267Z
mm1m3fhfvhmvf9iv5,603659,璞泰来,2026-01-21,1,28.350,29.410,29.730,28.350,720818.000,2026-02-25T05:46:39.267Z
mm1m3fhf8vgyvfou0,603659,璞泰来,2026-01-22,1,29.420,28.830,29.820,28.690,501566.000,2026-02-25T05:46:39.267Z
mm1m3fhfok5l20e3t,603659,璞泰来,2026-01-23,1,28.850,30.010,30.560,28.850,600501.000,2026-02-25T05:46:39.267Z
mm1m3fhfhq8f40xud,603659,璞泰来,2026-01-26,1,30.680,29.300,30.690,28.900,546762.000,2026-02-25T05:46:39.267Z
mm1m3fhfmg5zdq3k2,603659,璞泰来,2026-01-27,1,29.100,28.720,29.390,27.600,460873.000,2026-02-25T05:46:39.267Z
mm1m3fhftxn2uyzsd,603659,璞泰来,2026-01-28,1,28.460,28.440,28.680,27.940,333232.000,2026-02-25T05:46:39.267Z
mm1m3fhfz61yrlgvb,603659,璞泰来,2026-01-29,1,28.100,27.790,28.620,27.760,305102.000,2026-02-25T05:46:39.267Z
mm1m3fhf4ai12qhj0,603659,璞泰来,2026-01-30,1,27.630,27.710,27.900,26.800,317275.000,2026-02-25T05:46:39.267Z
mm1m3fhfhud9ae1jq,603659,璞泰来,2026-02-02,1,27.550,27.030,27.900,26.830,267107.000,2026-02-25T05:46:39.267Z
mm1m3fhfk25frwpph,603659,璞泰来,2026-02-03,1,27.450,28.100,28.100,27.190,273994.000,2026-02-25T05:46:39.267Z
mm1m3fhf901esmbvd,603659,璞泰来,2026-02-04,1,27.730,28.180,28.250,27.600,219831.000,2026-02-25T05:46:39.267Z
mm1m3fhfy83o1ocvp,603659,璞泰来,2026-02-05,1,27.880,27.580,28.300,27.300,189606.000,2026-02-25T05:46:39.267Z
mm1m3fhfye1j4z0oy,603659,璞泰来,2026-02-06,1,27.130,28.330,28.750,26.960,365598.000,2026-02-25T05:46:39.267Z
mm1m3fhft4xb789xw,603659,璞泰来,2026-02-09,1,28.720,28.650,28.880,28.480,238021.000,2026-02-25T05:46:39.267Z
mm1m3fhfcdtlcjrqa,603659,璞泰来,2026-02-10,1,28.580,28.210,28.860,28.100,227191.000,2026-02-25T05:46:39.267Z
mm1m3fhfibf6i74z4,603659,璞泰来,2026-02-11,1,28.130,28.280,28.530,28.080,193789.000,2026-02-25T05:46:39.267Z
mm1m3fhfby5g5e3mm,603659,璞泰来,2026-02-12,1,28.300,28.520,28.540,28.100,201566.000,2026-02-25T05:46:39.267Z
mm1m3fhfpv4y59dj1,603659,璞泰来,2026-02-13,1,28.350,28.280,28.910,28.180,239014.000,2026-02-25T05:46:39.267Z
mm1m3fhfweqmnsebc,603659,璞泰来,2026-02-24,1,28.990,29.190,29.490,28.430,312262.000,2026-02-25T05:46:39.267Z
mm1m3fhfxluvmsa2x,603659,璞泰来,2026-02-25,1,29.15,29.85,30.10,29.03,221070,2026-02-25T05:46:39.267Z
mm1m3fztfx00b23vm,300059,东方财富,2026-01-06,1,23.680,25.110,25.370,23.650,9060921.000,2026-02-25T05:46:39.929Z
mm1m3fzt51886ne5i,300059,东方财富,2026-01-07,1,24.880,24.530,24.970,24.260,5193860.000,2026-02-25T05:46:39.929Z
mm1m3fztxbcjo4n1g,300059,东方财富,2026-01-08,1,24.290,24.000,24.290,23.870,4013454.000,2026-02-25T05:46:39.929Z
mm1m3fzt82x6uac9f,300059,东方财富,2026-01-09,1,24.000,24.130,24.360,23.990,3409884.000,2026-02-25T05:46:39.929Z
mm1m3fzt2v3dg2i4u,300059,东方财富,2026-01-12,1,24.060,25.050,25.050,24.010,7006227.000,2026-02-25T05:46:39.929Z
mm1m3fzt3yejslpba,300059,东方财富,2026-01-13,1,25.300,24.490,25.480,24.410,5734424.000,2026-02-25T05:46:39.929Z
mm1m3fzt2t9snkbw8,300059,东方财富,2026-01-14,1,24.360,24.720,25.710,24.360,9371079.000,2026-02-25T05:46:39.929Z
mm1m3fztk6wcmu6o6,300059,东方财富,2026-01-15,1,24.210,24.060,24.520,23.910,4963534.000,2026-02-25T05:46:39.929Z
mm1m3fztpdmjidxk8,300059,东方财富,2026-01-16,1,24.290,23.890,24.430,23.830,3251692.000,2026-02-25T05:46:39.929Z
mm1m3fztglyr4gil2,300059,东方财富,2026-01-19,1,23.800,23.500,23.820,23.450,2997355.000,2026-02-25T05:46:39.929Z
mm1m3fztpwowu60hx,300059,东方财富,2026-01-20,1,23.490,23.440,23.660,23.320,2585704.000,2026-02-25T05:46:39.929Z
mm1m3fztq6h0xhfiy,300059,东方财富,2026-01-21,1,23.430,23.310,23.530,23.250,2307018.000,2026-02-25T05:46:39.929Z
mm1m3fztx9fgawbcp,300059,东方财富,2026-01-22,1,23.310,23.310,23.520,23.240,2157398.000,2026-02-25T05:46:39.929Z
mm1m3fztfsxzgzoj1,300059,东方财富,2026-01-23,1,23.360,23.300,23.450,23.250,2589457.000,2026-02-25T05:46:39.929Z
mm1m3fzt8inyl4xnx,300059,东方财富,2026-01-26,1,23.250,23.310,23.730,23.130,4255350.000,2026-02-25T05:46:39.929Z
mm1m3fzt1ir0oo0c9,300059,东方财富,2026-01-27,1,23.280,22.900,23.300,22.730,3164758.000,2026-02-25T05:46:39.929Z
mm1m3fztxtpeb5r1q,300059,东方财富,2026-01-28,1,22.900,22.780,23.020,22.770,2551353.000,2026-02-25T05:46:39.929Z
mm1m3fzthgnyn5w64,300059,东方财富,2026-01-29,1,22.660,23.140,23.300,22.390,4177875.000,2026-02-25T05:46:39.929Z
mm1m3fztnihgrk009,300059,东方财富,2026-01-30,1,23.100,22.700,23.100,22.680,2698550.000,2026-02-25T05:46:39.929Z
mm1m3fzt6nsybi3yh,300059,东方财富,2026-02-02,1,22.610,22.530,23.050,22.450,2397881.000,2026-02-25T05:46:39.929Z
mm1m3fzty37xrau6x,300059,东方财富,2026-02-03,1,22.680,22.700,22.730,22.480,1799504.000,2026-02-25T05:46:39.929Z
mm1m3fzt4zxj0cn6k,300059,东方财富,2026-02-04,1,22.600,22.890,23.120,22.520,2975684.000,2026-02-25T05:46:39.929Z
mm1m3fztazkcc085m,300059,东方财富,2026-02-05,1,22.750,22.930,23.130,22.710,2720392.000,2026-02-25T05:46:39.929Z
mm1m3fzttbradnh0y,300059,东方财富,2026-02-06,1,22.780,22.660,22.910,22.650,1978229.000,2026-02-25T05:46:39.929Z
mm1m3fzt0ew6ajet1,300059,东方财富,2026-02-09,1,22.810,22.950,22.950,22.720,2088064.000,2026-02-25T05:46:39.929Z
mm1m3fzteb4kiowpx,300059,东方财富,2026-02-10,1,22.920,22.890,23.090,22.850,1522516.000,2026-02-25T05:46:39.929Z
mm1m3fztglcf65hkr,300059,东方财富,2026-02-11,1,22.850,22.770,22.940,22.730,1494661.000,2026-02-25T05:46:39.929Z
mm1m3fztlyfa3fjwj,300059,东方财富,2026-02-12,1,22.750,22.660,22.770,22.650,1533620.000,2026-02-25T05:46:39.929Z
mm1m3fztwjujc2k77,300059,东方财富,2026-02-13,1,22.700,22.370,22.820,22.360,2054685.000,2026-02-25T05:46:39.929Z
mm1m3fzta3n4e61tk,300059,东方财富,2026-02-24,1,22.490,22.410,22.570,22.330,1412138.000,2026-02-25T05:46:39.929Z
mm1m3fztbt0onhmj5,300059,东方财富,2026-02-25,1,22.47,22.72,22.89,22.43,2056911,2026-02-25T05:46:39.929Z
mm1m3ghytnglvoxgn,002268,电科网安,2026-01-06,1,21.300,21.340,21.480,21.010,492417.000,2026-02-25T05:46:40.582Z
mm1m3ghy2y00xm3pi,002268,电科网安,2026-01-07,1,21.360,21.230,21.630,20.860,433176.000,2026-02-25T05:46:40.582Z
mm1m3ghy7od25ldsm,002268,电科网安,2026-01-08,1,21.000,21.420,21.580,20.720,451572.000,2026-02-25T05:46:40.582Z
mm1m3ghygr54p3ie4,002268,电科网安,2026-01-09,1,21.440,21.620,21.780,21.150,470566.000,2026-02-25T05:46:40.582Z
mm1m3ghykwfi7rpaj,002268,电科网安,2026-01-12,1,22.910,23.760,23.780,22.560,869591.000,2026-02-25T05:46:40.582Z
mm1m3ghyoxp5nmvmg,002268,电科网安,2026-01-13,1,23.580,22.290,23.590,22.010,682238.000,2026-02-25T05:46:40.582Z
mm1m3ghyaw5vpuhy8,002268,电科网安,2026-01-14,1,22.300,21.850,22.890,21.420,654202.000,2026-02-25T05:46:40.582Z
mm1m3ghytjqeix0nb,002268,电科网安,2026-01-15,1,22.500,21.300,22.750,21.050,465901.000,2026-02-25T05:46:40.582Z
mm1m3ghygeok78s5r,002268,电科网安,2026-01-16,1,21.100,20.770,21.340,20.480,342174.000,2026-02-25T05:46:40.582Z
mm1m3ghyoka0s4dx6,002268,电科网安,2026-01-19,1,20.510,20.640,20.880,20.400,216917.000,2026-02-25T05:46:40.582Z
mm1m3ghykrs8wyogg,002268,电科网安,2026-01-20,1,20.740,20.070,20.880,19.900,275104.000,2026-02-25T05:46:40.582Z
mm1m3ghygz3lbdzes,002268,电科网安,2026-01-21,1,19.910,20.030,20.320,19.800,187537.000,2026-02-25T05:46:40.582Z
mm1m3ghy7icmcpba0,002268,电科网安,2026-01-22,1,20.080,20.190,20.420,20.080,187111.000,2026-02-25T05:46:40.582Z
mm1m3ghyck33fy60k,002268,电科网安,2026-01-23,1,20.360,20.610,20.850,20.270,259185.000,2026-02-25T05:46:40.582Z
mm1m3ghy74ep9u6lp,002268,电科网安,2026-01-26,1,20.590,19.960,20.810,19.740,287932.000,2026-02-25T05:46:40.582Z
mm1m3ghym0ntndt9l,002268,电科网安,2026-01-27,1,19.910,19.900,20.030,19.410,188104.000,2026-02-25T05:46:40.582Z
mm1m3ghyd03umubzv,002268,电科网安,2026-01-28,1,19.980,20.060,20.160,19.810,175251.000,2026-02-25T05:46:40.582Z
mm1m3ghyek4f97vcv,002268,电科网安,2026-01-29,1,19.950,19.720,20.260,19.570,166408.000,2026-02-25T05:46:40.582Z
mm1m3ghy0n5rawsx3,002268,电科网安,2026-01-30,1,19.570,19.260,19.730,19.100,155151.000,2026-02-25T05:46:40.582Z
mm1m3ghy878nmpwnl,002268,电科网安,2026-02-02,1,19.110,19.060,19.480,19.000,135588.000,2026-02-25T05:46:40.582Z
mm1m3ghy1edivmrp3,002268,电科网安,2026-02-03,1,19.240,19.540,19.540,19.130,127691.000,2026-02-25T05:46:40.582Z
mm1m3ghyxkv1suwr2,002268,电科网安,2026-02-04,1,19.400,19.500,19.680,19.310,125507.000,2026-02-25T05:46:40.582Z
mm1m3ghy2lmguen9j,002268,电科网安,2026-02-05,1,19.320,19.460,19.870,19.280,143967.000,2026-02-25T05:46:40.582Z
mm1m3ghyg7ulcbjtq,002268,电科网安,2026-02-06,1,19.310,19.450,19.670,19.250,128712.000,2026-02-25T05:46:40.582Z
mm1m3ghyhzs23nr07,002268,电科网安,2026-02-09,1,19.660,19.910,19.910,19.500,156420.000,2026-02-25T05:46:40.582Z
mm1m3ghy69sdnzmja,002268,电科网安,2026-02-10,1,19.950,19.980,20.250,19.800,146669.000,2026-02-25T05:46:40.582Z
mm1m3ghymwagke5rc,002268,电科网安,2026-02-11,1,19.980,20.130,20.270,19.910,139641.000,2026-02-25T05:46:40.582Z
mm1m3ghyp2xx129qn,002268,电科网安,2026-02-12,1,20.130,19.920,20.280,19.800,127244.000,2026-02-25T05:46:40.582Z
mm1m3ghyrrjgf9a38,002268,电科网安,2026-02-13,1,19.890,20.370,21.120,19.890,282139.000,2026-02-25T05:46:40.582Z
mm1m3ghynto99cpbp,002268,电科网安,2026-02-24,1,20.380,20.010,20.500,19.890,200615.000,2026-02-25T05:46:40.582Z
mm1m3ghy2ugbupqf8,002268,电科网安,2026-02-25,1,19.95,20.02,20.09,19.91,99517,2026-02-25T05:46:40.582Z
mm1m3h0aqdgfv3o0f,300413,芒果超媒,2026-01-06,1,24.700,25.370,25.430,24.580,354397.000,2026-02-25T05:46:41.242Z
mm1m3h0axec1vf36n,300413,芒果超媒,2026-01-07,1,25.200,24.980,25.460,24.880,307586.000,2026-02-25T05:46:41.242Z
mm1m3h0asjqoegk90,300413,芒果超媒,2026-01-08,1,24.850,25.050,25.460,24.720,233488.000,2026-02-25T05:46:41.242Z
mm1m3h0a0zwcasiu8,300413,芒果超媒,2026-01-09,1,24.990,26.340,26.490,24.910,430294.000,2026-02-25T05:46:41.242Z
mm1m3h0arlej3c3wj,300413,芒果超媒,2026-01-12,1,26.760,29.650,29.980,26.760,810756.000,2026-02-25T05:46:41.242Z
mm1m3h0alnjejmnp4,300413,芒果超媒,2026-01-13,1,29.790,28.100,29.850,27.700,677917.000,2026-02-25T05:46:41.242Z
mm1m3h0ah6kf7ib0g,300413,芒果超媒,2026-01-14,1,27.810,28.230,29.300,27.680,654777.000,2026-02-25T05:46:41.242Z
mm1m3h0afhdkfzy2s,300413,芒果超媒,2026-01-15,1,27.870,27.570,29.000,27.340,446636.000,2026-02-25T05:46:41.242Z
mm1m3h0a5m3hg8os2,300413,芒果超媒,2026-01-16,1,27.410,26.340,27.500,26.280,419537.000,2026-02-25T05:46:41.242Z
mm1m3h0aapgng250s,300413,芒果超媒,2026-01-19,1,26.220,26.310,26.530,25.920,213911.000,2026-02-25T05:46:41.242Z
mm1m3h0ae67ee67o0,300413,芒果超媒,2026-01-20,1,26.450,26.200,26.600,25.880,246828.000,2026-02-25T05:46:41.242Z
mm1m3h0a5hv0mrl50,300413,芒果超媒,2026-01-21,1,26.000,25.920,26.440,25.830,216677.000,2026-02-25T05:46:41.242Z
mm1m3h0ap62im70w8,300413,芒果超媒,2026-01-22,1,25.920,26.030,26.190,25.850,203837.000,2026-02-25T05:46:41.242Z
mm1m3h0a8c9qnf34x,300413,芒果超媒,2026-01-23,1,26.140,26.570,26.850,25.840,335675.000,2026-02-25T05:46:41.242Z
mm1m3h0asbezcyz8u,300413,芒果超媒,2026-01-26,1,26.590,25.610,26.690,25.380,328780.000,2026-02-25T05:46:41.242Z
mm1m3h0a0qe2dahv7,300413,芒果超媒,2026-01-27,1,25.550,25.610,25.890,24.890,245280.000,2026-02-25T05:46:41.242Z
mm1m3h0amrkih2cnp,300413,芒果超媒,2026-01-28,1,25.500,25.120,25.740,25.110,197607.000,2026-02-25T05:46:41.242Z
mm1m3h0adrrm13w20,300413,芒果超媒,2026-01-29,1,24.960,25.830,26.380,24.680,362026.000,2026-02-25T05:46:41.242Z
mm1m3h0a9n5lcm6sj,300413,芒果超媒,2026-01-30,1,25.800,25.470,25.820,25.160,238978.000,2026-02-25T05:46:41.242Z
mm1m3h0adt0ydg241,300413,芒果超媒,2026-02-02,1,25.660,25.460,26.180,25.450,272925.000,2026-02-25T05:46:41.242Z
mm1m3h0aa5fk8yvlk,300413,芒果超媒,2026-02-03,1,25.750,26.840,27.020,25.710,466107.000,2026-02-25T05:46:41.242Z
mm1m3h0aih3i4gnr7,300413,芒果超媒,2026-02-04,1,26.560,26.430,26.600,26.050,247926.000,2026-02-25T05:46:41.242Z
mm1m3h0awjxsov7uf,300413,芒果超媒,2026-02-05,1,26.150,26.650,26.950,26.150,272623.000,2026-02-25T05:46:41.242Z
mm1m3h0alxsz9ve7j,300413,芒果超媒,2026-02-06,1,26.340,25.930,26.460,25.380,210286.000,2026-02-25T05:46:41.242Z
mm1m3h0afzd8u8syh,300413,芒果超媒,2026-02-09,1,26.420,27.180,27.200,26.190,352836.000,2026-02-25T05:46:41.242Z
mm1m3h0a17aqvb4as,300413,芒果超媒,2026-02-10,1,27.700,28.500,29.700,27.500,843660.000,2026-02-25T05:46:41.242Z
mm1m3h0akk7p6b7jk,300413,芒果超媒,2026-02-11,1,28.000,26.840,28.000,26.800,524370.000,2026-02-25T05:46:41.242Z
mm1m3h0aconbug64l,300413,芒果超媒,2026-02-12,1,26.700,26.890,27.210,26.330,346870.000,2026-02-25T05:46:41.242Z
mm1m3h0a2zmba7tpj,300413,芒果超媒,2026-02-13,1,26.690,26.250,27.110,26.230,257041.000,2026-02-25T05:46:41.242Z
mm1m3h0agz0f6d14q,300413,芒果超媒,2026-02-24,1,26.150,24.990,26.250,24.790,319839.000,2026-02-25T05:46:41.242Z
mm1m3h0awb0ab3ghq,300413,芒果超媒,2026-02-25,1,25.14,25.07,25.20,24.82,147849,2026-02-25T05:46:41.242Z
