id,stock_code,stock_name,trade_date,is_open,open,close,high,low,volume,amount,float_cap,turnover_rate,pe_ttm,pb,created_at
mm1lvwd5agc8spm2t,002027,分众传媒,2026-02-04,1,7.30,7.33,7.39,7.26,1372955,10063760,104273000000,0.01,,,2026-02-25T05:40:47.895Z
mm1lvwd5a2qs3jmng,002027,分众传媒,2026-02-05,1,7.31,7.41,7.51,7.29,1535711,11379619,104273000000,0.01,,,2026-02-25T05:40:47.895Z
mm1lvwd5qt939z6so,002027,分众传媒,2026-02-06,1,7.42,7.31,7.45,7.31,92302500,674731275,104273000000,0.65,,,2026-02-25T05:40:47.895Z
mm1lvwd563rbzqk04,002027,分众传媒,2026-02-09,1,7.39,7.31,7.39,7.26,1148214,8393444,104273000000,0.01,,,2026-02-25T05:40:47.895Z
mm1lvwd51frnzvgim,002027,分众传媒,2026-02-10,1,7.30,7.48,7.54,7.30,2000362,14962708,104273000000,0.01,,,2026-02-25T05:40:47.895Z
mm1lvwd5r6gct5672,002027,分众传媒,2026-02-11,1,7.48,7.47,7.54,7.42,1320048,9860759,104273000000,0.01,,,2026-02-25T05:40:47.895Z
mm1lvwd52bkvqr6nr,002027,分众传媒,2026-02-12,1,7.46,7.34,7.48,7.28,1062434,7798266,104273000000,0.01,,,2026-02-25T05:40:47.895Z
mm1lvwd591ptf95ob,002027,分众传媒,2026-02-13,1,7.32,7.28,7.39,7.28,99403500,723657480,104273000000,0.69,,,2026-02-25T05:40:47.895Z
mm1lvwd54bot8ibot,002027,分众传媒,2026-02-24,1,7.29,7.28,7.31,7.15,1710557,12452855,104273000000,0.01,,,2026-02-25T05:40:47.895Z
mm1lvwsndakdq7slx,002558,巨人网络,2026-02-04,1,42.41,41.56,42.57,41.03,41027700,1705111212,74778000000,2.28,,,2026-02-25T05:40:48.455Z
mm1lvwsnmi2sro09i,002558,巨人网络,2026-02-05,1,41.15,41.02,42.10,40.91,26639300,1092744086,74778000000,1.46,,,2026-02-25T05:40:48.455Z
mm1lvwsn29rn3x1f2,002558,巨人网络,2026-02-06,1,40.80,42.02,42.87,40.26,37698000,1584069960,74778000000,2.12,,,2026-02-25T05:40:48.455Z
mm1lvwsnwixvv6tfw,002558,巨人网络,2026-02-09,1,42.70,41.03,42.81,40.72,39426200,1617656986,74778000000,2.16,,,2026-02-25T05:40:48.455Z
mm1lvwsntg8ntaa29,002558,巨人网络,2026-02-10,1,41.15,41.69,42.09,41.03,41010500,1709727745,74778000000,2.29,,,2026-02-25T05:40:48.455Z
mm1lvwsnt5qtu56mw,002558,巨人网络,2026-02-11,1,41.32,41.90,42.77,40.52,40874300,1712633170,74778000000,2.29,,,2026-02-25T05:40:48.455Z
mm1lvwsngxntn19cs,002558,巨人网络,2026-02-12,1,41.60,41.28,42.44,41.13,31354000,1294293120,74778000000,1.73,,,2026-02-25T05:40:48.455Z
mm1lvwsnqhzww6vqk,002558,巨人网络,2026-02-13,1,41.05,40.96,41.85,40.95,19961700,817631232,74778000000,1.09,,,2026-02-25T05:40:48.455Z
mm1lvwsn6jak48ylg,002558,巨人网络,2026-02-24,1,40.94,39.23,40.95,38.31,61669800,2419306254,74778000000,3.24,,,2026-02-25T05:40:48.455Z
mm25qkcz89eyrjmp5,002558,巨人网络,2026-02-25,1,39.260,38.650,39.400,38.000,60482100,2337633165,74778000000,3.13,,,2026-02-25T14:56:31.378Z
mm1lvx7uchyd6pij6,603986,兆易创新,2026-02-04,1,285.99,282.33,289.50,279.00,27095800,7649957214,218267000000,3.50,,,2026-02-25T05:40:49.002Z
mm1lvx7uofgewbes8,603986,兆易创新,2026-02-05,1,269.94,277.74,279.52,268.21,22905400,6361745796,218267000000,2.91,,,2026-02-25T05:40:49.002Z
mm1lvx7uhmlmiq3jm,603986,兆易创新,2026-02-06,1,271.00,276.17,280.51,268.20,18626700,5144135739,218267000000,2.36,,,2026-02-25T05:40:49.002Z
mm1lvx7uquqjld357,603986,兆易创新,2026-02-09,1,283.97,292.98,294.44,280.20,28305500,8292945390,218267000000,3.80,,,2026-02-25T05:40:49.002Z
mm1lvx7u43yugnuly,603986,兆易创新,2026-02-10,1,287.13,289.90,291.50,284.17,21596600,6260854340,218267000000,2.87,,,2026-02-25T05:40:49.002Z
mm1lvx7uru7k8lfqv,603986,兆易创新,2026-02-11,1,285.00,284.59,286.50,280.50,17341600,4935245944,218267000000,2.26,,,2026-02-25T05:40:49.002Z
mm1lvx7uzcw1g3phl,603986,兆易创新,2026-02-12,1,290.50,303.24,305.00,285.00,30067400,9117638376,218267000000,4.18,,,2026-02-25T05:40:49.002Z
mm1lvx7udlkavsi6v,603986,兆易创新,2026-02-13,1,303.24,308.70,317.60,301.00,29925400,9237970980,218267000000,4.23,,,2026-02-25T05:40:49.002Z
mm1lvx7ubjemd9rhg,603986,兆易创新,2026-02-24,1,317.50,323.05,331.16,311.00,30254500,9773716225,218267000000,4.48,,,2026-02-25T05:40:49.002Z
mm25qkv5o7j7zl4wy,603986,兆易创新,2026-02-25,1,316.000,311.320,317.010,301.960,28572800,8895284096,218267000000,4.08,,,2026-02-25T14:56:32.033Z
mm1lvxn6fd7t4qrfk,300002,神州泰岳,2026-02-04,1,12.18,11.98,12.22,11.78,86555400,1036933692,23547000000,4.40,,,2026-02-25T05:40:49.554Z
mm1lvxn6nydp36jpm,300002,神州泰岳,2026-02-05,1,11.87,11.86,12.01,11.83,36742900,435770794,23547000000,1.85,,,2026-02-25T05:40:49.554Z
mm1lvxn6ie26enq96,300002,神州泰岳,2026-02-06,1,11.78,11.74,11.96,11.51,48802400,572940176,23547000000,2.43,,,2026-02-25T05:40:49.554Z
mm1lvxn634jhjxpja,300002,神州泰岳,2026-02-09,1,11.98,12.04,12.14,11.94,51221700,616709268,23547000000,2.62,,,2026-02-25T05:40:49.554Z
mm1lvxn6hw69lav2x,300002,神州泰岳,2026-02-10,1,12.05,12.54,12.74,11.99,1196202,15000373,23547000000,0.06,,,2026-02-25T05:40:49.554Z
mm1lvxn635i8ey4nk,300002,神州泰岳,2026-02-11,1,12.43,12.35,12.65,12.33,65411400,807830790,23547000000,3.43,,,2026-02-25T05:40:49.554Z
mm1lvxn6n0gtcoqk2,300002,神州泰岳,2026-02-12,1,12.40,12.58,12.69,12.19,82883000,1042668140,23547000000,4.43,,,2026-02-25T05:40:49.554Z
mm1lvxn6fdudxst5n,300002,神州泰岳,2026-02-13,1,12.49,12.21,12.59,12.20,59362200,724812462,23547000000,3.08,,,2026-02-25T05:40:49.554Z
mm1lvxn62vc00kvzz,300002,神州泰岳,2026-02-24,1,12.35,12.03,12.37,11.96,50799000,611111970,23547000000,2.60,,,2026-02-25T05:40:49.554Z
mm25qlde2zfj2bfbv,300002,神州泰岳,2026-02-25,1,12.050,11.970,12.130,11.940,48662400,582488928,23547000000,2.47,,,2026-02-25T14:56:32.690Z
mm1lvy2o991zpbnke,002517,恺英网络,2026-02-04,1,22.81,22.44,23.00,22.15,70561900,1583409036,49245000000,3.22,,,2026-02-25T05:40:50.112Z
mm1lvy2omnp93xtsr,002517,恺英网络,2026-02-05,1,22.18,22.23,22.53,22.06,35351200,785857176,49245000000,1.60,,,2026-02-25T05:40:50.112Z
mm1lvy2o3xc6lege1,002517,恺英网络,2026-02-06,1,22.02,22.26,22.67,21.55,48273000,1074556980,49245000000,2.18,,,2026-02-25T05:40:50.112Z
mm1lvy2oopjch8mce,002517,恺英网络,2026-02-09,1,22.63,22.81,22.95,22.47,40753700,929591897,49245000000,1.89,,,2026-02-25T05:40:50.112Z
mm1lvy2o2ctlik5u8,002517,恺英网络,2026-02-10,1,23.20,24.42,24.63,23.05,93617000,2286127140,49245000000,4.64,,,2026-02-25T05:40:50.112Z
mm1lvy2ov6f6jwi33,002517,恺英网络,2026-02-11,1,25.30,25.97,26.86,25.16,1359441,35304683,49245000000,0.07,,,2026-02-25T05:40:50.112Z
mm1lvy2o59mfyj4pb,002517,恺英网络,2026-02-12,1,25.32,25.63,26.25,25.03,73334200,1879555546,49245000000,3.82,,,2026-02-25T05:40:50.112Z
mm1lvy2o5f8ecnuw4,002517,恺英网络,2026-02-13,1,25.52,24.51,25.57,24.43,53638000,1314667380,49245000000,2.67,,,2026-02-25T05:40:50.112Z
mm1lvy2oqtss3165w,002517,恺英网络,2026-02-24,1,24.47,23.08,24.48,22.92,66597300,1537065684,49245000000,3.12,,,2026-02-25T05:40:50.112Z
mm25qlvhip05vo3e4,002517,恺英网络,2026-02-25,1,23.200,23.050,23.420,22.880,44445300,1024464165,49245000000,2.08,,,2026-02-25T14:56:33.341Z
mm1lvyi016nvzz7h6,603444,吉比特,2026-02-04,1,442.62,435.16,443.79,429.16,1543000,671451880,30516000000,2.20,,,2026-02-25T05:40:50.664Z
mm1lvyi0t5q9ak3ad,603444,吉比特,2026-02-05,1,430.80,432.80,437.00,429.21,970200,419902560,30516000000,1.38,,,2026-02-25T05:40:50.664Z
mm1lvyi0l67eeg5dp,603444,吉比特,2026-02-06,1,430.92,435.34,439.80,424.58,1298000,565071320,30516000000,1.85,,,2026-02-25T05:40:50.664Z
mm1lvyi0socg4fwlc,603444,吉比特,2026-02-09,1,443.34,436.22,443.34,433.94,1171200,510900864,30516000000,1.67,,,2026-02-25T05:40:50.664Z
mm1lvyi0twacqxdb9,603444,吉比特,2026-02-10,1,437.70,444.66,451.65,434.42,1775400,789449364,30516000000,2.59,,,2026-02-25T05:40:50.664Z
mm1lvyi0yo0wnn0gx,603444,吉比特,2026-02-11,1,448.00,446.21,453.00,442.00,1256200,560529002,30516000000,1.84,,,2026-02-25T05:40:50.664Z
mm1lvyi0l85ebk1fj,603444,吉比特,2026-02-12,1,441.26,436.12,444.98,433.94,1367800,596524936,30516000000,1.95,,,2026-02-25T05:40:50.664Z
mm1lvyi0lf3exaxvd,603444,吉比特,2026-02-13,1,434.99,434.67,441.79,434.00,800700,348040269,30516000000,1.14,,,2026-02-25T05:40:50.664Z
mm1lvyi0o86d7nzwk,603444,吉比特,2026-02-24,1,438.00,424.65,438.50,422.20,1406000,597057900,30516000000,1.96,,,2026-02-25T05:40:50.664Z
mm25qmdn84elkn2gj,603444,吉比特,2026-02-25,1,424.650,423.590,424.650,421.000,91300000,38673767000,30516000000,126.73,,,2026-02-25T14:56:33.995Z
mm1lvyx83h0uddbxy,002624,完美世界,2026-02-04,1,18.22,17.51,18.58,17.36,59889800,1048670398,41108000000,2.55,,,2026-02-25T05:40:51.212Z
mm1lvyx8nqlmf1hkg,002624,完美世界,2026-02-05,1,17.27,17.79,18.38,17.22,65304200,1161761718,41108000000,2.83,,,2026-02-25T05:40:51.212Z
mm1lvyx8d0ei29ggb,002624,完美世界,2026-02-06,1,17.50,19.57,19.57,17.07,1071983,20978707,41108000000,0.05,,,2026-02-25T05:40:51.212Z
mm1lvyx89lhhqssd4,002624,完美世界,2026-02-09,1,21.39,21.53,21.53,21.32,60546900,1303574757,41108000000,3.17,,,2026-02-25T05:40:51.212Z
mm1lvyx86f6yga486,002624,完美世界,2026-02-10,1,21.55,22.47,23.68,21.38,2829001,63567652,41108000000,0.15,,,2026-02-25T05:40:51.212Z
mm1lvyx8rs9kozm4v,002624,完美世界,2026-02-11,1,22.52,22.24,22.75,21.50,1815821,40383859,41108000000,0.10,,,2026-02-25T05:40:51.212Z
mm1lvyx8v95fb29jc,002624,完美世界,2026-02-12,1,21.70,21.47,22.18,21.13,1351253,29011402,41108000000,0.07,,,2026-02-25T05:40:51.212Z
mm1lvyx8v8ggt0dkv,002624,完美世界,2026-02-13,1,21.08,21.42,21.84,20.57,1058031,22663024,41108000000,0.06,,,2026-02-25T05:40:51.212Z
mm1lvyx8peglfnqym,002624,完美世界,2026-02-24,1,21.20,20.65,21.42,20.00,91526700,1890026355,41108000000,4.60,,,2026-02-25T05:40:51.212Z
mm25qmvss8pu7nbs6,002624,完美世界,2026-02-25,1,21.250,21.190,21.410,20.770,68333900,1447995341,41108000000,3.52,,,2026-02-25T14:56:34.648Z
mm1lvzchgzqsg12ls,300251,光线传媒,2026-02-04,1,19.68,19.12,19.96,19.02,1420165,27153555,60491000000,0.04,,,2026-02-25T05:40:51.761Z
mm1lvzch10nuamuks,300251,光线传媒,2026-02-05,1,18.88,20.84,20.97,18.77,2469687,51468277,60491000000,0.09,,,2026-02-25T05:40:51.761Z
mm1lvzchkoi58x7qh,300251,光线传媒,2026-02-06,1,20.64,20.46,20.95,19.81,1685446,34484225,60491000000,0.06,,,2026-02-25T05:40:51.761Z
mm1lvzchrigh8y742,300251,光线传媒,2026-02-09,1,20.50,21.30,21.50,20.46,1906557,40609664,60491000000,0.07,,,2026-02-25T05:40:51.761Z
mm1lvzch4xjvf8gat,300251,光线传媒,2026-02-10,1,21.50,25.56,25.56,21.21,3308503,84565337,60491000000,0.14,,,2026-02-25T05:40:51.761Z
mm1lvzchqlitb7715,300251,光线传媒,2026-02-11,1,26.10,26.86,29.88,24.56,5208819,139908878,60491000000,0.23,,,2026-02-25T05:40:51.761Z
mm1lvzchgg5acac4f,300251,光线传媒,2026-02-12,1,25.50,23.59,26.25,23.53,3687087,86978382,60491000000,0.14,,,2026-02-25T05:40:51.761Z
mm1lvzchrqz7fzps4,300251,光线传媒,2026-02-13,1,23.90,27.22,27.97,23.76,4255407,115832179,60491000000,0.19,,,2026-02-25T05:40:51.761Z
mm1lvzchqnhr4lq48,300251,光线传媒,2026-02-24,1,23.14,21.78,24.03,21.78,2986885,65054355,60491000000,0.11,,,2026-02-25T05:40:51.761Z
mm25qndv76j5j0zcf,300251,光线传媒,2026-02-25,1,21.320,20.620,21.530,20.520,2976540,61376255,60491000000,0.10,,,2026-02-25T14:56:35.299Z
mm1lvzs5tkma9uckr,601595,上海电影,2026-02-04,1,29.80,28.92,30.22,28.74,11808700,341507604,13392000000,2.55,,,2026-02-25T05:40:52.325Z
mm1lvzs5ae2zih1fi,601595,上海电影,2026-02-05,1,28.75,29.21,29.68,28.72,9697100,283252291,13392000000,2.12,,,2026-02-25T05:40:52.325Z
mm1lvzs58w908wy7g,601595,上海电影,2026-02-06,1,29.19,29.57,30.19,28.36,11562400,341900168,13392000000,2.55,,,2026-02-25T05:40:52.325Z
mm1lvzs50fmrcb7sy,601595,上海电影,2026-02-09,1,32.53,32.53,32.53,32.53,9216200,299802986,13392000000,2.24,,,2026-02-25T05:40:52.325Z
mm1lvzs5g4ha5z0kj,601595,上海电影,2026-02-10,1,35.78,35.78,35.78,34.51,38018900,1360316242,13392000000,10.16,,,2026-02-25T05:40:52.325Z
mm1lvzs5etxt3cy74,601595,上海电影,2026-02-11,1,36.72,32.44,37.16,32.21,52746800,1711106192,13392000000,12.78,,,2026-02-25T05:40:52.325Z
mm1lvzs59dqqk34bn,601595,上海电影,2026-02-12,1,31.24,31.43,32.58,30.14,36346800,1142379924,13392000000,8.53,,,2026-02-25T05:40:52.325Z
mm1lvzs5qynq5m1r3,601595,上海电影,2026-02-13,1,31.18,32.51,33.88,30.82,38280800,1244508808,13392000000,9.29,,,2026-02-25T05:40:52.325Z
mm1lvzs5qiv3ehvip,601595,上海电影,2026-02-24,1,30.73,29.26,31.05,29.26,27468500,803728310,13392000000,6.00,,,2026-02-25T05:40:52.325Z
mm25qnw2iuegutllp,601595,上海电影,2026-02-25,1,29.250,29.880,30.730,29.160,22547000,673704360,13392000000,5.03,,,2026-02-25T14:56:35.953Z
mm1lw07pqfwg9rbyj,688052,纳芯微,2026-02-04,1,177.00,170.32,177.00,168.00,2451500,417539480,27833000000,1.50,,,2026-02-25T05:40:52.885Z
mm1lw07pudjkqgwhi,688052,纳芯微,2026-02-05,1,168.91,181.01,181.88,166.60,4117200,745254372,27833000000,2.68,,,2026-02-25T05:40:52.885Z
mm1lw07pvmiwx2nre,688052,纳芯微,2026-02-06,1,177.70,174.17,179.78,174.11,2254400,392648848,27833000000,1.41,,,2026-02-25T05:40:52.885Z
mm1lw07pc9mwu8jju,688052,纳芯微,2026-02-09,1,177.17,178.50,179.79,171.72,2271400,405444900,27833000000,1.46,,,2026-02-25T05:40:52.885Z
mm1lw07p7tu99vvsq,688052,纳芯微,2026-02-10,1,179.10,175.73,180.80,174.52,1652800,290446544,27833000000,1.04,,,2026-02-25T05:40:52.885Z
mm1lw07pmof7jf07i,688052,纳芯微,2026-02-11,1,175.00,176.00,180.50,171.68,2842000,500192000,27833000000,1.80,,,2026-02-25T05:40:52.885Z
mm1lw07pbiwj15bvv,688052,纳芯微,2026-02-12,1,179.52,183.00,184.50,174.73,4239600,775846800,27833000000,2.79,,,2026-02-25T05:40:52.885Z
mm1lw07p33f21kats,688052,纳芯微,2026-02-13,1,181.99,179.25,182.89,178.11,2101800,376747650,27833000000,1.35,,,2026-02-25T05:40:52.885Z
mm1lw07p8iuotxiqv,688052,纳芯微,2026-02-24,1,179.06,173.63,179.26,171.68,2419000,420010970,27833000000,1.51,,,2026-02-25T05:40:52.885Z
mm25qoeejk0t3xlr0,688052,纳芯微,2026-02-25,1,174.400,171.150,175.760,170.190,2806439,480322035,27833000000,1.73,,,2026-02-25T14:56:36.614Z
mm1lw0n3zg4wqqvem,688484,南芯科技,2026-02-04,1,42.14,42.10,42.38,41.35,6045500,254515550,18415000000,1.38,,,2026-02-25T05:40:53.439Z
mm1lw0n3qic6v170w,688484,南芯科技,2026-02-05,1,41.68,41.91,42.30,41.08,5951600,249431556,18415000000,1.35,,,2026-02-25T05:40:53.439Z
mm1lw0n3b3y20vvjw,688484,南芯科技,2026-02-06,1,41.50,41.39,42.31,41.39,5210700,215670873,18415000000,1.17,,,2026-02-25T05:40:53.439Z
mm1lw0n36jeyopl34,688484,南芯科技,2026-02-09,1,42.00,42.61,43.80,41.78,10209700,435035317,18415000000,2.36,,,2026-02-25T05:40:53.439Z
mm1lw0n3hi63rd6l0,688484,南芯科技,2026-02-10,1,42.71,42.77,43.37,42.36,5140300,219850631,18415000000,1.19,,,2026-02-25T05:40:53.439Z
mm1lw0n3172l12s8b,688484,南芯科技,2026-02-11,1,42.77,42.67,43.19,42.18,3791300,161774771,18415000000,0.88,,,2026-02-25T05:40:53.439Z
mm1lw0n3e3kmy3q3h,688484,南芯科技,2026-02-12,1,42.77,43.34,43.43,42.51,4751500,205930010,18415000000,1.12,,,2026-02-25T05:40:53.439Z
mm1lw0n3e5p78zhn8,688484,南芯科技,2026-02-13,1,43.30,43.77,44.60,42.92,6867500,300590475,18415000000,1.63,,,2026-02-25T05:40:53.439Z
mm1lw0n3i5kv228a5,688484,南芯科技,2026-02-24,1,44.24,42.83,44.42,42.62,6725400,288048882,18415000000,1.56,,,2026-02-25T05:40:53.439Z
mm25qownadw9eyznq,688484,南芯科技,2026-02-25,1,42.890,43.060,43.380,42.600,6592879,283889370,18415000000,1.54,,,2026-02-25T14:56:37.270Z
mm1lw12azl9feotur,688213,思特威,2026-02-04,1,93.81,92.85,94.18,91.40,6369700,591426645,38191000000,1.55,,,2026-02-25T05:40:53.986Z
mm1lw12a1e18le0v3,688213,思特威,2026-02-05,1,91.70,96.55,97.50,91.66,9398100,907386555,38191000000,2.38,,,2026-02-25T05:40:53.986Z
mm1lw12al0c28ditg,688213,思特威,2026-02-06,1,95.20,94.67,97.42,94.26,7380000,698664600,38191000000,1.83,,,2026-02-25T05:40:53.986Z
mm1lw12a0ln5k0atv,688213,思特威,2026-02-09,1,95.70,94.13,95.90,93.41,7092300,667598199,38191000000,1.75,,,2026-02-25T05:40:53.986Z
mm1lw12a7cd3r9jer,688213,思特威,2026-02-10,1,94.20,93.12,94.54,93.04,5325800,495938496,38191000000,1.30,,,2026-02-25T05:40:53.986Z
mm1lw12avxoshx1ac,688213,思特威,2026-02-11,1,93.02,95.68,96.20,92.91,8352000,799119360,38191000000,2.09,,,2026-02-25T05:40:53.986Z
mm1lw12ahpjzgrt11,688213,思特威,2026-02-12,1,95.68,98.55,99.13,95.68,8696500,857040075,38191000000,2.24,,,2026-02-25T05:40:53.986Z
mm1lw12ago25wmtpj,688213,思特威,2026-02-13,1,98.08,95.24,98.08,95.24,7161800,682089832,38191000000,1.79,,,2026-02-25T05:40:53.986Z
mm1lw12abgyyitc3k,688213,思特威,2026-02-24,1,96.43,95.55,97.10,94.88,6715700,641685135,38191000000,1.68,,,2026-02-25T05:40:53.986Z
mm25qpf9say8no67m,688213,思特威,2026-02-25,1,95.660,94.930,96.360,94.440,6753380,641098363,38191000000,1.68,,,2026-02-25T14:56:37.941Z
mm1lw1hjqeuss9ue4,002475,立讯精密,2026-02-04,1,51.85,51.74,51.89,50.49,1244424,64386498,375811000000,0.02,,,2026-02-25T05:40:54.535Z
mm1lw1hjtj7tiy9bv,002475,立讯精密,2026-02-05,1,51.34,51.54,52.42,51.26,75985900,3916313286,375811000000,1.04,,,2026-02-25T05:40:54.535Z
mm1lw1hj6sfkrif89,002475,立讯精密,2026-02-06,1,51.21,51.01,51.85,50.54,72491100,3697771011,375811000000,0.98,,,2026-02-25T05:40:54.535Z
mm1lw1hjrmlp2h7s5,002475,立讯精密,2026-02-09,1,51.83,51.56,51.84,51.17,77530000,3997446800,375811000000,1.06,,,2026-02-25T05:40:54.535Z
mm1lw1hjlcmy7to52,002475,立讯精密,2026-02-10,1,51.53,51.53,51.82,51.21,74683100,3848420143,375811000000,1.02,,,2026-02-25T05:40:54.535Z
mm1lw1hj7hlskj060,002475,立讯精密,2026-02-11,1,51.23,50.99,51.76,50.86,68945200,3515515748,375811000000,0.94,,,2026-02-25T05:40:54.535Z
mm1lw1hjelfv07alg,002475,立讯精密,2026-02-12,1,51.10,50.43,51.33,50.30,97024000,4892920320,375811000000,1.30,,,2026-02-25T05:40:54.535Z
mm1lw1hjd9c6qz1nu,002475,立讯精密,2026-02-13,1,49.91,50.80,51.08,49.26,1144926,58162241,375811000000,0.02,,,2026-02-25T05:40:54.535Z
mm1lw1hjzvnaeqvqu,002475,立讯精密,2026-02-24,1,51.41,50.63,51.49,50.51,84415300,4273946639,375811000000,1.14,,,2026-02-25T05:40:54.535Z
mm25qpx6tjum3k599,002475,立讯精密,2026-02-25,1,50.550,51.580,51.930,50.470,1247048,64322736,375811000000,0.02,,,2026-02-25T14:56:38.586Z
mm1lw1x3xtn7mk78k,002292,奥飞娱乐,2026-02-04,1,9.53,9.50,9.64,9.26,65112800,618571600,13708000000,4.51,,,2026-02-25T05:40:55.095Z
mm1lw1x33clkifx59,002292,奥飞娱乐,2026-02-05,1,9.39,9.59,9.72,9.35,78023400,748244406,13708000000,5.46,,,2026-02-25T05:40:55.095Z
mm1lw1x32owefkijq,002292,奥飞娱乐,2026-02-06,1,9.48,9.44,9.64,9.18,72572500,685084400,13708000000,5.00,,,2026-02-25T05:40:55.095Z
mm1lw1x3ssxtha9vj,002292,奥飞娱乐,2026-02-09,1,9.71,9.89,9.95,9.57,1149522,11368773,13708000000,0.08,,,2026-02-25T05:40:55.095Z
mm1lw1x3hf3ndonhd,002292,奥飞娱乐,2026-02-10,1,10.10,10.88,10.88,9.91,2148549,23376213,13708000000,0.17,,,2026-02-25T05:40:55.095Z
mm1lw1x3fqi58sw59,002292,奥飞娱乐,2026-02-11,1,10.69,10.29,10.80,10.12,2148366,22106686,13708000000,0.16,,,2026-02-25T05:40:55.095Z
mm1lw1x30wrkpj5jw,002292,奥飞娱乐,2026-02-12,1,10.16,9.76,10.22,9.70,1209774,11807394,13708000000,0.09,,,2026-02-25T05:40:55.095Z
mm1lw1x35w9rj738c,002292,奥飞娱乐,2026-02-13,1,9.87,9.61,9.96,9.60,91397600,878330936,13708000000,6.41,,,2026-02-25T05:40:55.095Z
mm1lw1x3gz7yb1yk2,002292,奥飞娱乐,2026-02-24,1,9.62,9.26,9.66,9.24,84707800,784394228,13708000000,5.72,,,2026-02-25T05:40:55.095Z
mm25qqfci7jo4hzod,002292,奥飞娱乐,2026-02-25,1,9.230,9.270,9.330,9.220,62022900,574952283,13708000000,4.19,,,2026-02-25T14:56:39.239Z
mm1lw2cig4kikegey,688368,晶丰明源,2026-02-04,1,150.00,148.05,150.25,144.81,1924900,284981445,11929000000,2.39,,,2026-02-25T05:40:55.650Z
mm1lw2cilrvbnqrui,688368,晶丰明源,2026-02-05,1,145.00,151.70,153.29,144.00,2145800,325517860,11929000000,2.73,,,2026-02-25T05:40:55.650Z
mm1lw2civmeyglg31,688368,晶丰明源,2026-02-06,1,145.24,141.70,148.50,141.50,1885000,267104500,11929000000,2.24,,,2026-02-25T05:40:55.650Z
mm1lw2ciuedk0ab3x,688368,晶丰明源,2026-02-09,1,143.00,140.87,146.29,140.67,1782000,251030340,11929000000,2.10,,,2026-02-25T05:40:55.650Z
mm1lw2ci9y0rmmnpo,688368,晶丰明源,2026-02-10,1,143.41,136.94,143.75,136.33,2226200,304855828,11929000000,2.56,,,2026-02-25T05:40:55.650Z
mm1lw2ci629o6vyrv,688368,晶丰明源,2026-02-11,1,137.01,135.10,138.74,134.60,1685100,227657010,11929000000,1.91,,,2026-02-25T05:40:55.650Z
mm1lw2ci6vcef8t9d,688368,晶丰明源,2026-02-12,1,138.00,139.54,143.60,136.01,2546100,355282794,11929000000,2.98,,,2026-02-25T05:40:55.650Z
mm1lw2ciwj61bqzxm,688368,晶丰明源,2026-02-13,1,137.87,139.25,142.48,137.83,1730200,240930350,11929000000,2.02,,,2026-02-25T05:40:55.650Z
mm1lw2cirmj8crhb8,688368,晶丰明源,2026-02-24,1,141.88,134.29,141.88,133.90,1939200,260415168,11929000000,2.18,,,2026-02-25T05:40:55.650Z
mm25qqxt5if70ztdi,688368,晶丰明源,2026-02-25,1,134.290,134.790,136.500,132.280,1601246,215831948,11929000000,1.81,,,2026-02-25T14:56:39.905Z
mm1lw2rsyfuaj301b,300666,江丰电子,2026-01-28,1,119.88,118.55,120.92,117.01,9929900,1177189645,42266000000,2.79,,,2026-02-25T05:40:56.200Z
mm1lw2rstts1z9pd8,300666,江丰电子,2026-01-29,1,118.98,113.48,119.70,113.47,11747300,1333083604,42266000000,3.15,,,2026-02-25T05:40:56.200Z
mm1lw2rsx4vh7tiwe,300666,江丰电子,2026-02-06,1,113.58,123.61,129.61,110.33,42595400,5265217394,42266000000,12.46,,,2026-02-25T05:40:56.200Z
mm1lw2rsqt4p25204,300666,江丰电子,2026-02-09,1,125.00,129.38,136.83,125.00,31532500,4079674850,42266000000,9.65,,,2026-02-25T05:40:56.200Z
mm1lw2rsrrx04b1e6,300666,江丰电子,2026-02-10,1,128.09,132.20,133.32,124.86,22109800,2922915560,42266000000,6.92,,,2026-02-25T05:40:56.200Z
mm1lw2rsml8lazzep,300666,江丰电子,2026-02-11,1,129.80,130.69,133.35,126.00,14724600,1924357974,42266000000,4.55,,,2026-02-25T05:40:56.200Z
mm1lw2rshxkyvxmav,300666,江丰电子,2026-02-12,1,132.64,144.30,146.24,131.52,24284900,3504311070,42266000000,8.29,,,2026-02-25T05:40:56.200Z
mm1lw2rs4dqrj0h2w,300666,江丰电子,2026-02-13,1,141.20,145.05,147.88,140.20,16925400,2455029270,42266000000,5.81,,,2026-02-25T05:40:56.200Z
mm1lw2rsr4bwgecxt,300666,江丰电子,2026-02-24,1,144.06,143.00,145.00,137.01,16318600,2333559800,42266000000,5.52,,,2026-02-25T05:40:56.200Z
mm25qrfymt2catfw1,300666,江丰电子,2026-02-25,1,145.860,159.300,164.560,144.830,24183100,3852367830,42266000000,9.11,,,2026-02-25T14:56:40.558Z
mm1lw36y0j2n9bi5i,688361,中科飞测,2026-02-04,1,187.20,187.50,190.45,184.00,3757900,704606250,70593000000,1.00,,,2026-02-25T05:40:56.746Z
mm1lw36y08q9l8n6w,688361,中科飞测,2026-02-05,1,184.02,190.62,193.37,180.38,5366900,1023038478,70593000000,1.45,,,2026-02-25T05:40:56.746Z
mm1lw36ykuue1pnkz,688361,中科飞测,2026-02-06,1,189.74,192.00,196.88,187.02,5924100,1137427200,70593000000,1.61,,,2026-02-25T05:40:56.746Z
mm1lw36yotr4njusx,688361,中科飞测,2026-02-09,1,196.00,199.20,202.66,194.49,5642400,1123966080,70593000000,1.59,,,2026-02-25T05:40:56.746Z
mm1lw36yja9grcn7u,688361,中科飞测,2026-02-10,1,198.84,194.08,199.99,191.30,4295200,833612416,70593000000,1.18,,,2026-02-25T05:40:56.746Z
mm1lw36ybwrg7wkn0,688361,中科飞测,2026-02-11,1,195.26,192.97,195.26,188.51,2629600,507433912,70593000000,0.72,,,2026-02-25T05:40:56.746Z
mm1lw36yjgmwepbqu,688361,中科飞测,2026-02-12,1,194.66,192.20,194.93,188.50,2970700,570968540,70593000000,0.81,,,2026-02-25T05:40:56.746Z
mm1lw36ymqfn88djo,688361,中科飞测,2026-02-13,1,188.00,196.50,202.98,188.00,5159600,1013861400,70593000000,1.44,,,2026-02-25T05:40:56.746Z
mm1lw36yfk7fx9wjc,688361,中科飞测,2026-02-24,1,196.50,195.28,199.62,187.00,3939800,769364144,70593000000,1.09,,,2026-02-25T05:40:56.746Z
mm25qry7t35wd77c0,688361,中科飞测,2026-02-25,1,195.670,201.600,206.480,187.390,7588022,1529745235,70593000000,2.17,,,2026-02-25T14:56:41.215Z
mm1lw3n9vugvk7r9l,002371,北方华创,2026-02-04,1,468.03,470.60,476.00,464.50,6065700,2854518420,359517000000,0.79,,,2026-02-25T05:40:57.333Z
mm1lw3n9gzomgmpx5,002371,北方华创,2026-02-05,1,463.00,470.12,472.50,455.49,7707100,3623261852,359517000000,1.01,,,2026-02-25T05:40:57.333Z
mm1lw3n9r7ohhws0c,002371,北方华创,2026-02-06,1,467.99,472.23,479.99,465.00,8336400,3936698172,359517000000,1.09,,,2026-02-25T05:40:57.333Z
mm1lw3n9h4od5x41u,002371,北方华创,2026-02-09,1,479.09,484.00,488.76,476.00,6953400,3365445600,359517000000,0.94,,,2026-02-25T05:40:57.333Z
mm1lw3n902674a9nl,002371,北方华创,2026-02-10,1,487.95,482.90,487.95,480.30,4462000,2154699800,359517000000,0.60,,,2026-02-25T05:40:57.333Z
mm1lw3n9qw58bjgib,002371,北方华创,2026-02-11,1,478.80,475.00,481.00,471.00,4454100,2115697500,359517000000,0.59,,,2026-02-25T05:40:57.333Z
mm1lw3n9jordut09o,002371,北方华创,2026-02-12,1,477.53,475.05,478.00,471.39,5114900,2429833245,359517000000,0.68,,,2026-02-25T05:40:57.333Z
mm1lw3n96d14ekmwq,002371,北方华创,2026-02-13,1,479.79,486.12,496.65,475.18,11062300,5377605276,359517000000,1.50,,,2026-02-25T05:40:57.333Z
mm1lw3n9kt9xa1que,002371,北方华创,2026-02-24,1,491.80,487.33,494.00,476.03,6782800,3305461924,359517000000,0.92,,,2026-02-25T05:40:57.333Z
mm25qsgaz7whu105q,002371,北方华创,2026-02-25,1,488.470,496.000,499.680,480.770,7889200,3913043200,359517000000,1.09,,,2026-02-25T14:56:41.866Z
mm1lw42pn67nl5yt5,603160,汇顶科技,2026-02-04,1,77.22,77.70,77.79,76.57,5239700,407124690,36710000000,1.11,,,2026-02-25T05:40:57.888Z
mm1lw42pdfztpi7u0,603160,汇顶科技,2026-02-05,1,77.39,77.11,77.42,76.72,4423100,341065241,36710000000,0.93,,,2026-02-25T05:40:57.888Z
mm1lw42p04gepjwm7,603160,汇顶科技,2026-02-06,1,76.80,76.90,77.51,76.19,4182900,321665010,36710000000,0.88,,,2026-02-25T05:40:57.888Z
mm1lw42pn2oz1mbw9,603160,汇顶科技,2026-02-09,1,77.66,78.11,78.25,77.05,5433700,424426307,36710000000,1.16,,,2026-02-25T05:40:57.888Z
mm1lw42p2pgs7nlxf,603160,汇顶科技,2026-02-10,1,78.10,78.07,78.88,77.90,4024200,314169294,36710000000,0.86,,,2026-02-25T05:40:57.888Z
mm1lw42p1z0cjhynl,603160,汇顶科技,2026-02-11,1,77.90,77.99,78.73,77.80,2958300,230717817,36710000000,0.63,,,2026-02-25T05:40:57.888Z
mm1lw42pnmfcu6re7,603160,汇顶科技,2026-02-12,1,78.01,78.60,78.75,77.85,4171500,327879900,36710000000,0.89,,,2026-02-25T05:40:57.888Z
mm1lw42pz155ifhf5,603160,汇顶科技,2026-02-13,1,78.30,78.70,79.41,78.10,5061900,398371530,36710000000,1.09,,,2026-02-25T05:40:57.888Z
mm1lw42pa7qzyui3e,603160,汇顶科技,2026-02-24,1,79.08,78.89,79.48,78.38,3993700,315062993,36710000000,0.86,,,2026-02-25T05:40:57.888Z
mm25qsy9qz5isz8ui,603160,汇顶科技,2026-02-25,1,78.900,78.890,79.180,78.570,3864000,304830960,36710000000,0.83,,,2026-02-25T14:56:42.513Z
mm1lw4i0nypbf5djw,688012,中微公司,2026-02-04,1,343.00,349.21,355.83,340.00,9283500,3241891035,231110000000,1.40,,,2026-02-25T05:40:58.440Z
mm1lw4i01i8tf7t9f,688012,中微公司,2026-02-05,1,340.00,356.88,361.16,338.88,11565600,4127531328,231110000000,1.79,,,2026-02-25T05:40:58.440Z
mm1lw4i0gt0kxdchs,688012,中微公司,2026-02-06,1,352.48,349.20,360.00,348.82,9194800,3210824160,231110000000,1.39,,,2026-02-25T05:40:58.440Z
mm1lw4i0yy4b7y4xe,688012,中微公司,2026-02-09,1,354.87,352.10,357.20,346.31,8590700,3024785470,231110000000,1.31,,,2026-02-25T05:40:58.440Z
mm1lw4i0ex6q77lhx,688012,中微公司,2026-02-10,1,352.10,350.49,353.00,346.37,6442400,2257996776,231110000000,0.98,,,2026-02-25T05:40:58.440Z
mm1lw4i0fx6qmdx3u,688012,中微公司,2026-02-11,1,348.00,346.86,349.50,343.01,5360800,1859447088,231110000000,0.80,,,2026-02-25T05:40:58.440Z
mm1lw4i031ajd8m0z,688012,中微公司,2026-02-12,1,349.00,345.00,351.20,337.99,9031600,3115902000,231110000000,1.35,,,2026-02-25T05:40:58.440Z
mm1lw4i0h9tvrqjn8,688012,中微公司,2026-02-13,1,342.83,344.50,353.45,341.31,8011500,2759961750,231110000000,1.19,,,2026-02-25T05:40:58.440Z
mm1lw4i06s63zftnc,688012,中微公司,2026-02-24,1,348.84,352.00,352.50,339.54,9905800,3486841600,231110000000,1.51,,,2026-02-25T05:40:58.440Z
mm25qtgn4ddr2ee1m,688012,中微公司,2026-02-25,1,351.300,369.100,376.220,339.880,17665293,6520259646,231110000000,2.82,,,2026-02-25T14:56:43.175Z
mm1lw4xaqw2jhfd3w,301269,华大九天,2026-02-04,1,98.89,97.98,98.90,96.44,4650100,455616798,55744000000,0.82,,,2026-02-25T05:40:58.990Z
mm1lw4xawd2qm74bw,301269,华大九天,2026-02-05,1,97.01,98.15,98.93,97.01,3716900,364813735,55744000000,0.65,,,2026-02-25T05:40:58.990Z
mm1lw4xal2mk9l0tn,301269,华大九天,2026-02-06,1,97.51,97.25,98.55,96.89,3789300,368509425,55744000000,0.66,,,2026-02-25T05:40:58.990Z
mm1lw4xaui422qq3m,301269,华大九天,2026-02-09,1,98.25,98.99,99.40,97.51,3980100,393990099,55744000000,0.71,,,2026-02-25T05:40:58.990Z
mm1lw4xabi5jlpx35,301269,华大九天,2026-02-10,1,99.00,99.47,99.98,98.48,3250400,323317288,55744000000,0.58,,,2026-02-25T05:40:58.990Z
mm1lw4xaa464a1r8z,301269,华大九天,2026-02-11,1,99.55,100.14,100.50,98.96,3105500,310984770,55744000000,0.56,,,2026-02-25T05:40:58.990Z
mm1lw4xa0gqx3i9co,301269,华大九天,2026-02-12,1,100.30,102.30,103.87,99.22,5164500,528328350,55744000000,0.95,,,2026-02-25T05:40:58.990Z
mm1lw4xa9iuajogxw,301269,华大九天,2026-02-13,1,101.50,105.63,106.80,101.31,7504100,792658083,55744000000,1.42,,,2026-02-25T05:40:58.990Z
mm1lw4xabwovn8zlr,301269,华大九天,2026-02-24,1,104.90,102.60,105.60,101.88,5384000,552398400,55744000000,0.99,,,2026-02-25T05:40:58.990Z
mm25qtz45jdvjh40l,301269,华大九天,2026-02-25,1,102.480,102.200,102.990,101.220,3558400,363668480,55744000000,0.65,,,2026-02-25T14:56:43.840Z
mm1lw5d48n1xr03r7,300567,精测电子,2026-02-04,1,127.27,130.15,134.10,126.00,14049200,1828503380,43361000000,4.22,,,2026-02-25T05:40:59.560Z
mm1lw5d4bz6extuap,300567,精测电子,2026-02-05,1,128.66,130.54,132.32,123.87,12612400,1646422696,43361000000,3.80,,,2026-02-25T05:40:59.560Z
mm1lw5d497nltmzet,300567,精测电子,2026-02-06,1,128.00,126.16,131.60,126.00,10136400,1278808224,43361000000,2.95,,,2026-02-25T05:40:59.560Z
mm1lw5d4s9zmzxi8f,300567,精测电子,2026-02-09,1,131.00,133.38,135.22,126.51,15461600,2062268208,43361000000,4.76,,,2026-02-25T05:40:59.560Z
mm1lw5d43htmfjc2q,300567,精测电子,2026-02-10,1,135.64,131.55,136.00,127.01,11455500,1506971025,43361000000,3.48,,,2026-02-25T05:40:59.560Z
mm1lw5d4vze9gum18,300567,精测电子,2026-02-11,1,132.00,132.11,136.36,129.49,10353700,1367827307,43361000000,3.15,,,2026-02-25T05:40:59.560Z
mm1lw5d41owufifge,300567,精测电子,2026-02-12,1,134.75,132.58,135.42,130.10,9214700,1221684926,43361000000,2.82,,,2026-02-25T05:40:59.560Z
mm1lw5d4dd1op4428,300567,精测电子,2026-02-13,1,132.24,141.13,148.19,130.92,16417500,2317001775,43361000000,5.34,,,2026-02-25T05:40:59.560Z
mm1lw5d4gifkxgent,300567,精测电子,2026-02-24,1,141.00,135.40,141.50,132.24,14867000,2012991800,43361000000,4.64,,,2026-02-25T05:40:59.560Z
mm25quhbn5shdvoi3,300567,精测电子,2026-02-25,1,137.830,155.000,159.000,135.080,18679600,2895338000,43361000000,6.68,,,2026-02-25T14:56:44.495Z
mm1lw5sillwzemwof,688981,中芯国际,2026-02-04,1,114.50,114.84,114.99,113.15,35139300,4035397212,929100000000,0.43,,,2026-02-25T05:41:00.114Z
mm1lw5si8o6ywhufq,688981,中芯国际,2026-02-05,1,112.99,111.80,114.50,110.39,44644800,4991288640,929100000000,0.54,,,2026-02-25T05:41:00.114Z
mm1lw5sicl1k82uhk,688981,中芯国际,2026-02-06,1,110.14,112.70,114.60,110.14,40822700,4600718290,929100000000,0.50,,,2026-02-25T05:41:00.114Z
mm1lw5sih9zpemxoc,688981,中芯国际,2026-02-09,1,114.80,114.93,115.07,113.70,32101800,3689459874,929100000000,0.40,,,2026-02-25T05:41:00.114Z
mm1lw5sipounlja3p,688981,中芯国际,2026-02-10,1,115.20,116.20,116.90,114.85,34043700,3955877940,929100000000,0.43,,,2026-02-25T05:41:00.114Z
mm1lw5sid75xobubn,688981,中芯国际,2026-02-11,1,114.00,115.01,116.14,113.50,34533700,3971720837,929100000000,0.43,,,2026-02-25T05:41:00.114Z
mm1lw5si7qinw257w,688981,中芯国际,2026-02-12,1,115.55,116.58,117.18,115.11,33362300,3889376934,929100000000,0.42,,,2026-02-25T05:41:00.114Z
mm1lw5siqq5qdqrso,688981,中芯国际,2026-02-13,1,116.23,116.93,117.98,115.56,34368700,4018732091,929100000000,0.43,,,2026-02-25T05:41:00.114Z
mm1lw5sifvcfjoqf4,688981,中芯国际,2026-02-24,1,118.03,115.82,118.18,115.62,27615600,3198438792,929100000000,0.34,,,2026-02-25T05:41:00.114Z
mm25quzl2xgljcv37,688981,中芯国际,2026-02-25,1,117.000,116.130,117.500,115.850,27552856,3199713167,929100000000,0.34,,,2026-02-25T14:56:45.153Z
mm1lwcqc77ua5rf8w,603039,泛微网络,2026-02-04,1,63.60,57.29,64.00,57.29,8551800,489932622,12402000000,3.95,,,2026-02-25T05:41:09.108Z
mm1lwcqcsfo9jjo71,603039,泛微网络,2026-02-05,1,55.89,54.64,56.88,53.71,9459400,516861616,12402000000,4.17,,,2026-02-25T05:41:09.108Z
mm1lwcqcaagkg75a0,603039,泛微网络,2026-02-06,1,54.00,52.40,54.30,52.32,5460800,286145920,12402000000,2.31,,,2026-02-25T05:41:09.108Z
mm1lwcqc8wsy9xcob,603039,泛微网络,2026-02-09,1,53.13,52.10,53.66,52.00,10218500,532383850,12402000000,4.29,,,2026-02-25T05:41:09.108Z
mm1lwcqcz3u8i3xjf,603039,泛微网络,2026-02-10,1,52.22,51.59,52.28,51.19,6041000,311655190,12402000000,2.51,,,2026-02-25T05:41:09.108Z
mm1lwcqcmk0nmou8c,603039,泛微网络,2026-02-11,1,51.58,50.70,51.78,50.33,5936400,300975480,12402000000,2.43,,,2026-02-25T05:41:09.108Z
mm1lwcqcqkl0g077o,603039,泛微网络,2026-02-12,1,50.57,50.80,51.17,50.03,6022500,305943000,12402000000,2.47,,,2026-02-25T05:41:09.108Z
mm1lwcqcs0oyenndf,603039,泛微网络,2026-02-13,1,50.60,50.19,51.86,50.12,6523700,327424503,12402000000,2.64,,,2026-02-25T05:41:09.108Z
mm1lwcqch6cc90xlf,603039,泛微网络,2026-02-24,1,50.34,48.37,50.51,48.20,9093200,439838084,12402000000,3.55,,,2026-02-25T05:41:09.108Z
mm25r22kk5wttrhpe,603039,泛微网络,2026-02-25,1,48.480,47.590,48.600,46.720,10411400,495478526,12402000000,4.00,,,2026-02-25T14:56:54.331Z
mm1lwd5f93ayybshi,300459,汤姆猫,2026-02-04,1,5.04,4.99,5.09,4.91,1484669,7408498,17474000000,0.04,,,2026-02-25T05:41:09.651Z
mm1lwd5fb9mjgia3s,300459,汤姆猫,2026-02-05,1,4.95,4.97,5.02,4.93,1130113,5616662,17474000000,0.03,,,2026-02-25T05:41:09.651Z
mm1lwd5f106ybmm9y,300459,汤姆猫,2026-02-06,1,4.94,4.91,5.00,4.81,1214130,5961378,17474000000,0.03,,,2026-02-25T05:41:09.651Z
mm1lwd5f806fbqkdw,300459,汤姆猫,2026-02-09,1,5.00,5.14,5.15,5.00,2015570,10360030,17474000000,0.06,,,2026-02-25T05:41:09.651Z
mm1lwd5fllwxfh8sf,300459,汤姆猫,2026-02-10,1,5.17,5.34,5.45,5.10,3711816,19821097,17474000000,0.11,,,2026-02-25T05:41:09.651Z
mm1lwd5fr42f7z1qe,300459,汤姆猫,2026-02-11,1,5.32,5.20,5.37,5.18,2337604,12155541,17474000000,0.07,,,2026-02-25T05:41:09.651Z
mm1lwd5ffkyyfi8xt,300459,汤姆猫,2026-02-12,1,5.20,5.16,5.23,5.07,1805201,9314837,17474000000,0.05,,,2026-02-25T05:41:09.651Z
mm1lwd5fzde00k55i,300459,汤姆猫,2026-02-13,1,5.14,5.02,5.20,5.02,1515602,7608322,17474000000,0.04,,,2026-02-25T05:41:09.651Z
mm1lwd5f13sfocs15,300459,汤姆猫,2026-02-24,1,5.12,4.98,5.14,4.96,1269820,6323704,17474000000,0.04,,,2026-02-25T05:41:09.651Z
mm25r2kr1xjwx5qau,300459,汤姆猫,2026-02-25,1,4.980,4.970,5.020,4.940,1202135,5974611,17474000000,0.03,,,2026-02-25T14:56:54.987Z
mm1lwdksn08mcxv6x,300170,汉得信息,2026-02-04,1,26.85,25.38,27.15,24.85,1532230,38887997,23399000000,0.17,,,2026-02-25T05:41:10.204Z
mm1lwdksrjmuugm48,300170,汉得信息,2026-02-05,1,24.50,24.68,25.19,24.40,84130700,2076345676,23399000000,8.87,,,2026-02-25T05:41:10.204Z
mm1lwdksgw9ucl16v,300170,汉得信息,2026-02-06,1,24.29,24.06,24.56,23.50,81102100,1951316526,23399000000,8.34,,,2026-02-25T05:41:10.204Z
mm1lwdksd0jr9s9lx,300170,汉得信息,2026-02-09,1,24.69,24.93,25.24,23.93,85921400,2142020502,23399000000,9.15,,,2026-02-25T05:41:10.204Z
mm1lwdksffybws61v,300170,汉得信息,2026-02-10,1,25.20,25.22,25.43,24.27,1035747,26121539,23399000000,0.11,,,2026-02-25T05:41:10.204Z
mm1lwdksaz4hv4pgx,300170,汉得信息,2026-02-11,1,25.00,24.78,25.56,24.75,59412700,1472246706,23399000000,6.29,,,2026-02-25T05:41:10.204Z
mm1lwdksj5dm1roie,300170,汉得信息,2026-02-12,1,24.81,25.48,25.79,24.50,1019315,25972146,23399000000,0.11,,,2026-02-25T05:41:10.204Z
mm1lwdktlyyjc61xe,300170,汉得信息,2026-02-13,1,25.07,24.58,25.93,24.58,87135700,2141795506,23399000000,9.15,,,2026-02-25T05:41:10.204Z
mm1lwdktaqf9ps419,300170,汉得信息,2026-02-24,1,24.68,23.15,24.70,22.90,1065159,24658431,23399000000,0.11,,,2026-02-25T05:41:10.204Z
mm25r32ygr4g3y5ra,300170,汉得信息,2026-02-25,1,23.480,22.890,23.490,22.660,73690800,1686782412,23399000000,7.21,,,2026-02-25T14:56:55.642Z
mm1lwe09sd3yxwld5,688041,海光信息,2026-02-04,1,248.24,244.00,248.70,240.52,16734600,4083242400,572903000000,0.71,,,2026-02-25T05:41:10.761Z
mm1lwe09aexn04tep,688041,海光信息,2026-02-05,1,238.84,238.17,242.81,236.82,15873000,3780472410,572903000000,0.66,,,2026-02-25T05:41:10.761Z
mm1lwe09rl0fkigef,688041,海光信息,2026-02-06,1,235.80,242.68,247.54,232.58,20362800,4941644304,572903000000,0.86,,,2026-02-25T05:41:10.761Z
mm1lwe09wz261d8uo,688041,海光信息,2026-02-09,1,251.00,250.11,253.33,244.51,19270800,4819819788,572903000000,0.84,,,2026-02-25T05:41:10.761Z
mm1lwe09ed0usz836,688041,海光信息,2026-02-10,1,254.87,259.00,269.50,254.00,28203400,7304680600,572903000000,1.28,,,2026-02-25T05:41:10.761Z
mm1lwe099adtc7w5j,688041,海光信息,2026-02-11,1,255.00,255.00,258.33,251.37,13184300,3361996500,572903000000,0.59,,,2026-02-25T05:41:10.761Z
mm1lwe09niiao152q,688041,海光信息,2026-02-12,1,260.00,262.34,264.99,257.01,18394800,4825691832,572903000000,0.84,,,2026-02-25T05:41:10.761Z
mm1lwe09idmee560g,688041,海光信息,2026-02-13,1,260.00,259.06,265.69,258.02,15320800,3969006448,572903000000,0.69,,,2026-02-25T05:41:10.761Z
mm1lwe0931657r8u7,688041,海光信息,2026-02-24,1,266.83,248.14,268.00,247.77,21386700,5306895738,572903000000,0.93,,,2026-02-25T05:41:10.761Z
mm25r3lnhnguri0c6,688041,海光信息,2026-02-25,1,250.000,246.480,252.330,245.180,15989549,3941104038,572903000000,0.69,,,2026-02-25T14:56:56.315Z
mm1lwefk4l6cvgcdv,300750,宁德时代,2026-02-04,1,350.96,365.03,366.65,347.51,48531700,17715526451,1652938000000,1.07,,,2026-02-25T05:41:11.312Z
mm1lwefkhll9eck4e,300750,宁德时代,2026-02-05,1,365.77,362.94,366.75,356.02,28427200,10317367968,1652938000000,0.62,,,2026-02-25T05:41:11.312Z
mm1lwefkdd3lftedf,300750,宁德时代,2026-02-06,1,359.32,369.11,372.88,358.01,39372600,14532820386,1652938000000,0.88,,,2026-02-25T05:41:11.312Z
mm1lwefkj0heuw9nh,300750,宁德时代,2026-02-09,1,370.50,368.82,372.50,362.60,27448600,10123592652,1652938000000,0.61,,,2026-02-25T05:41:11.312Z
mm1lwefkfhtvc5s0f,300750,宁德时代,2026-02-10,1,365.17,364.97,370.80,364.00,18563500,6775120595,1652938000000,0.41,,,2026-02-25T05:41:11.312Z
mm1lwefkdat38b0xo,300750,宁德时代,2026-02-11,1,366.90,368.00,370.99,364.50,19653500,7232488000,1652938000000,0.44,,,2026-02-25T05:41:11.312Z
mm1lwefk6t1z7cutn,300750,宁德时代,2026-02-12,1,370.00,375.87,377.88,368.03,27754600,10432121502,1652938000000,0.63,,,2026-02-25T05:41:11.312Z
mm1lwefkek74fx8ij,300750,宁德时代,2026-02-13,1,375.61,365.34,377.00,365.01,22314500,8152379430,1652938000000,0.49,,,2026-02-25T05:41:11.312Z
mm1lwefkgvpr5hces,300750,宁德时代,2026-02-24,1,372.64,361.95,373.50,361.95,22695100,8214491445,1652938000000,0.50,,,2026-02-25T05:41:11.312Z
mm25r44b0mxue5d35,300750,宁德时代,2026-02-25,1,363.69,362.18,366.60,360.10,18716600,6778778188,1652938000000,0.41,,,2026-02-25T14:56:56.987Z
mm1lweutyvwh4pf20,603019,中科曙光,2026-02-04,1,87.23,86.16,87.23,85.55,28970900,2496132744,132588000000,1.88,,,2026-02-25T05:41:11.861Z
mm1lweutfpg7gkxlr,603019,中科曙光,2026-02-05,1,85.12,85.40,86.11,85.03,16750600,1430501240,132588000000,1.08,,,2026-02-25T05:41:11.861Z
mm1lweut5qrxedwl3,603019,中科曙光,2026-02-06,1,85.40,86.79,87.44,85.05,29250700,2538668253,132588000000,1.91,,,2026-02-25T05:41:11.861Z
mm1lweutg5h807260,603019,中科曙光,2026-02-09,1,90.00,91.23,91.33,88.64,50058800,4566864324,132588000000,3.44,,,2026-02-25T05:41:11.861Z
mm1lweutrx3nphfk8,603019,中科曙光,2026-02-10,1,91.23,91.20,93.00,90.98,42151000,3844171200,132588000000,2.90,,,2026-02-25T05:41:11.861Z
mm1lweutau2brhayc,603019,中科曙光,2026-02-11,1,91.26,89.38,91.28,89.20,28809700,2575010986,132588000000,1.94,,,2026-02-25T05:41:11.861Z
mm1lweutfzjvhv742,603019,中科曙光,2026-02-12,1,90.38,92.12,92.22,89.72,40901200,3767818544,132588000000,2.84,,,2026-02-25T05:41:11.861Z
mm1lweutxtuj4ey22,603019,中科曙光,2026-02-13,1,91.00,91.70,92.73,90.60,33484100,3070491970,132588000000,2.32,,,2026-02-25T05:41:11.861Z
mm1lweut4i3dnve8l,603019,中科曙光,2026-02-24,1,93.50,91.50,93.87,91.20,32230100,2949054150,132588000000,2.22,,,2026-02-25T05:41:11.861Z
mm25r4maw8fx61u37,603019,中科曙光,2026-02-25,1,91.00,90.62,91.69,89.89,34078000,3088148360,132588000000,2.33,,,2026-02-25T14:56:57.633Z
mm1lwfanjkqu4h8fj,603259,药明康德,2026-02-04,1,94.00,95.61,95.99,92.82,33263200,3180294552,297928000000,1.07,,,2026-02-25T05:41:12.431Z
mm1lwfan14rwd027o,603259,药明康德,2026-02-05,1,96.10,97.11,98.47,96.00,39399800,3826114578,297928000000,1.28,,,2026-02-25T05:41:12.431Z
mm1lwfanf7vu1lzzi,603259,药明康德,2026-02-06,1,96.38,97.83,98.88,95.66,35194200,3443048586,297928000000,1.16,,,2026-02-25T05:41:12.431Z
mm1lwfanqtk8cyr6u,603259,药明康德,2026-02-09,1,98.40,98.70,98.77,97.07,25707300,2537310510,297928000000,0.85,,,2026-02-25T05:41:12.431Z
mm1lwfan4goz1tz8f,603259,药明康德,2026-02-10,1,98.69,101.35,102.21,98.25,42158900,4272804515,297928000000,1.43,,,2026-02-25T05:41:12.431Z
mm1lwfan6umnthm6b,603259,药明康德,2026-02-11,1,101.86,102.14,102.80,101.00,29192000,2981670880,297928000000,1.00,,,2026-02-25T05:41:12.431Z
mm1lwfanojelst96b,603259,药明康德,2026-02-12,1,102.75,104.90,106.58,102.41,52640400,5521977960,297928000000,1.85,,,2026-02-25T05:41:12.431Z
mm1lwfannbzhvle3f,603259,药明康德,2026-02-13,1,104.89,101.91,104.89,101.78,32987500,3361756125,297928000000,1.13,,,2026-02-25T05:41:12.431Z
mm1lwfan2k499se5w,603259,药明康德,2026-02-24,1,103.66,100.17,103.88,100.00,32775100,3283081767,297928000000,1.10,,,2026-02-25T05:41:12.431Z
mm25r54ohut3p4ero,603259,药明康德,2026-02-25,1,100.100,99.850,100.550,98.220,27723000,2768141550,297928000000,0.93,,,2026-02-25T14:56:58.296Z
mm1lwfpzdv40pqpzw,002812,恩捷股份,2026-02-04,1,51.20,52.96,53.23,50.89,23747800,1257683488,64493000000,1.95,,,2026-02-25T05:41:12.983Z
mm1lwfpzki7ppsbn7,002812,恩捷股份,2026-02-05,1,53.20,52.22,55.40,52.06,34477700,1800425494,64493000000,2.79,,,2026-02-25T05:41:12.983Z
mm1lwfpzkqyoxm05o,002812,恩捷股份,2026-02-06,1,51.00,57.44,57.44,50.77,53240300,3058122832,64493000000,4.74,,,2026-02-25T05:41:12.983Z
mm1lwfpz50xk3ltdg,002812,恩捷股份,2026-02-09,1,59.00,58.10,59.50,57.50,43526200,2528872220,64493000000,3.92,,,2026-02-25T05:41:12.983Z
mm1lwfpzn4323j7tq,002812,恩捷股份,2026-02-10,1,58.50,57.50,59.06,56.90,24294800,1396951000,64493000000,2.17,,,2026-02-25T05:41:12.983Z
mm1lwfpz0rsrxqi1b,002812,恩捷股份,2026-02-11,1,57.16,60.93,61.37,56.60,46390200,2826554886,64493000000,4.38,,,2026-02-25T05:41:12.983Z
mm1lwfpzx5n3mzgt6,002812,恩捷股份,2026-02-12,1,59.80,61.50,61.84,59.20,33375900,2052617850,64493000000,3.18,,,2026-02-25T05:41:12.983Z
mm1lwfpzyugsb4ar4,002812,恩捷股份,2026-02-13,1,60.44,64.50,65.50,59.98,41092800,2650485600,64493000000,4.11,,,2026-02-25T05:41:12.983Z
mm1lwfpzlhmmqlg5w,002812,恩捷股份,2026-02-24,1,64.57,66.31,68.80,64.00,36798300,2440095273,64493000000,3.78,,,2026-02-25T05:41:12.983Z
mm25r5mszn6bs3514,002812,恩捷股份,2026-02-25,1,66.000,65.660,68.500,64.730,38090700,2501035362,64493000000,3.88,,,2026-02-25T14:56:58.948Z
mm1lwg54awd8di3h4,02097,蜜雪集团,2026-02-09,1,401.800,394.400,403.800,392.000,31857700,12564676880,138712710000,9.06,,,2026-02-25T05:41:13.528Z
mm1lwg549rrikipcz,02097,蜜雪集团,2026-02-10,1,394.200,402.000,403.000,391.400,46817200,18820514400,138712710000,13.57,,,2026-02-25T05:41:13.528Z
mm1lwg54lhaxh0dqr,02097,蜜雪集团,2026-02-11,1,398.000,400.200,403.000,396.600,25952600,10386230520,138712710000,7.49,,,2026-02-25T05:41:13.528Z
mm1lwg54mjyod8zs2,02097,蜜雪集团,2026-02-12,1,398.200,388.000,398.200,385.200,37699400,14627367200,138712710000,10.55,,,2026-02-25T05:41:13.528Z
mm1lwg54s8tyx5d3y,02097,蜜雪集团,2026-02-13,1,388.000,386.800,392.800,384.200,19611400,7585689520,138712710000,5.47,,,2026-02-25T05:41:13.528Z
mm1lwg54hfdb24mk1,02097,蜜雪集团,2026-02-16,1,386.800,390.000,392.000,385.200,3290700,1283373000,138712710000,0.93,,,2026-02-25T05:41:13.528Z
mm1lwg547dt6g5ojt,02097,蜜雪集团,2026-02-20,1,388.600,392.600,392.600,384.000,8615700,3382523820,138712710000,2.44,,,2026-02-25T05:41:13.528Z
mm1lwg54zhutth4ai,02097,蜜雪集团,2026-02-23,1,392.600,386.200,396.000,386.200,12837800,4957958360,138712710000,3.57,,,2026-02-25T05:41:13.528Z
mm1lwg54rsokqio1n,02097,蜜雪集团,2026-02-24,1,387.800,372.600,387.800,370.000,55442600,20657912760,138712710000,14.89,,,2026-02-25T05:41:13.528Z
mm25r6512l3ahwx6n,02097,蜜雪集团,2026-02-25,1,375.000,365.400,376.600,360.000,48093700,17573437980,138712710000,12.67,,,2026-02-25T14:56:59.605Z
mm1lwgkdshq1w73ag,09868,小鹏汽车-W,2026-02-09,1,69.350,69.000,69.800,68.100,12311974,849526206,135784140000,0.63,,,2026-02-25T05:41:14.077Z
mm1lwgkdtbhz5xwdp,09868,小鹏汽车-W,2026-02-10,1,68.950,69.050,69.850,68.400,10112966,698300302,135784140000,0.51,,,2026-02-25T05:41:14.077Z
mm1lwgkdg05bgdyut,09868,小鹏汽车-W,2026-02-11,1,69.050,70.350,71.550,69.050,12218582,859577244,135784140000,0.63,,,2026-02-25T05:41:14.077Z
mm1lwgkds0rotrqa6,09868,小鹏汽车-W,2026-02-12,1,70.400,70.050,70.750,69.800,6645296,465502985,135784140000,0.34,,,2026-02-25T05:41:14.077Z
mm1lwgkdjug9dpoxv,09868,小鹏汽车-W,2026-02-13,1,69.000,69.350,69.800,68.500,11198890,776643021,135784140000,0.57,,,2026-02-25T05:41:14.077Z
mm1lwgkdukrm4y1mk,09868,小鹏汽车-W,2026-02-16,1,69.450,69.650,69.650,67.850,2569510,178966372,135784140000,0.13,,,2026-02-25T05:41:14.077Z
mm1lwgkdmfpd7cdev,09868,小鹏汽车-W,2026-02-20,1,69.500,67.850,69.850,67.300,4733242,321150470,135784140000,0.24,,,2026-02-25T05:41:14.077Z
mm1lwgkdrkmd1m5n0,09868,小鹏汽车-W,2026-02-23,1,67.850,69.500,70.750,67.850,6985297,485478142,135784140000,0.36,,,2026-02-25T05:41:14.077Z
mm1lwgkdctv6bmrw2,09868,小鹏汽车-W,2026-02-24,1,68.700,70.650,70.700,67.900,11975795,846089917,135784140000,0.62,,,2026-02-25T05:41:14.077Z
mm25r6n8mnwietdbc,09868,小鹏汽车-W,2026-02-25,1,72.600,71.100,73.550,70.800,14264738,1014222872,135784140000,0.75,,,2026-02-25T14:57:00.260Z
mm1lwgzgufxnb9qha,00700,腾讯控股,2026-02-09,1,550.000,560.000,562.500,550.000,26375723,14770404880,4758071080000,0.31,,,2026-02-25T05:41:14.620Z
mm1lwgzg7jff36yjs,00700,腾讯控股,2026-02-10,1,563.000,551.000,566.000,547.000,29211865,16095737615,4758071080000,0.34,,,2026-02-25T05:41:14.620Z
mm1lwgzg1h7yz4yy2,00700,腾讯控股,2026-02-11,1,543.000,548.000,550.500,543.000,23759058,13019963784,4758071080000,0.27,,,2026-02-25T05:41:14.620Z
mm1lwgzgbvqmx8tcw,00700,腾讯控股,2026-02-12,1,537.000,535.500,541.000,530.500,39790780,21307962690,4758071080000,0.45,,,2026-02-25T05:41:14.620Z
mm1lwgzgpuhaowpxx,00700,腾讯控股,2026-02-13,1,525.500,532.000,534.500,525.000,26900740,14311193680,4758071080000,0.30,,,2026-02-25T05:41:14.620Z
mm1lwgzgijy0tv0z2,00700,腾讯控股,2026-02-16,1,530.000,533.000,535.000,527.500,7224483,3850649439,4758071080000,0.08,,,2026-02-25T05:41:14.620Z
mm1lwgzgnx60bd4js,00700,腾讯控股,2026-02-20,1,531.500,522.000,533.000,518.000,21351884,11145683448,4758071080000,0.23,,,2026-02-25T05:41:14.620Z
mm1lwgzgo8rd8qkys,00700,腾讯控股,2026-02-23,1,529.000,538.000,543.000,528.000,22136687,11909537606,4758071080000,0.25,,,2026-02-25T05:41:14.620Z
mm1lwgzgma6da7hq4,00700,腾讯控股,2026-02-24,1,534.500,520.000,534.500,516.000,36134943,18790170360,4758071080000,0.39,,,2026-02-25T05:41:14.620Z
mm25r75evc2ufx8o5,00700,腾讯控股,2026-02-25,1,522.500,522.500,529.000,522.000,22838866,11933307485,4758071080000,0.25,,,2026-02-25T14:57:00.914Z
mm1lwhenms42v2c1r,09633,农夫山泉,2026-02-09,1,49.000,49.720,49.800,48.760,4279830,212793148,534432080000,0.04,,,2026-02-25T05:41:15.166Z
mm1lwhens246rjy14,09633,农夫山泉,2026-02-10,1,49.780,48.840,50.200,48.500,3819352,186537152,534432080000,0.03,,,2026-02-25T05:41:15.166Z
mm1lwhen9zfhm4tfl,09633,农夫山泉,2026-02-11,1,49.280,49.260,49.300,48.680,3575851,176146420,534432080000,0.03,,,2026-02-25T05:41:15.166Z
mm1lwhenan9osks2i,09633,农夫山泉,2026-02-12,1,49.260,48.240,49.260,48.220,1944291,93792598,534432080000,0.02,,,2026-02-25T05:41:15.166Z
mm1lwhenhnqg5qux6,09633,农夫山泉,2026-02-13,1,48.660,47.340,48.660,47.300,3328868,157588611,534432080000,0.03,,,2026-02-25T05:41:15.166Z
mm1lwhen0j43zcgit,09633,农夫山泉,2026-02-16,1,47.560,48.240,48.240,47.220,1040644,50200667,534432080000,0.01,,,2026-02-25T05:41:15.166Z
mm1lwhenef4g8jeo6,09633,农夫山泉,2026-02-20,1,48.160,47.060,48.360,46.960,3063473,144167039,534432080000,0.03,,,2026-02-25T05:41:15.166Z
mm1lwhenjoizgljgp,09633,农夫山泉,2026-02-23,1,47.800,48.240,48.260,47.780,2895370,139672649,534432080000,0.03,,,2026-02-25T05:41:15.166Z
mm1lwhenz3k4somp5,09633,农夫山泉,2026-02-24,1,47.480,47.220,47.720,46.920,5276205,249142400,534432080000,0.05,,,2026-02-25T05:41:15.166Z
mm25r7n8sa5t17cs9,09633,农夫山泉,2026-02-25,1,47.280,47.520,47.960,47.220,5332601,253405200,534432080000,0.05,,,2026-02-25T14:57:01.556Z
mm1lwhtqbmxtul4wa,002311,海大集团,2026-02-04,1,51.65,53.67,53.98,51.30,14977100,803820957,90441000000,0.89,,,2026-02-25T05:41:15.710Z
mm1lwhtqbmlnvg29j,002311,海大集团,2026-02-05,1,53.66,54.45,55.05,53.43,13865200,754960140,90441000000,0.83,,,2026-02-25T05:41:15.710Z
mm1lwhtqsvosaw2ay,002311,海大集团,2026-02-06,1,54.39,53.40,54.75,53.40,7934400,423696960,90441000000,0.47,,,2026-02-25T05:41:15.710Z
mm1lwhtqbmzu7uifm,002311,海大集团,2026-02-09,1,53.50,53.80,54.50,53.06,10830300,582670140,90441000000,0.64,,,2026-02-25T05:41:15.710Z
mm1lwhtqs5ewsz23x,002311,海大集团,2026-02-10,1,53.80,53.97,54.33,53.31,5294500,285744165,90441000000,0.32,,,2026-02-25T05:41:15.710Z
mm1lwhtqmelgmn6s7,002311,海大集团,2026-02-11,1,53.88,54.49,54.70,53.40,6097100,332230979,90441000000,0.37,,,2026-02-25T05:41:15.710Z
mm1lwhtqwowb94yu1,002311,海大集团,2026-02-12,1,54.40,53.95,54.68,53.86,4249900,229282105,90441000000,0.25,,,2026-02-25T05:41:15.710Z
mm1lwhtqkjdgjjhfz,002311,海大集团,2026-02-13,1,53.90,53.28,54.40,53.03,7279000,387825120,90441000000,0.43,,,2026-02-25T05:41:15.710Z
mm1lwhtq3xhspah71,002311,海大集团,2026-02-24,1,53.41,53.19,53.88,52.61,6311100,335687409,90441000000,0.37,,,2026-02-25T05:41:15.710Z
mm25r8591jjkcwxr9,002311,海大集团,2026-02-25,1,53.100,54.360,54.700,52.990,6331600,344185776,90441000000,0.38,,,2026-02-25T14:57:02.205Z
mm1lwi8xcj6yr4vmx,09988,阿里巴巴-W,2026-02-09,1,159.500,157.900,160.200,157.600,58582947,9250247331,2832426560000,0.33,,,2026-02-25T05:41:16.257Z
mm1lwi8xkcnvhd1hl,09988,阿里巴巴-W,2026-02-10,1,159.700,160.500,162.600,158.700,58402811,9373651166,2832426560000,0.33,,,2026-02-25T05:41:16.257Z
mm1lwi8xol1szexvn,09988,阿里巴巴-W,2026-02-11,1,161.300,160.100,162.700,159.600,51639528,8267488433,2832426560000,0.29,,,2026-02-25T05:41:16.257Z
mm1lwi8xnp4hcr2pf,09988,阿里巴巴-W,2026-02-12,1,157.900,158.600,159.500,156.100,56768511,9003485845,2832426560000,0.32,,,2026-02-25T05:41:16.257Z
mm1lwi8x2vk0s9k07,09988,阿里巴巴-W,2026-02-13,1,154.000,155.400,156.400,153.900,69945660,10869555564,2832426560000,0.38,,,2026-02-25T05:41:16.257Z
mm1lwi8xsx8fhn7a2,09988,阿里巴巴-W,2026-02-16,1,152.600,154.700,154.900,150.500,29215118,4519578755,2832426560000,0.16,,,2026-02-25T05:41:16.257Z
mm1lwi8x8tmp9qie4,09988,阿里巴巴-W,2026-02-20,1,150.000,147.100,151.700,147.100,70273864,10337285394,2832426560000,0.36,,,2026-02-25T05:41:16.257Z
mm1lwi8xenmiyswsb,09988,阿里巴巴-W,2026-02-23,1,150.100,152.200,153.300,149.500,44852186,6826502709,2832426560000,0.24,,,2026-02-25T05:41:16.257Z
mm1lwi8xfvuxxll6c,09988,阿里巴巴-W,2026-02-24,1,149.900,148.000,150.400,147.000,82838070,12260034360,2832426560000,0.43,,,2026-02-25T05:41:16.257Z
mm25r8napjeqylyan,09988,阿里巴巴-W,2026-02-25,1,149.800,148.300,150.200,148.100,47742854,7080265248,2832426560000,0.25,,,2026-02-25T14:57:02.854Z
mm1lwivxrmo1p7k4o,09660,地平线机器人-W,2026-02-09,1,8.270,8.260,8.350,8.090,113470453,937265942,124687540000,0.75,,,2026-02-25T05:41:17.085Z
mm1lwivxxc12kpf4t,09660,地平线机器人-W,2026-02-10,1,8.390,8.570,8.640,8.350,127737254,1094708267,124687540000,0.88,,,2026-02-25T05:41:17.085Z
mm1lwivxh4cyew9on,09660,地平线机器人-W,2026-02-11,1,8.670,8.680,8.830,8.570,91758831,796466653,124687540000,0.64,,,2026-02-25T05:41:17.085Z
mm1lwivxmjx58yc0y,09660,地平线机器人-W,2026-02-12,1,8.700,8.710,8.770,8.610,66126009,575957538,124687540000,0.46,,,2026-02-25T05:41:17.085Z
mm1lwivxaj8sv8asi,09660,地平线机器人-W,2026-02-13,1,8.640,8.960,8.990,8.510,121838175,1091670048,124687540000,0.88,,,2026-02-25T05:41:17.085Z
mm1lwivxsoupzboi4,09660,地平线机器人-W,2026-02-16,1,8.990,9.040,9.040,8.750,39169319,354090644,124687540000,0.28,,,2026-02-25T05:41:17.085Z
mm1lwivxakmi4q4lk,09660,地平线机器人-W,2026-02-20,1,9.050,8.900,9.450,8.890,121406745,1080520031,124687540000,0.87,,,2026-02-25T05:41:17.085Z
mm1lwivxxdrm51kq1,09660,地平线机器人-W,2026-02-23,1,8.980,8.990,9.040,8.750,57653154,518301854,124687540000,0.42,,,2026-02-25T05:41:17.085Z
mm1lwivx6bumd4e8p,09660,地平线机器人-W,2026-02-24,1,8.980,8.810,8.980,8.620,109744990,966853362,124687540000,0.78,,,2026-02-25T05:41:17.085Z
mm25r95d9fa30nhdj,09660,地平线机器人-W,2026-02-25,1,8.890,8.510,8.940,8.440,127501337,1085036378,124687540000,0.87,,,2026-02-25T14:57:03.505Z
mm1lwjb6w3dgt8dtk,01801,信达生物,2026-02-09,1,83.200,85.400,86.300,82.350,15917783,1359378668,153390450000,0.89,,,2026-02-25T05:41:17.634Z
mm1lwjb6fb6msv80d,01801,信达生物,2026-02-10,1,85.800,89.650,91.550,84.950,21246703,1904766924,153390450000,1.24,,,2026-02-25T05:41:17.634Z
mm1lwjb6l4knryh58,01801,信达生物,2026-02-11,1,90.900,89.650,91.800,89.450,8891047,797082364,153390450000,0.52,,,2026-02-25T05:41:17.634Z
mm1lwjb6syqm1lu5x,01801,信达生物,2026-02-12,1,89.500,89.050,90.850,87.750,10169832,905623540,153390450000,0.59,,,2026-02-25T05:41:17.634Z
mm1lwjb6nn2m5xez4,01801,信达生物,2026-02-13,1,89.100,88.600,91.050,88.450,10376780,919382708,153390450000,0.60,,,2026-02-25T05:41:17.634Z
mm1lwjb6kewpgpm5k,01801,信达生物,2026-02-16,1,88.950,89.100,89.900,87.700,3529691,314495468,153390450000,0.21,,,2026-02-25T05:41:17.634Z
mm1lwjb64gmg0nbz4,01801,信达生物,2026-02-20,1,89.900,90.750,91.500,89.900,5739867,520892930,153390450000,0.34,,,2026-02-25T05:41:17.634Z
mm1lwjb6c8ayrw66a,01801,信达生物,2026-02-23,1,92.400,92.000,93.800,91.750,5169087,475556004,153390450000,0.31,,,2026-02-25T05:41:17.634Z
mm1lwjb662k4r1gbv,01801,信达生物,2026-02-24,1,93.200,88.550,93.200,86.000,16053845,1421567975,153390450000,0.93,,,2026-02-25T05:41:17.634Z
mm25r9nagbsp8hnu,01801,信达生物,2026-02-25,1,88.550,88.400,89.850,87.500,8621779,762165264,153390450000,0.50,,,2026-02-25T14:57:04.149Z
mm1lwjqe49l4p6lc2,06969,思摩尔国际,2026-02-09,1,12.130,12.190,12.680,12.040,22113495,269563504,76131100000,0.35,,,2026-02-25T05:41:18.182Z
mm1lwjqebhnurn0ga,06969,思摩尔国际,2026-02-10,1,12.240,12.600,12.800,11.920,23932000,301543200,76131100000,0.40,,,2026-02-25T05:41:18.182Z
mm1lwjqelcg3121sm,06969,思摩尔国际,2026-02-11,1,12.610,13.030,13.470,12.610,50299740,655405612,76131100000,0.86,,,2026-02-25T05:41:18.182Z
mm1lwjqea0o03ir4s,06969,思摩尔国际,2026-02-12,1,13.030,12.660,13.030,12.410,20647307,261394907,76131100000,0.34,,,2026-02-25T05:41:18.182Z
mm1lwjqe0dputea8h,06969,思摩尔国际,2026-02-13,1,12.660,12.230,12.690,12.060,26432000,323263360,76131100000,0.42,,,2026-02-25T05:41:18.182Z
mm1lwjqespz23h2qj,06969,思摩尔国际,2026-02-16,1,12.580,12.170,12.580,11.980,1914000,23293380,76131100000,0.03,,,2026-02-25T05:41:18.182Z
mm1lwjqe0wgqm11p6,06969,思摩尔国际,2026-02-20,1,12.400,11.980,12.400,11.850,3483398,41731108,76131100000,0.05,,,2026-02-25T05:41:18.182Z
mm1lwjqebqd7i702p,06969,思摩尔国际,2026-02-23,1,11.980,12.290,12.360,11.980,3001496,36888386,76131100000,0.05,,,2026-02-25T05:41:18.182Z
mm1lwjqexqcolklst,06969,思摩尔国际,2026-02-24,1,12.270,12.510,12.560,11.880,20118377,251680896,76131100000,0.33,,,2026-02-25T05:41:18.182Z
mm25ra5bd3fkukon2,06969,思摩尔国际,2026-02-25,1,12.520,12.290,12.850,12.200,9901965,121695150,76131100000,0.16,,,2026-02-25T14:57:04.799Z
mm1lwk5mvqwcu8rd2,000034,神州数码,2026-02-04,1,37.22,36.73,37.22,36.21,18192600,668214198,27035000000,2.47,,,2026-02-25T05:41:18.730Z
mm1lwk5m4nl85fymq,000034,神州数码,2026-02-05,1,36.49,35.96,36.49,35.86,13886000,499340560,27035000000,1.85,,,2026-02-25T05:41:18.730Z
mm1lwk5mj8wfotd7x,000034,神州数码,2026-02-06,1,35.60,35.85,36.36,35.28,11595900,415713015,27035000000,1.54,,,2026-02-25T05:41:18.730Z
mm1lwk5m2wv2119r7,000034,神州数码,2026-02-09,1,36.44,36.89,36.93,36.36,15080800,556330712,27035000000,2.06,,,2026-02-25T05:41:18.730Z
mm1lwk5m8swjjz2o7,000034,神州数码,2026-02-10,1,37.10,37.70,38.25,37.00,21219200,799963840,27035000000,2.96,,,2026-02-25T05:41:18.730Z
mm1lwk5mv6sgt46x1,000034,神州数码,2026-02-11,1,37.60,37.49,38.18,37.36,11801100,442423239,27035000000,1.64,,,2026-02-25T05:41:18.730Z
mm1lwk5m94hj347ye,000034,神州数码,2026-02-12,1,37.85,38.23,38.47,37.68,19161200,732532676,27035000000,2.71,,,2026-02-25T05:41:18.730Z
mm1lwk5m5q67wrxqg,000034,神州数码,2026-02-13,1,37.89,37.96,38.93,37.70,17144700,650812812,27035000000,2.41,,,2026-02-25T05:41:18.730Z
mm1lwk5m3pdtgk6v3,000034,神州数码,2026-02-24,1,38.80,37.50,38.90,37.27,14268500,535068750,27035000000,1.98,,,2026-02-25T05:41:18.730Z
mm25rancqa6uo2op7,000034,神州数码,2026-02-25,1,37.550,37.370,38.000,37.260,13390300,500395511,27035000000,1.85,,,2026-02-25T14:57:05.448Z
mm1lwkkzyglypc54t,600276,恒瑞医药,2026-02-04,1,57.30,57.60,57.70,56.23,48924300,2818039680,384028000000,0.73,,,2026-02-25T05:41:19.283Z
mm1lwkkzbhzljyp7o,600276,恒瑞医药,2026-02-05,1,57.50,58.16,58.47,57.30,51774600,3011210736,384028000000,0.78,,,2026-02-25T05:41:19.283Z
mm1lwkkzd6sb040ti,600276,恒瑞医药,2026-02-06,1,57.74,57.31,58.15,57.24,36090400,2068340824,384028000000,0.54,,,2026-02-25T05:41:19.283Z
mm1lwkkzksjxb1j12,600276,恒瑞医药,2026-02-09,1,57.75,57.45,57.89,57.00,36611700,2103342165,384028000000,0.55,,,2026-02-25T05:41:19.283Z
mm1lwkkzty61eqnm2,600276,恒瑞医药,2026-02-10,1,57.46,58.40,59.04,57.05,64886100,3789348240,384028000000,0.99,,,2026-02-25T05:41:19.283Z
mm1lwkkzs4kn7w4ow,600276,恒瑞医药,2026-02-11,1,58.40,58.90,59.95,58.35,57368000,3378975200,384028000000,0.88,,,2026-02-25T05:41:19.283Z
mm1lwkkzfjdpyas0w,600276,恒瑞医药,2026-02-12,1,58.60,58.74,59.49,58.50,34869000,2048205060,384028000000,0.53,,,2026-02-25T05:41:19.283Z
mm1lwkkzotmmuz60q,600276,恒瑞医药,2026-02-13,1,58.76,58.23,59.05,58.13,34356800,2000596464,384028000000,0.52,,,2026-02-25T05:41:19.283Z
mm1lwkkzfwi66md0r,600276,恒瑞医药,2026-02-24,1,58.31,58.01,58.48,57.72,33898100,1966428781,384028000000,0.51,,,2026-02-25T05:41:19.283Z
mm25rb5pdwwhrxsu9,600276,恒瑞医药,2026-02-25,1,57.980,57.860,58.200,57.580,42157900,2439256094,384028000000,0.64,,,2026-02-25T14:57:06.109Z
mm1lwl05q8bax86y3,03690,美团-W,2026-02-09,1,93.000,91.050,93.200,90.400,42466515,3866576191,505460990000,0.76,,,2026-02-25T05:41:19.829Z
mm1lwl05i0ixdgxfn,03690,美团-W,2026-02-10,1,91.050,88.800,91.700,88.100,74372071,6604239905,505460990000,1.31,,,2026-02-25T05:41:19.829Z
mm1lwl05tx75k3ex8,03690,美团-W,2026-02-11,1,88.400,88.850,89.400,87.250,37829736,3361172044,505460990000,0.66,,,2026-02-25T05:41:19.829Z
mm1lwl053iiisexyp,03690,美团-W,2026-02-12,1,86.650,84.850,87.800,84.300,90415198,7671729550,505460990000,1.52,,,2026-02-25T05:41:19.829Z
mm1lwl05l4wxx6ozl,03690,美团-W,2026-02-13,1,84.050,82.150,84.250,80.800,99656113,8186749683,505460990000,1.62,,,2026-02-25T05:41:19.829Z
mm1lwl05gg79mtgfp,03690,美团-W,2026-02-16,1,81.650,82.050,82.400,79.250,23648794,1940383548,505460990000,0.38,,,2026-02-25T05:41:19.829Z
mm1lwl05xhxmragqw,03690,美团-W,2026-02-20,1,81.150,80.750,82.000,80.100,27220396,2198046977,505460990000,0.43,,,2026-02-25T05:41:19.829Z
mm1lwl05nfvws2upw,03690,美团-W,2026-02-23,1,83.200,85.000,87.500,82.650,65205703,5542484755,505460990000,1.10,,,2026-02-25T05:41:19.829Z
mm1lwl05ev4zuq3pp,03690,美团-W,2026-02-24,1,84.200,81.400,84.200,80.650,67807380,5519520732,505460990000,1.09,,,2026-02-25T05:41:19.829Z
mm25rbnzu4qigtfn1,03690,美团-W,2026-02-25,1,82.400,82.700,83.600,81.500,39932923,3302452732,505460990000,0.65,,,2026-02-25T14:57:06.767Z
mm1lwlfet4i69mms8,600563,法拉电子,2026-02-04,1,106.88,106.77,106.91,105.30,2914200,311149134,25949000000,1.20,,,2026-02-25T05:41:20.378Z
mm1lwlfese8kchuep,600563,法拉电子,2026-02-05,1,106.40,106.10,107.47,105.33,3017400,320146140,25949000000,1.23,,,2026-02-25T05:41:20.378Z
mm1lwlfel1grxagb5,600563,法拉电子,2026-02-06,1,105.07,104.70,106.49,104.38,3298400,345342480,25949000000,1.33,,,2026-02-25T05:41:20.378Z
mm1lwlfeexpvfvnr0,600563,法拉电子,2026-02-09,1,105.82,105.58,106.39,105.01,3306600,349110828,25949000000,1.35,,,2026-02-25T05:41:20.378Z
mm1lwlfeevsuwwl0q,600563,法拉电子,2026-02-10,1,106.00,106.81,108.28,105.66,3667900,391768399,25949000000,1.51,,,2026-02-25T05:41:20.378Z
mm1lwlfe89asezf7m,600563,法拉电子,2026-02-11,1,106.50,110.01,110.36,106.18,5301000,583163010,25949000000,2.25,,,2026-02-25T05:41:20.378Z
mm1lwlfecmrpcvxj5,600563,法拉电子,2026-02-12,1,109.77,112.70,113.06,108.93,4884700,550505690,25949000000,2.12,,,2026-02-25T05:41:20.378Z
mm1lwlfel8ip3zdea,600563,法拉电子,2026-02-13,1,112.30,110.98,114.50,110.88,4109800,456105604,25949000000,1.76,,,2026-02-25T05:41:20.378Z
mm1lwlferryshkof5,600563,法拉电子,2026-02-24,1,112.00,113.82,114.62,111.78,4026400,458284848,25949000000,1.77,,,2026-02-25T05:41:20.378Z
mm25rc642uek2lvqt,600563,法拉电子,2026-02-25,1,113.820,115.330,115.870,113.700,4250800,490244764,25949000000,1.89,,,2026-02-25T14:57:07.420Z
mm1lwluod9httsfv3,02015,理想汽车-W,2026-02-09,1,73.350,71.950,73.950,70.900,19356698,1392714421,145039070000,0.96,,,2026-02-25T05:41:20.928Z
mm1lwluoz5w9hjgvs,02015,理想汽车-W,2026-02-10,1,72.000,72.800,73.250,70.750,11085502,807024546,145039070000,0.56,,,2026-02-25T05:41:20.928Z
mm1lwluokv722yn98,02015,理想汽车-W,2026-02-11,1,73.500,74.800,75.600,73.500,12503666,935274217,145039070000,0.64,,,2026-02-25T05:41:20.928Z
mm1lwluo9qea7vje3,02015,理想汽车-W,2026-02-12,1,75.000,73.950,75.000,73.550,7908424,584827955,145039070000,0.40,,,2026-02-25T05:41:20.928Z
mm1lwluok00kqq51c,02015,理想汽车-W,2026-02-13,1,72.800,72.300,73.350,71.500,13550483,979699921,145039070000,0.68,,,2026-02-25T05:41:20.928Z
mm1lwluo7j20t4xj7,02015,理想汽车-W,2026-02-16,1,71.900,72.100,72.250,69.900,2711800,195520780,145039070000,0.13,,,2026-02-25T05:41:20.928Z
mm1lwluojwkpvpz4l,02015,理想汽车-W,2026-02-20,1,71.350,70.100,71.750,69.550,4329009,303463531,145039070000,0.21,,,2026-02-25T05:41:20.928Z
mm1lwluokthls7tlw,02015,理想汽车-W,2026-02-23,1,70.300,72.850,73.300,70.300,5981703,435767064,145039070000,0.30,,,2026-02-25T05:41:20.928Z
mm1lwluoixeed8h6s,02015,理想汽车-W,2026-02-24,1,71.800,71.750,73.500,71.300,10782103,773615890,145039070000,0.53,,,2026-02-25T05:41:20.928Z
mm25rco2plq5ob24r,02015,理想汽车-W,2026-02-25,1,72.800,71.850,73.150,70.500,12035086,864720929,145039070000,0.60,,,2026-02-25T14:57:08.066Z
mm1lwm9ynt8dlnejd,600519,贵州茅台,2026-02-04,1,1485.00,1525.00,1533.27,1474.00,10912300,16641257500,1867961000000,0.89,,,2026-02-25T05:41:21.478Z
mm1lwm9y11bs80isz,600519,贵州茅台,2026-02-05,1,1520.00,1555.00,1565.00,1515.00,9162300,14247376500,1867961000000,0.76,,,2026-02-25T05:41:21.478Z
mm1lwm9ycmyfm6wx8,600519,贵州茅台,2026-02-06,1,1555.00,1515.01,1568.00,1505.88,7896500,11963276465,1867961000000,0.64,,,2026-02-25T05:41:21.478Z
mm1lwm9yasnnbpatd,600519,贵州茅台,2026-02-09,1,1518.00,1524.96,1542.88,1513.49,5116800,7802915328,1867961000000,0.42,,,2026-02-25T05:41:21.478Z
mm1lwm9yy48oc2yut,600519,贵州茅台,2026-02-10,1,1524.97,1504.80,1524.97,1496.50,3957600,5955396480,1867961000000,0.32,,,2026-02-25T05:41:21.478Z
mm1lwm9yxr54vb6jh,600519,贵州茅台,2026-02-11,1,1504.80,1504.33,1514.00,1496.00,3092800,4652591824,1867961000000,0.25,,,2026-02-25T05:41:21.478Z
mm1lwm9ycgejpr369,600519,贵州茅台,2026-02-12,1,1500.20,1486.60,1502.82,1473.36,4624600,6874930360,1867961000000,0.37,,,2026-02-25T05:41:21.478Z
mm1lwm9ysmfah87op,600519,贵州茅台,2026-02-13,1,1486.60,1485.30,1507.80,1470.58,4167900,6190581870,1867961000000,0.33,,,2026-02-25T05:41:21.478Z
mm1lwm9yd4axqog4n,600519,贵州茅台,2026-02-24,1,1521.00,1466.80,1524.40,1463.60,4191300,6147798840,1867961000000,0.33,,,2026-02-25T05:41:21.478Z
mm25rd6d2dmdypzux,600519,贵州茅台,2026-02-25,1,1470.00,1491.66,1509.66,1467.88,3688100,5501391246,1867961000000,0.29,,,2026-02-25T14:57:08.725Z
mm1lwmp8zsnn59ksy,600845,宝信软件,2026-02-04,1,23.00,22.68,23.04,22.40,18837900,427243572,67463000000,0.63,,,2026-02-25T05:41:22.028Z
mm1lwmp88smqflp2h,600845,宝信软件,2026-02-05,1,22.45,22.40,22.65,22.39,12789900,286493760,67463000000,0.42,,,2026-02-25T05:41:22.028Z
mm1lwmp8nepzidl13,600845,宝信软件,2026-02-06,1,22.24,22.18,22.43,22.00,13520100,299875818,67463000000,0.44,,,2026-02-25T05:41:22.028Z
mm1lwmp8wbidmtuuz,600845,宝信软件,2026-02-09,1,22.59,23.16,23.37,22.49,25415800,588629928,67463000000,0.87,,,2026-02-25T05:41:22.028Z
mm1lwmp8r8eplc6y3,600845,宝信软件,2026-02-10,1,23.20,23.22,23.45,22.93,20578200,477825804,67463000000,0.71,,,2026-02-25T05:41:22.028Z
mm1lwmp8s2u1qrwh0,600845,宝信软件,2026-02-11,1,23.22,23.35,23.65,23.12,19889600,464422160,67463000000,0.69,,,2026-02-25T05:41:22.028Z
mm1lwmp8fvays9esl,600845,宝信软件,2026-02-12,1,23.60,24.24,24.45,23.56,41162500,997779000,67463000000,1.48,,,2026-02-25T05:41:22.028Z
mm1lwmp8asichq06r,600845,宝信软件,2026-02-13,1,23.85,23.91,24.45,23.80,23858800,570463908,67463000000,0.85,,,2026-02-25T05:41:22.028Z
mm1lwmp83bzrmrch1,600845,宝信软件,2026-02-24,1,24.23,24.12,24.49,23.56,31415000,757729800,67463000000,1.12,,,2026-02-25T05:41:22.028Z
mm25rdolgznvtx318,600845,宝信软件,2026-02-25,1,24.120,23.500,24.130,23.470,27460100,645312350,67463000000,0.96,,,2026-02-25T14:57:09.381Z
mm1lwn4ilprln2wcn,300188,国投智能,2026-02-04,1,13.89,13.99,14.08,13.65,11237400,157211226,12119000000,1.30,,,2026-02-25T05:41:22.578Z
mm1lwn4ivo1vjk9vg,300188,国投智能,2026-02-05,1,13.85,13.87,14.02,13.80,7876500,109247055,12119000000,0.90,,,2026-02-25T05:41:22.578Z
mm1lwn4iks97q8dql,300188,国投智能,2026-02-06,1,13.80,13.80,13.95,13.65,7880400,108749520,12119000000,0.90,,,2026-02-25T05:41:22.578Z
mm1lwn4ikuod2d8eh,300188,国投智能,2026-02-09,1,13.98,14.27,14.30,13.92,13850800,197650916,12119000000,1.63,,,2026-02-25T05:41:22.578Z
mm1lwn4iung4ijdsv,300188,国投智能,2026-02-10,1,16.21,15.35,16.56,15.20,86587900,1329124265,12119000000,10.97,,,2026-02-25T05:41:22.578Z
mm1lwn4ib80q63xd6,300188,国投智能,2026-02-11,1,15.11,15.45,15.89,14.79,69389400,1072066230,12119000000,8.85,,,2026-02-25T05:41:22.578Z
mm1lwn4i1ylvqbl9b,300188,国投智能,2026-02-12,1,15.60,15.96,16.35,15.30,63706000,1016747760,12119000000,8.39,,,2026-02-25T05:41:22.578Z
mm1lwn4iso6s34dvv,300188,国投智能,2026-02-13,1,16.50,15.87,17.78,15.85,1150241,18254325,12119000000,0.15,,,2026-02-25T05:41:22.578Z
mm1lwn4i9ompwmdzq,300188,国投智能,2026-02-24,1,15.34,14.19,15.55,14.16,87429800,1240628862,12119000000,10.24,,,2026-02-25T05:41:22.578Z
mm25re6w9vvo6k5cc,300188,国投智能,2026-02-25,1,14.120,14.100,14.480,14.060,40867600,576233160,12119000000,4.75,,,2026-02-25T14:57:10.039Z
mm1lwnjqfwmfon0ej,002063,远光软件,2026-02-04,1,6.50,6.52,6.55,6.44,36497300,237962396,12683000000,1.88,,,2026-02-25T05:41:23.126Z
mm1lwnjqtj0je89qt,002063,远光软件,2026-02-05,1,6.45,6.38,6.49,6.37,36173800,230788844,12683000000,1.82,,,2026-02-25T05:41:23.126Z
mm1lwnjqh2468nzp8,002063,远光软件,2026-02-06,1,6.33,6.31,6.41,6.28,39546800,249540308,12683000000,1.97,,,2026-02-25T05:41:23.126Z
mm1lwnjqrwh0coy5l,002063,远光软件,2026-02-09,1,6.39,6.52,6.55,6.38,47444000,309334880,12683000000,2.44,,,2026-02-25T05:41:23.126Z
mm1lwnjqak29qmquo,002063,远光软件,2026-02-10,1,6.51,6.63,6.70,6.49,47144900,312570687,12683000000,2.46,,,2026-02-25T05:41:23.126Z
mm1lwnjq7mv3q0o8h,002063,远光软件,2026-02-11,1,6.64,6.70,6.85,6.62,55690300,373125010,12683000000,2.94,,,2026-02-25T05:41:23.126Z
mm1lwnjqunyx197wq,002063,远光软件,2026-02-12,1,6.78,6.77,6.83,6.68,60673200,410757564,12683000000,3.24,,,2026-02-25T05:41:23.126Z
mm1lwnjqayazw6foc,002063,远光软件,2026-02-13,1,6.75,6.71,6.82,6.70,49543600,332437556,12683000000,2.62,,,2026-02-25T05:41:23.126Z
mm1lwnjqo274ldjwz,002063,远光软件,2026-02-24,1,6.78,6.66,6.80,6.62,47690000,317615400,12683000000,2.50,,,2026-02-25T05:41:23.126Z
mm25rep5u1wleshpm,002063,远光软件,2026-02-25,1,6.670,6.640,6.730,6.610,41058600,272629104,12683000000,2.15,,,2026-02-25T14:57:10.697Z
mm1m2dddomphb3ud0,002415,海康威视,2026-01-06,1,30.030,30.390,30.400,29.920,50362300,1530510297,292634000000,0.52,,,2026-02-25T05:45:49.871Z
mm1m2dddrrvf7oth3,002415,海康威视,2026-01-07,1,30.460,30.070,30.510,30.000,50324200,1513248694,292634000000,0.52,,,2026-02-25T05:45:49.871Z
mm1m2dddgdlso0kj6,002415,海康威视,2026-01-08,1,30.010,30.010,30.220,29.870,40319400,1209985194,292634000000,0.41,,,2026-02-25T05:45:49.871Z
mm1m2dddejgxqm4dg,002415,海康威视,2026-01-09,1,29.980,30.260,30.300,29.900,46610500,1410433730,292634000000,0.48,,,2026-02-25T05:45:49.871Z
mm1m2ddd0ejua7ps7,002415,海康威视,2026-01-12,1,30.500,31.640,31.860,30.480,1177043.000,37241641,292634000000,0.01,,,2026-02-25T05:45:49.871Z
mm1m2dddayrqofris,002415,海康威视,2026-01-13,1,31.850,30.870,31.880,30.770,89939100,2776420017,292634000000,0.95,,,2026-02-25T05:45:49.871Z
mm1m2dddzbtb6r5y3,002415,海康威视,2026-01-14,1,31.020,31.430,32.000,31.020,1089643.000,34247479,292634000000,0.01,,,2026-02-25T05:45:49.871Z
mm1m2ddd6t0s9dmsy,002415,海康威视,2026-01-15,1,31.250,31.290,31.540,31.080,55622100,1740415509,292634000000,0.59,,,2026-02-25T05:45:49.871Z
mm1m2ddds33zz9xad,002415,海康威视,2026-01-16,1,31.420,31.000,31.470,30.750,65137500,2019262500,292634000000,0.69,,,2026-02-25T05:45:49.871Z
mm1m2dddv1mqph6bo,002415,海康威视,2026-01-19,1,31.000,31.010,31.260,30.850,45917900,1423914079,292634000000,0.49,,,2026-02-25T05:45:49.871Z
mm1m2ddd8nuy31h9v,002415,海康威视,2026-01-20,1,31.060,31.140,31.220,30.590,55312900,1722443706,292634000000,0.59,,,2026-02-25T05:45:49.871Z
mm1m2ddd4woutqymt,002415,海康威视,2026-01-21,1,32.030,32.600,32.990,31.810,1892094.000,61682264,292634000000,0.02,,,2026-02-25T05:45:49.871Z
mm1m2ddd6h63o35rx,002415,海康威视,2026-01-22,1,32.700,32.090,32.790,32.010,85897900,2756463611,292634000000,0.94,,,2026-02-25T05:45:49.871Z
mm1m2dddccbcc7lcr,002415,海康威视,2026-01-23,1,32.090,31.950,32.430,31.920,74342400,2375239680,292634000000,0.81,,,2026-02-25T05:45:49.871Z
mm1m2ddd8ja40k12n,002415,海康威视,2026-01-26,1,32.050,32.310,32.430,31.470,98214700,3173316957,292634000000,1.08,,,2026-02-25T05:45:49.871Z
mm1m2dddqizq3w2la,002415,海康威视,2026-01-27,1,32.200,31.900,32.260,31.800,57429700,1832007430,292634000000,0.63,,,2026-02-25T05:45:49.871Z
mm1m2ddd9cr3e56du,002415,海康威视,2026-01-28,1,31.960,32.030,32.320,31.830,60617300,1941572119,292634000000,0.66,,,2026-02-25T05:45:49.871Z
mm1m2dddy9s4gow23,002415,海康威视,2026-01-29,1,32.030,32.200,32.460,31.860,76072800,2449544160,292634000000,0.84,,,2026-02-25T05:45:49.871Z
mm1m2ddd3h2prbc7b,002415,海康威视,2026-01-30,1,31.980,31.330,32.170,31.180,71684200,2245865986,292634000000,0.77,,,2026-02-25T05:45:49.871Z
mm1m2ddd56e4f0s2s,002415,海康威视,2026-02-02,1,31.300,31.610,31.810,31.230,69919100,2210142751,292634000000,0.76,,,2026-02-25T05:45:49.871Z
mm1m2dddanazs5g61,002415,海康威视,2026-02-03,1,31.610,31.860,31.860,30.840,65892500,2099335050,292634000000,0.72,,,2026-02-25T05:45:49.871Z
mm1m2dddo57tb9p5n,002415,海康威视,2026-02-04,1,31.610,31.930,31.970,31.250,47790600,1525953858,292634000000,0.52,,,2026-02-25T05:45:49.871Z
mm1m2dddjq7b7ie9d,002415,海康威视,2026-02-05,1,31.600,32.500,32.660,31.560,92244900,2997959250,292634000000,1.02,,,2026-02-25T05:45:49.871Z
mm1m2ddddfywq5a4f,002415,海康威视,2026-02-06,1,32.300,32.640,32.710,32.260,58649700,1914326208,292634000000,0.65,,,2026-02-25T05:45:49.871Z
mm1m2dddfvhooxifq,002415,海康威视,2026-02-09,1,32.800,32.540,32.840,32.350,50971900,1658625626,292634000000,0.57,,,2026-02-25T05:45:49.871Z
mm1m2dddfx1lb41ml,002415,海康威视,2026-02-10,1,32.550,32.860,33.080,32.400,52396600,1721752276,292634000000,0.59,,,2026-02-25T05:45:49.871Z
mm1m2ddd6a9hrrxjc,002415,海康威视,2026-02-11,1,32.810,32.400,32.900,32.370,41471400,1343673360,292634000000,0.46,,,2026-02-25T05:45:49.871Z
mm1m2dddzhx3wbs73,002415,海康威视,2026-02-12,1,32.380,32.490,32.660,32.330,38172100,1240211529,292634000000,0.42,,,2026-02-25T05:45:49.871Z
mm1m2ddd3scp2gu6e,002415,海康威视,2026-02-13,1,32.400,32.380,32.700,32.200,31770400,1028725552,292634000000,0.35,,,2026-02-25T05:45:49.871Z
mm1m2dddvxp65hfar,002415,海康威视,2026-02-24,1,32.580,32.340,32.890,32.270,38146100,1233644874,292634000000,0.42,,,2026-02-25T05:45:49.871Z
mm25qx0g7019q6gxv,002415,海康威视,2026-02-25,1,32.320,31.930,32.510,31.850,53525900,1709081987,292634000000,0.58,,,2026-02-25T14:56:47.776Z
mm1m2dvrv06y1uuy2,300033,同花顺,2026-01-06,1,333.050,372.000,373.330,331.900,24367200,9064598400,180585000000,5.02,,,2026-02-25T05:45:50.535Z
mm1m2dvr6ngh934uq,300033,同花顺,2026-01-07,1,364.590,363.300,370.000,357.700,14514800,5273226840,180585000000,2.92,,,2026-02-25T05:45:50.535Z
mm1m2dvr15x9oex4p,300033,同花顺,2026-01-08,1,355.990,347.320,356.800,344.010,12998400,4514604288,180585000000,2.50,,,2026-02-25T05:45:50.535Z
mm1m2dvrgfbu0zkpy,300033,同花顺,2026-01-09,1,346.240,355.600,361.990,344.580,12776700,4543394520,180585000000,2.52,,,2026-02-25T05:45:50.535Z
mm1m2dvr4nii4sfuk,300033,同花顺,2026-01-12,1,358.180,393.370,399.370,356.010,27432400,10791083188,180585000000,5.98,,,2026-02-25T05:45:50.535Z
mm1m2dvrw1vazi8ao,300033,同花顺,2026-01-13,1,400.000,393.310,414.140,389.000,25102200,9872946282,180585000000,5.47,,,2026-02-25T05:45:50.535Z
mm1m2dvrzfsv4hvlo,300033,同花顺,2026-01-14,1,386.010,398.690,435.000,386.010,28514400,11368406136,180585000000,6.30,,,2026-02-25T05:45:50.535Z
mm1m2dvr4drqtgs0o,300033,同花顺,2026-01-15,1,390.160,388.300,398.180,383.000,14455300,5612992990,180585000000,3.11,,,2026-02-25T05:45:50.535Z
mm1m2dvru2hky39n4,300033,同花顺,2026-01-16,1,394.810,376.000,399.990,375.600,12077800,4541252800,180585000000,2.51,,,2026-02-25T05:45:50.535Z
mm1m2dvrw41ugwdlq,300033,同花顺,2026-01-19,1,375.000,364.990,375.970,361.180,12394100,4523722559,180585000000,2.51,,,2026-02-25T05:45:50.535Z
mm1m2dvrz12cahhhd,300033,同花顺,2026-01-20,1,364.410,357.860,369.660,355.280,8638500,3091373610,180585000000,1.71,,,2026-02-25T05:45:50.535Z
mm1m2dvrd2oso4zwb,300033,同花顺,2026-01-21,1,363.020,361.500,370.000,357.880,11145400,4029062100,180585000000,2.23,,,2026-02-25T05:45:50.535Z
mm1m2dvrbthkxqxi3,300033,同花顺,2026-01-22,1,362.860,358.190,367.980,356.200,10089400,3613922186,180585000000,2.00,,,2026-02-25T05:45:50.535Z
mm1m2dvrd2rlzyu6m,300033,同花顺,2026-01-23,1,358.600,365.180,373.330,357.330,12583000,4595059940,180585000000,2.54,,,2026-02-25T05:45:50.535Z
mm1m2dvrxfz4v4w29,300033,同花顺,2026-01-26,1,361.900,355.030,369.630,354.080,11873100,4215306693,180585000000,2.33,,,2026-02-25T05:45:50.535Z
mm1m2dvrqgfcsrno0,300033,同花顺,2026-01-27,1,354.500,350.810,357.660,345.870,9441500,3312172615,180585000000,1.83,,,2026-02-25T05:45:50.535Z
mm1m2dvrsvhqktmmb,300033,同花顺,2026-01-28,1,352.980,350.100,357.370,349.000,7523900,2634117390,180585000000,1.46,,,2026-02-25T05:45:50.535Z
mm1m2dvrav3bpucy1,300033,同花顺,2026-01-29,1,348.000,357.700,363.560,341.580,14721400,5265844780,180585000000,2.92,,,2026-02-25T05:45:50.535Z
mm1m2dvrbqgr3et0q,300033,同花顺,2026-01-30,1,356.200,348.790,356.400,344.700,9869400,3442348026,180585000000,1.91,,,2026-02-25T05:45:50.535Z
mm1m2dvrfcffl9jbv,300033,同花顺,2026-02-02,1,348.780,345.800,358.790,345.210,9210600,3185025480,180585000000,1.76,,,2026-02-25T05:45:50.535Z
mm1m2dvrchr7p8ves,300033,同花顺,2026-02-03,1,349.800,353.230,354.910,345.220,8667900,3061762317,180585000000,1.70,,,2026-02-25T05:45:50.535Z
mm1m2dvrcydzm6kxg,300033,同花顺,2026-02-04,1,350.890,359.490,363.000,349.540,12087800,4345443222,180585000000,2.41,,,2026-02-25T05:45:50.535Z
mm1m2dvrj3ish0vwr,300033,同花顺,2026-02-05,1,355.410,353.180,358.490,349.100,8653700,3056313766,180585000000,1.69,,,2026-02-25T05:45:50.535Z
mm1m2dvrpiy4qlhfj,300033,同花顺,2026-02-06,1,352.190,341.430,354.990,341.190,8631200,2946950616,180585000000,1.63,,,2026-02-25T05:45:50.535Z
mm1m2dvrnfpcdrls8,300033,同花顺,2026-02-09,1,347.180,353.690,354.990,345.880,8796300,3111163347,180585000000,1.72,,,2026-02-25T05:45:50.535Z
mm1m2dvrkb43zquid,300033,同花顺,2026-02-10,1,353.690,349.590,356.500,348.230,5363600,1875060924,180585000000,1.04,,,2026-02-25T05:45:50.535Z
mm1m2dvr154nd9wch,300033,同花顺,2026-02-11,1,348.780,344.800,348.780,342.350,4822200,1662694560,180585000000,0.92,,,2026-02-25T05:45:50.535Z
mm1m2dvrdwkkw8pdv,300033,同花顺,2026-02-12,1,344.860,342.110,345.680,341.280,4944000,1691391840,180585000000,0.94,,,2026-02-25T05:45:50.535Z
mm1m2dvrikz01ivtb,300033,同花顺,2026-02-13,1,343.000,337.430,345.970,337.400,6201500,2092572145,180585000000,1.16,,,2026-02-25T05:45:50.535Z
mm1m2dvrqknp1ma6k,300033,同花顺,2026-02-24,1,338.330,329.140,340.660,328.010,8154000,2683807560,180585000000,1.49,,,2026-02-25T05:45:50.535Z
mm25qxiii31liuu9x,300033,同花顺,2026-02-25,1,329.310,335.910,338.720,329.310,7436700,2498061897,180585000000,1.38,,,2026-02-25T14:56:48.426Z
mm1m2ee2zc8l3ewic,688111,金山办公,2026-01-06,1,325.650,329.070,330.000,323.300,5887031.000,1937245291,136973000000,1.41,,,2026-02-25T05:45:51.194Z
mm1m2ee22s7pvxdfp,688111,金山办公,2026-01-07,1,328.370,323.500,328.370,320.020,5141652.000,1663324422,136973000000,1.21,,,2026-02-25T05:45:51.194Z
mm1m2ee2llnmerzes,688111,金山办公,2026-01-08,1,322.000,325.500,330.940,318.510,5460704.000,1777459152,136973000000,1.30,,,2026-02-25T05:45:51.194Z
mm1m2ee2lg53occ90,688111,金山办公,2026-01-09,1,324.970,341.500,342.500,324.010,9801966.000,3347371389,136973000000,2.44,,,2026-02-25T05:45:51.194Z
mm1m2ee2esoo4etp5,688111,金山办公,2026-01-12,1,350.000,379.990,386.000,350.000,16265912.000,6180883901,136973000000,4.51,,,2026-02-25T05:45:51.194Z
mm1m2ee23i9aqjwy7,688111,金山办公,2026-01-13,1,394.930,371.790,415.000,370.230,18792872.000,6987001881,136973000000,5.10,,,2026-02-25T05:45:51.194Z
mm1m2ee2wswx3fjin,688111,金山办公,2026-01-14,1,370.990,368.060,389.570,360.010,16914341.000,6225492348,136973000000,4.55,,,2026-02-25T05:45:51.194Z
mm1m2ee2smoxu6gke,688111,金山办公,2026-01-15,1,362.400,360.320,377.370,355.580,13099620.000,4720055078,136973000000,3.45,,,2026-02-25T05:45:51.194Z
mm1m2ee27ixw9eitz,688111,金山办公,2026-01-16,1,357.000,353.290,370.660,351.780,10173062.000,3594041074,136973000000,2.62,,,2026-02-25T05:45:51.194Z
mm1m2ee2l3p1y7pwl,688111,金山办公,2026-01-19,1,350.000,345.000,356.820,343.880,7567473.000,2610778185,136973000000,1.91,,,2026-02-25T05:45:51.194Z
mm1m2ee2ghsvjmoy3,688111,金山办公,2026-01-20,1,348.000,334.990,349.580,332.530,7837107.000,2625352474,136973000000,1.92,,,2026-02-25T05:45:51.194Z
mm1m2ee2ji4issenx,688111,金山办公,2026-01-21,1,334.000,333.400,340.500,331.590,6463173.000,2154821878,136973000000,1.57,,,2026-02-25T05:45:51.194Z
mm1m2ee2jbrlpq7fw,688111,金山办公,2026-01-22,1,335.180,343.020,346.600,333.980,9662806.000,3314535714,136973000000,2.42,,,2026-02-25T05:45:51.194Z
mm1m2ee2t1603zcds,688111,金山办公,2026-01-23,1,343.050,353.300,362.770,343.050,9341055.000,3300194732,136973000000,2.41,,,2026-02-25T05:45:51.194Z
mm1m2ee2hyd8npcja,688111,金山办公,2026-01-26,1,359.350,348.500,360.280,346.100,7469232.000,2603027352,136973000000,1.90,,,2026-02-25T05:45:51.194Z
mm1m2ee2e3b241q69,688111,金山办公,2026-01-27,1,352.000,353.000,357.130,345.590,6097735.000,2152500455,136973000000,1.57,,,2026-02-25T05:45:51.194Z
mm1m2ee2pg350a04l,688111,金山办公,2026-01-28,1,353.970,346.200,359.560,345.000,8032795.000,2780953629,136973000000,2.03,,,2026-02-25T05:45:51.194Z
mm1m2ee2ua2q00iq2,688111,金山办公,2026-01-29,1,343.000,348.010,363.630,338.000,10462000.000,3640880620,136973000000,2.66,,,2026-02-25T05:45:51.194Z
mm1m2ee2aaejnvqhz,688111,金山办公,2026-01-30,1,344.770,336.840,347.500,332.040,8686468.000,2925949881,136973000000,2.14,,,2026-02-25T05:45:51.194Z
mm1m2ee2e37bzmhp1,688111,金山办公,2026-02-02,1,333.110,322.650,337.890,321.060,7356774.000,2373663131,136973000000,1.73,,,2026-02-25T05:45:51.194Z
mm1m2ee2mzd1aftkn,688111,金山办公,2026-02-03,1,326.000,326.530,328.180,319.010,5743518.000,1875430933,136973000000,1.37,,,2026-02-25T05:45:51.194Z
mm1m2ee2ltgtt8ron,688111,金山办公,2026-02-04,1,322.000,314.150,324.280,307.760,8726722.000,2741499716,136973000000,2.00,,,2026-02-25T05:45:51.194Z
mm1m2ee2x7ur6hjit,688111,金山办公,2026-02-05,1,310.000,309.450,314.940,308.140,5178455.000,1602472900,136973000000,1.17,,,2026-02-25T05:45:51.194Z
mm1m2ee2ukazhejuc,688111,金山办公,2026-02-06,1,306.910,303.620,308.880,303.330,5805872.000,1762778857,136973000000,1.29,,,2026-02-25T05:45:51.194Z
mm1m2ee2py4ijqw6n,688111,金山办公,2026-02-09,1,307.810,307.010,310.680,303.770,7298184.000,2240615470,136973000000,1.64,,,2026-02-25T05:45:51.194Z
mm1m2ee2q0tcjeanq,688111,金山办公,2026-02-10,1,309.000,314.100,314.480,304.000,8069077.000,2534497086,136973000000,1.85,,,2026-02-25T05:45:51.194Z
mm1m2ee2fs71mx2ny,688111,金山办公,2026-02-11,1,311.490,310.700,314.280,308.000,4951567.000,1538451867,136973000000,1.12,,,2026-02-25T05:45:51.194Z
mm1m2ee2bohxrw4fg,688111,金山办公,2026-02-12,1,311.490,313.000,315.000,308.180,5896024.000,1845455512,136973000000,1.35,,,2026-02-25T05:45:51.194Z
mm1m2ee23nyij63ha,688111,金山办公,2026-02-13,1,309.990,307.280,312.410,307.000,5084766.000,1562446896,136973000000,1.14,,,2026-02-25T05:45:51.194Z
mm1m2ee2682k7kmb6,688111,金山办公,2026-02-24,1,307.990,293.810,307.990,292.180,9831104.000,2888476666,136973000000,2.11,,,2026-02-25T05:45:51.194Z
mm25qzkaojewpvski,688111,金山办公,2026-02-25,1,294.990,295.600,296.600,292.280,5808450,1716977820,136973000000,1.25,,,2026-02-25T14:56:51.082Z
mm1m2ew8rhesxek8u,002230,科大讯飞,2026-01-06,1,54.070,53.890,54.590,53.180,1120526.000,60385146,129741000000,0.05,,,2026-02-25T05:45:51.848Z
mm1m2ew8mmomgvkwf,002230,科大讯飞,2026-01-07,1,53.910,53.020,54.220,52.570,82805700,4390358214,129741000000,3.38,,,2026-02-25T05:45:51.848Z
mm1m2ew8wmd9b6y94,002230,科大讯飞,2026-01-08,1,53.730,53.410,54.460,53.100,77902500,4160772525,129741000000,3.21,,,2026-02-25T05:45:51.848Z
mm1m2ew8tjedimmnh,002230,科大讯飞,2026-01-09,1,53.150,55.600,55.850,52.920,1417937.000,78837297,129741000000,0.06,,,2026-02-25T05:45:51.848Z
mm1m2ew8x6kwbq349,002230,科大讯飞,2026-01-12,1,57.500,59.600,60.500,57.300,1997931.000,119076688,129741000000,0.09,,,2026-02-25T05:45:51.848Z
mm1m2ew8iuadtj6fd,002230,科大讯飞,2026-01-13,1,61.020,60.890,65.000,60.800,2235856.000,136141272,129741000000,0.10,,,2026-02-25T05:45:51.848Z
mm1m2ew87uzbb7qv6,002230,科大讯飞,2026-01-14,1,61.260,62.640,64.500,61.260,2092433.000,131070003,129741000000,0.10,,,2026-02-25T05:45:51.848Z
mm1m2ew8rlwlpnfj3,002230,科大讯飞,2026-01-15,1,61.660,63.390,66.300,61.540,1499372.000,95045191,129741000000,0.07,,,2026-02-25T05:45:51.848Z
mm1m2ew8pp94iuixt,002230,科大讯飞,2026-01-16,1,61.540,63.700,67.500,61.520,1572392.000,100161370,129741000000,0.08,,,2026-02-25T05:45:51.848Z
mm1m2ew8gfrnlxudl,002230,科大讯飞,2026-01-19,1,63.780,61.050,65.020,60.810,1491682.000,91067186,129741000000,0.07,,,2026-02-25T05:45:51.848Z
mm1m2ew8uoqhn4rf5,002230,科大讯飞,2026-01-20,1,61.500,58.630,61.830,58.020,1204430.000,70615731,129741000000,0.05,,,2026-02-25T05:45:51.848Z
mm1m2ew824kxo1o3c,002230,科大讯飞,2026-01-21,1,58.030,58.090,59.230,57.850,71692300,4164605707,129741000000,3.21,,,2026-02-25T05:45:51.848Z
mm1m2ew8hg4p36bjl,002230,科大讯飞,2026-01-22,1,58.600,58.440,59.770,58.110,63777000,3727127880,129741000000,2.87,,,2026-02-25T05:45:51.848Z
mm1m2ew8sw2j8ytdy,002230,科大讯飞,2026-01-23,1,59.000,58.750,59.300,58.110,69505800,4083465750,129741000000,3.15,,,2026-02-25T05:45:51.848Z
mm1m2ew8qxgb36246,002230,科大讯飞,2026-01-26,1,59.700,58.170,60.000,57.700,84600800,4921228536,129741000000,3.79,,,2026-02-25T05:45:51.848Z
mm1m2ew80lkx8ktc9,002230,科大讯飞,2026-01-27,1,58.450,58.150,58.990,57.260,68626500,3990630975,129741000000,3.08,,,2026-02-25T05:45:51.848Z
mm1m2ew8zocc7r5tp,002230,科大讯飞,2026-01-28,1,58.500,57.320,58.750,57.260,68016800,3898722976,129741000000,3.01,,,2026-02-25T05:45:51.848Z
mm1m2ew8izf49umj4,002230,科大讯飞,2026-01-29,1,58.510,61.000,63.050,58.510,2066289.000,126043629,129741000000,0.10,,,2026-02-25T05:45:51.848Z
mm1m2ew84a7ahbrdv,002230,科大讯飞,2026-01-30,1,60.680,59.600,61.210,58.680,1316309.000,78452016,129741000000,0.06,,,2026-02-25T05:45:51.848Z
mm1m2ew8x8eqpt9t7,002230,科大讯飞,2026-02-02,1,59.600,57.000,60.250,56.850,1008381.000,57477717,129741000000,0.04,,,2026-02-25T05:45:51.848Z
mm1m2ew8fw2yqc062,002230,科大讯飞,2026-02-03,1,57.990,58.120,58.140,56.480,78213100,4545745372,129741000000,3.50,,,2026-02-25T05:45:51.848Z
mm1m2ew87f9oluw08,002230,科大讯飞,2026-02-04,1,57.420,56.930,58.280,56.350,68123700,3878282241,129741000000,2.99,,,2026-02-25T05:45:51.848Z
mm1m2ew80kk5wkgx2,002230,科大讯飞,2026-02-05,1,56.150,55.750,56.940,55.660,50414800,2810625100,129741000000,2.17,,,2026-02-25T05:45:51.848Z
mm1m2ew8e8184dugq,002230,科大讯飞,2026-02-06,1,55.250,54.810,55.640,54.320,49832700,2731330287,129741000000,2.11,,,2026-02-25T05:45:51.848Z
mm1m2ew8yfaru3hjw,002230,科大讯飞,2026-02-09,1,55.750,56.410,56.700,55.350,63447000,3579045270,129741000000,2.76,,,2026-02-25T05:45:51.848Z
mm1m2ew8e54csdq5h,002230,科大讯飞,2026-02-10,1,56.500,56.860,57.240,55.820,61844500,3516478270,129741000000,2.71,,,2026-02-25T05:45:51.848Z
mm1m2ew8h8dh02pqy,002230,科大讯飞,2026-02-11,1,56.510,56.470,57.160,56.380,41603400,2349343998,129741000000,1.81,,,2026-02-25T05:45:51.848Z
mm1m2ew8j7v68k6ey,002230,科大讯飞,2026-02-12,1,56.950,57.800,58.400,56.560,80709400,4665003320,129741000000,3.60,,,2026-02-25T05:45:51.848Z
mm1m2ew8m1m7qm2n7,002230,科大讯飞,2026-02-13,1,56.880,57.120,57.670,56.810,54681800,3123424416,129741000000,2.41,,,2026-02-25T05:45:51.848Z
mm1m2ew8sh63w6bl9,002230,科大讯飞,2026-02-24,1,58.400,57.160,58.450,55.860,74094200,4235224472,129741000000,3.26,,,2026-02-25T05:45:51.848Z
mm25r027wdgiclvfd,002230,科大讯飞,2026-02-25,1,56.700,56.120,57.120,55.960,57642500,3234897100,129741000000,2.49,,,2026-02-25T14:56:51.727Z
mm1m2fefprhlkh3qz,00700,腾讯控股,2026-01-09,1,616.000,611.000,617.000,610.000,17813669.000,10884151759,4758071080000,0.23,,,2026-02-25T05:45:52.503Z
mm1m2fefa2a97r4re,00700,腾讯控股,2026-01-12,1,616.000,623.000,627.500,613.500,27530129.000,17151270367,4758071080000,0.36,,,2026-02-25T05:45:52.503Z
mm1m2fef4p1yvjais,00700,腾讯控股,2026-01-13,1,637.000,627.500,639.000,622.500,24212695.000,15193466113,4758071080000,0.32,,,2026-02-25T05:45:52.503Z
mm1m2fefao6eecrxr,00700,腾讯控股,2026-01-14,1,634.000,633.000,638.500,626.000,28677291.000,18152725203,4758071080000,0.38,,,2026-02-25T05:45:52.503Z
mm1m2fefph27vb6em,00700,腾讯控股,2026-01-15,1,631.000,622.000,632.500,618.500,26194252.000,16292824744,4758071080000,0.34,,,2026-02-25T05:45:52.503Z
mm1m2fefc4jouf8qo,00700,腾讯控股,2026-01-16,1,627.000,617.500,630.000,613.500,20616793.000,12730869678,4758071080000,0.27,,,2026-02-25T05:45:52.503Z
mm1m2fefkgzb5l9mn,00700,腾讯控股,2026-01-19,1,613.500,610.000,614.500,608.500,13233330.000,8072331300,4758071080000,0.17,,,2026-02-25T05:45:52.503Z
mm1m2fefecbg1k9c8,00700,腾讯控股,2026-01-20,1,601.000,601.000,607.000,598.000,24332228.000,14623669028,4758071080000,0.31,,,2026-02-25T05:45:52.503Z
mm1m2fefcnangczc9,00700,腾讯控股,2026-01-21,1,598.000,602.500,606.000,598.000,16003431.000,9642067178,4758071080000,0.20,,,2026-02-25T05:45:52.503Z
mm1m2fefhh5v45qal,00700,腾讯控股,2026-01-22,1,604.500,597.500,605.500,596.000,27168713.000,16233306018,4758071080000,0.34,,,2026-02-25T05:45:52.503Z
mm1m2fefqbj8rfite,00700,腾讯控股,2026-01-23,1,597.500,595.000,602.000,595.000,19177660.000,11410707700,4758071080000,0.24,,,2026-02-25T05:45:52.503Z
mm1m2fefdjxacdl99,00700,腾讯控股,2026-01-26,1,595.000,599.500,605.000,594.000,17439619.000,10455051591,4758071080000,0.22,,,2026-02-25T05:45:52.503Z
mm1m2fefgkunyzddh,00700,腾讯控股,2026-01-27,1,600.000,607.000,610.500,598.500,23887447.000,14499680329,4758071080000,0.30,,,2026-02-25T05:45:52.503Z
mm1m2fefovf1l4oez,00700,腾讯控股,2026-01-28,1,613.000,621.000,623.000,610.500,25577066.000,15883357986,4758071080000,0.33,,,2026-02-25T05:45:52.503Z
mm1m2fefqbbftihoq,00700,腾讯控股,2026-01-29,1,614.500,622.000,625.000,612.500,22951530.000,14275851660,4758071080000,0.30,,,2026-02-25T05:45:52.503Z
mm1m2fef893lx2cuq,00700,腾讯控股,2026-01-30,1,615.000,606.000,619.500,605.500,21479886.000,13016810916,4758071080000,0.27,,,2026-02-25T05:45:52.503Z
mm1m2fef9wmwglsmd,00700,腾讯控股,2026-02-02,1,598.000,598.500,604.500,590.500,27926332.000,16713909702,4758071080000,0.35,,,2026-02-25T05:45:52.503Z
mm1m2fefed9r4pc18,00700,腾讯控股,2026-02-03,1,598.500,581.000,601.500,561.000,65128647.000,37839743907,4758071080000,0.80,,,2026-02-25T05:45:52.503Z
mm1m2fefpx20e5dzt,00700,腾讯控股,2026-02-04,1,572.000,558.000,574.500,558.000,60374834.000,33689157372,4758071080000,0.71,,,2026-02-25T05:45:52.503Z
mm1m2feft5kxezhth,00700,腾讯控股,2026-02-05,1,550.000,558.500,561.500,541.000,79306977.000,44292946655,4758071080000,0.93,,,2026-02-25T05:45:52.503Z
mm1m2fefjakvhhfem,00700,腾讯控股,2026-02-06,1,546.000,547.500,557.500,543.000,35402860.000,19383065850,4758071080000,0.41,,,2026-02-25T05:45:52.503Z
mm1m2jf667ht006jv,002027,分众传媒,2026-01-06,1,7.240,7.450,7.490,7.210,1796406.000,13383225,104273000000,0.01,,,2026-02-25T05:45:57.712Z
mm1m2jf6uzlg1o54u,002027,分众传媒,2026-01-07,1,7.440,7.440,7.490,7.390,1161454.000,8641218,104273000000,0.01,,,2026-02-25T05:45:57.712Z
mm1m2jf66hz2s3qae,002027,分众传媒,2026-01-08,1,7.430,7.620,7.650,7.270,2219538.000,16912880,104273000000,0.02,,,2026-02-25T05:45:57.712Z
mm1m2jf6b9qteypob,002027,分众传媒,2026-01-09,1,7.570,7.710,7.740,7.550,1546760.000,11925520,104273000000,0.01,,,2026-02-25T05:45:57.712Z
mm1m2jf66ia8bm4hs,002027,分众传媒,2026-01-12,1,7.800,8.040,8.090,7.750,3153412.000,25353432,104273000000,0.02,,,2026-02-25T05:45:57.712Z
mm1m2jf645b74o0ld,002027,分众传媒,2026-01-13,1,8.120,8.020,8.320,7.910,3832766.000,30738783,104273000000,0.03,,,2026-02-25T05:45:57.712Z
mm1m2jf69yytlrpwn,002027,分众传媒,2026-01-14,1,7.900,7.800,8.150,7.680,3244524.000,25307287,104273000000,0.02,,,2026-02-25T05:45:57.712Z
mm1m2jf6ab57iziuf,002027,分众传媒,2026-01-15,1,7.730,7.570,7.850,7.520,2136685.000,16174705,104273000000,0.02,,,2026-02-25T05:45:57.712Z
mm1m2jf6rhcqbqxz8,002027,分众传媒,2026-01-16,1,7.590,7.430,7.610,7.370,2197486.000,16327321,104273000000,0.02,,,2026-02-25T05:45:57.712Z
mm1m2jf6qi0ykj4az,002027,分众传媒,2026-01-19,1,7.400,7.400,7.490,7.350,1604920.000,11876408,104273000000,0.01,,,2026-02-25T05:45:57.712Z
mm1m2jf6stdehwam4,002027,分众传媒,2026-01-20,1,7.410,7.440,7.470,7.350,1494238.000,11117131,104273000000,0.01,,,2026-02-25T05:45:57.712Z
mm1m2jf6ciowmdjpg,002027,分众传媒,2026-01-21,1,7.420,7.390,7.460,7.370,1336819.000,9879092,104273000000,0.01,,,2026-02-25T05:45:57.712Z
mm1m2jf6ghdychyc8,002027,分众传媒,2026-01-22,1,7.390,7.400,7.450,7.340,1424564.000,10541774,104273000000,0.01,,,2026-02-25T05:45:57.712Z
mm1m2jf6c4vp3gsi4,002027,分众传媒,2026-01-23,1,7.410,7.440,7.550,7.400,1863744.000,13866255,104273000000,0.01,,,2026-02-25T05:45:57.712Z
mm1m2jf6e764nbqc2,002027,分众传媒,2026-01-26,1,7.300,7.420,7.500,7.140,3352720.000,24877182,104273000000,0.02,,,2026-02-25T05:45:57.712Z
mm1m2jf6ww55o0nu1,002027,分众传媒,2026-01-27,1,7.440,7.260,7.450,7.260,1449174.000,10521003,104273000000,0.01,,,2026-02-25T05:45:57.712Z
mm1m2jf6puke2xdhl,002027,分众传媒,2026-01-28,1,7.250,7.140,7.330,7.120,2043675.000,14591840,104273000000,0.01,,,2026-02-25T05:45:57.712Z
mm1m2jf6l39al6mkk,002027,分众传媒,2026-01-29,1,7.130,7.360,7.430,7.090,2811390.000,20691830,104273000000,0.02,,,2026-02-25T05:45:57.712Z
mm1m2jf68i8wo9uiz,002027,分众传媒,2026-01-30,1,7.320,7.200,7.380,7.200,1417303.000,10204582,104273000000,0.01,,,2026-02-25T05:45:57.712Z
mm1m2jf6q7qppkcb3,002027,分众传媒,2026-02-02,1,7.180,7.360,7.450,7.170,2309956.000,17001276,104273000000,0.02,,,2026-02-25T05:45:57.712Z
mm1m2jf6r8n7w4rok,002027,分众传媒,2026-02-03,1,7.390,7.340,7.410,7.260,1344350.000,9867529,104273000000,0.01,,,2026-02-25T05:45:57.712Z
mm1m2jxf1hd40a133,002558,巨人网络,2026-01-06,1,44.400,45.400,45.800,43.820,29209200,1326097680,74778000000,1.77,,,2026-02-25T05:45:58.371Z
mm1m2jxf15c8l6afb,002558,巨人网络,2026-01-07,1,45.060,45.500,46.660,45.000,22179700,1009176350,74778000000,1.35,,,2026-02-25T05:45:58.371Z
mm1m2jxfk5h95x9uz,002558,巨人网络,2026-01-08,1,45.390,45.610,46.600,44.690,23710300,1081426783,74778000000,1.45,,,2026-02-25T05:45:58.371Z
mm1m2jxflh4e4ajh8,002558,巨人网络,2026-01-09,1,45.600,46.800,47.490,44.850,27823900,1302158520,74778000000,1.74,,,2026-02-25T05:45:58.371Z
mm1m2jxfgmch3h2qu,002558,巨人网络,2026-01-12,1,47.620,49.410,49.890,47.260,49936900,2467382229,74778000000,3.30,,,2026-02-25T05:45:58.371Z
mm1m2jxfwyyf7m058,002558,巨人网络,2026-01-13,1,50.000,48.950,51.300,48.220,47840400,2341787580,74778000000,3.13,,,2026-02-25T05:45:58.371Z
mm1m2jxfak2xqslov,002558,巨人网络,2026-01-14,1,48.720,47.020,50.000,45.600,51672400,2429636248,74778000000,3.25,,,2026-02-25T05:45:58.371Z
mm1m2jxfa0nz6br3a,002558,巨人网络,2026-01-15,1,47.470,46.050,48.000,45.660,37170000,1711678500,74778000000,2.29,,,2026-02-25T05:45:58.371Z
mm1m2jxfqfvhpx5w6,002558,巨人网络,2026-01-16,1,46.060,45.400,46.540,44.590,40240100,1826900540,74778000000,2.44,,,2026-02-25T05:45:58.371Z
mm1m2jxfluvuabi62,002558,巨人网络,2026-01-19,1,46.910,49.940,49.940,46.910,50369400,2515447836,74778000000,3.36,,,2026-02-25T05:45:58.371Z
mm1m2jxfk4s3ypl2h,002558,巨人网络,2026-01-20,1,51.800,51.140,53.350,50.400,69033600,3530378304,74778000000,4.72,,,2026-02-25T05:45:58.371Z
mm1m2jxfxszfa0p05,002558,巨人网络,2026-01-21,1,51.130,50.300,51.800,49.760,32904000,1655071200,74778000000,2.21,,,2026-02-25T05:45:58.371Z
mm1m2jxf5pkwddhqx,002558,巨人网络,2026-01-22,1,50.290,49.340,50.900,48.710,22686400,1119346976,74778000000,1.50,,,2026-02-25T05:45:58.371Z
mm1m2jxfj3t7o1kt8,002558,巨人网络,2026-01-23,1,49.800,49.810,50.500,48.150,40499000,2017255190,74778000000,2.70,,,2026-02-25T05:45:58.371Z
mm1m2jxfwbjj1hk9y,002558,巨人网络,2026-01-26,1,47.510,46.210,48.880,44.950,66545000,3075044450,74778000000,4.11,,,2026-02-25T05:45:58.371Z
mm1m2jxf3en5ke611,002558,巨人网络,2026-01-27,1,46.480,47.330,47.760,44.620,41988400,1987310972,74778000000,2.66,,,2026-02-25T05:45:58.371Z
mm1m2jxf0kmgcap1n,002558,巨人网络,2026-01-28,1,46.880,44.810,47.220,44.700,46752800,2094992968,74778000000,2.80,,,2026-02-25T05:45:58.371Z
mm1m2jxfx6p7bjlau,002558,巨人网络,2026-01-29,1,44.490,43.900,45.640,43.800,35875600,1574938840,74778000000,2.11,,,2026-02-25T05:45:58.371Z
mm1m2jxfhosfj03k1,002558,巨人网络,2026-01-30,1,43.680,43.980,44.850,43.400,32594200,1433492916,74778000000,1.92,,,2026-02-25T05:45:58.371Z
mm1m2jxfca4ofasgl,002558,巨人网络,2026-02-02,1,44.660,42.400,47.000,42.200,47860000,2029264000,74778000000,2.71,,,2026-02-25T05:45:58.371Z
mm1m2jxfg1hxm4kqc,002558,巨人网络,2026-02-03,1,42.910,43.200,43.530,40.000,63510000,2743632000,74778000000,3.67,,,2026-02-25T05:45:58.371Z
mm1m2kfp37m433c15,603986,兆易创新,2026-01-06,1,238.000,250.780,253.330,234.000,50753600,12727987808,218267000000,5.83,,,2026-02-25T05:45:59.028Z
mm1m2kfpdiusq4a77,603986,兆易创新,2026-01-07,1,270.000,262.500,273.770,256.780,54516200,14310502500,218267000000,6.56,,,2026-02-25T05:45:59.028Z
mm1m2kfpoo3hiy61i,603986,兆易创新,2026-01-08,1,259.000,258.750,267.000,256.910,31410900,8127570375,218267000000,3.72,,,2026-02-25T05:45:59.028Z
mm1m2kfpiy8rifmt5,603986,兆易创新,2026-01-09,1,254.550,250.050,254.550,244.320,39523800,9882926190,218267000000,4.53,,,2026-02-25T05:45:59.028Z
mm1m2kfpqy6y9xr0q,603986,兆易创新,2026-01-12,1,255.220,261.830,264.040,254.000,40381300,10573035779,218267000000,4.84,,,2026-02-25T05:45:59.028Z
mm1m2kfpmhsnmr0qc,603986,兆易创新,2026-01-13,1,266.000,263.500,275.000,257.490,46151800,12160999300,218267000000,5.57,,,2026-02-25T05:45:59.028Z
mm1m2kfpdpoooovi6,603986,兆易创新,2026-01-14,1,270.000,253.000,271.000,249.050,44732100,11317221300,218267000000,5.19,,,2026-02-25T05:45:59.028Z
mm1m2kfpexmedg0io,603986,兆易创新,2026-01-15,1,249.610,254.960,257.550,248.200,28389800,7238263408,218267000000,3.32,,,2026-02-25T05:45:59.028Z
mm1m2kfp4nnlasnbn,603986,兆易创新,2026-01-16,1,260.030,280.460,280.460,257.500,55336200,15519590652,218267000000,7.11,,,2026-02-25T05:45:59.028Z
mm1m2kfp5xpdgcqfb,603986,兆易创新,2026-01-19,1,280.600,288.450,292.000,278.880,46323000,13361869350,218267000000,6.12,,,2026-02-25T05:45:59.028Z
mm1m2kfp5kxoy5d74,603986,兆易创新,2026-01-20,1,282.900,292.000,297.100,282.880,38978200,11381634400,218267000000,5.21,,,2026-02-25T05:45:59.028Z
mm1m2kfp4sqzr0mqh,603986,兆易创新,2026-01-21,1,295.000,307.650,314.800,293.010,40465400,12449180310,218267000000,5.70,,,2026-02-25T05:45:59.028Z
mm1m2kfpe3slc0idb,603986,兆易创新,2026-01-22,1,320.000,301.470,320.020,296.700,45061700,13584750699,218267000000,6.22,,,2026-02-25T05:45:59.028Z
mm1m2kfpbbafrivk7,603986,兆易创新,2026-01-23,1,296.000,297.250,310.680,295.000,34938000,10385320500,218267000000,4.76,,,2026-02-25T05:45:59.028Z
mm1m2kfpwgintkdo3,603986,兆易创新,2026-01-26,1,300.000,292.600,308.000,290.500,27267500,7978470500,218267000000,3.66,,,2026-02-25T05:45:59.028Z
mm1m2kfpugxii1ev4,603986,兆易创新,2026-01-27,1,290.000,307.260,312.420,286.670,38004400,11677231944,218267000000,5.35,,,2026-02-25T05:45:59.028Z
mm1m2kfpee6a3kjo0,603986,兆易创新,2026-01-28,1,313.880,323.680,328.580,313.880,37718000,12208562240,218267000000,5.59,,,2026-02-25T05:45:59.028Z
mm1m2kfpew6zjdhia,603986,兆易创新,2026-01-29,1,329.880,307.500,331.070,306.990,33424600,10278064500,218267000000,4.71,,,2026-02-25T05:45:59.028Z
mm1m2kfpiyxzl3lyr,603986,兆易创新,2026-01-30,1,315.000,314.880,320.880,308.010,37619900,11845754112,218267000000,5.43,,,2026-02-25T05:45:59.028Z
mm1m2kfp56pazkmc3,603986,兆易创新,2026-02-02,1,300.800,283.390,306.090,283.390,41628800,11797185632,218267000000,5.40,,,2026-02-25T05:45:59.028Z
mm1m2kfp10gugigsi,603986,兆易创新,2026-02-03,1,294.010,292.570,296.600,285.200,30221400,8841874998,218267000000,4.05,,,2026-02-25T05:45:59.028Z
mm1m2ky1n8gzi6rba,300002,神州泰岳,2026-01-06,1,11.790,11.780,11.900,11.680,84219800,992109244,23547000000,4.21,,,2026-02-25T05:45:59.689Z
mm1m2ky107t0thsju,300002,神州泰岳,2026-01-07,1,11.740,11.720,11.980,11.660,69407700,813458244,23547000000,3.45,,,2026-02-25T05:45:59.689Z
mm1m2ky1id6ni34rl,300002,神州泰岳,2026-01-08,1,11.680,11.830,11.950,11.600,68182500,806598975,23547000000,3.43,,,2026-02-25T05:45:59.689Z
mm1m2ky1pfzqz5wq1,300002,神州泰岳,2026-01-09,1,11.800,12.310,12.340,11.780,1349094.000,16607347,23547000000,0.07,,,2026-02-25T05:45:59.689Z
mm1m2ky1fd02er5en,300002,神州泰岳,2026-01-12,1,12.500,13.280,13.390,12.480,2140958.000,28431922,23547000000,0.12,,,2026-02-25T05:45:59.689Z
mm1m2ky1ykskzgu9u,300002,神州泰岳,2026-01-13,1,13.500,13.150,13.920,12.780,2219384.000,29184900,23547000000,0.12,,,2026-02-25T05:45:59.689Z
mm1m2ky19tgaf9tfh,300002,神州泰岳,2026-01-14,1,13.130,13.380,13.990,13.090,2140785.000,28643703,23547000000,0.12,,,2026-02-25T05:45:59.689Z
mm1m2ky18iwi49mnt,300002,神州泰岳,2026-01-15,1,13.220,13.140,13.480,12.880,1263486.000,16602206,23547000000,0.07,,,2026-02-25T05:45:59.689Z
mm1m2ky13uieqqg2v,300002,神州泰岳,2026-01-16,1,13.190,12.700,13.200,12.540,1126070.000,14301089,23547000000,0.06,,,2026-02-25T05:45:59.689Z
mm1m2ky1sdu2fjaxt,300002,神州泰岳,2026-01-19,1,12.590,12.480,12.760,12.420,74519600,930004608,23547000000,3.95,,,2026-02-25T05:45:59.689Z
mm1m2ky1ix0jboi22,300002,神州泰岳,2026-01-20,1,12.560,12.300,12.680,12.210,66281700,815264910,23547000000,3.46,,,2026-02-25T05:45:59.689Z
mm1m2ky16a26x1dsy,300002,神州泰岳,2026-01-21,1,12.220,12.310,12.460,12.140,48393000,595717830,23547000000,2.53,,,2026-02-25T05:45:59.689Z
mm1m2ky144vf5kmf8,300002,神州泰岳,2026-01-22,1,12.310,12.340,12.460,12.240,47706500,588698210,23547000000,2.50,,,2026-02-25T05:45:59.689Z
mm1m2ky19eigax53t,300002,神州泰岳,2026-01-23,1,12.380,12.590,12.630,12.310,63117000,794643030,23547000000,3.37,,,2026-02-25T05:45:59.689Z
mm1m2ky13dhpn7nnt,300002,神州泰岳,2026-01-26,1,12.640,12.440,12.680,12.150,76932200,957036568,23547000000,4.06,,,2026-02-25T05:45:59.689Z
mm1m2ky1d2jqmdh26,300002,神州泰岳,2026-01-27,1,12.440,12.140,12.550,11.990,80554200,977927988,23547000000,4.15,,,2026-02-25T05:45:59.689Z
mm1m2ky1ra4p455yr,300002,神州泰岳,2026-01-28,1,12.140,12.610,12.760,12.100,1099639.000,13866448,23547000000,0.06,,,2026-02-25T05:45:59.689Z
mm1m2ky1quez2995p,300002,神州泰岳,2026-01-29,1,12.460,12.640,13.000,12.130,1284617.000,16237559,23547000000,0.07,,,2026-02-25T05:45:59.689Z
mm1m2ky138rnyuqqy,300002,神州泰岳,2026-01-30,1,12.530,12.230,12.580,12.160,81753000,999839190,23547000000,4.25,,,2026-02-25T05:45:59.689Z
mm1m2ky1o7ha9sa84,300002,神州泰岳,2026-02-02,1,12.170,11.840,12.430,11.820,76817800,909522752,23547000000,3.86,,,2026-02-25T05:45:59.689Z
mm1m2ky1pwcgn0jqa,300002,神州泰岳,2026-02-03,1,12.010,12.310,12.340,11.940,80141700,986544327,23547000000,4.19,,,2026-02-25T05:45:59.689Z
mm1m2lg4d4xk5ztp2,002517,恺英网络,2026-01-06,1,23.480,24.360,24.580,23.200,91231600,2222401776,49245000000,4.51,,,2026-02-25T05:46:00.340Z
mm1m2lg4y3gu1p3rh,002517,恺英网络,2026-01-07,1,24.380,24.240,24.660,23.820,50709200,1229191008,49245000000,2.50,,,2026-02-25T05:46:00.340Z
mm1m2lg4ulvx5gqlj,002517,恺英网络,2026-01-08,1,24.080,24.370,24.990,23.800,50404100,1228347917,49245000000,2.49,,,2026-02-25T05:46:00.340Z
mm1m2lg486qg1aji0,002517,恺英网络,2026-01-09,1,24.450,25.230,25.320,24.350,59638500,1504679355,49245000000,3.06,,,2026-02-25T05:46:00.340Z
mm1m2lg4twuzx67re,002517,恺英网络,2026-01-12,1,25.660,26.410,26.870,25.600,1008579.000,26636571,49245000000,0.05,,,2026-02-25T05:46:00.340Z
mm1m2lg417didryj8,002517,恺英网络,2026-01-13,1,26.550,26.330,27.650,26.000,96841800,2549844594,49245000000,5.18,,,2026-02-25T05:46:00.340Z
mm1m2lg4vj9i3ehuy,002517,恺英网络,2026-01-14,1,26.000,26.080,27.550,25.760,89755800,2340831264,49245000000,4.75,,,2026-02-25T05:46:00.340Z
mm1m2lg4be8kegda1,002517,恺英网络,2026-01-15,1,26.570,27.510,28.180,26.280,93947700,2584501227,49245000000,5.25,,,2026-02-25T05:46:00.340Z
mm1m2lg4n4t1cqt1a,002517,恺英网络,2026-01-16,1,27.380,26.330,28.000,26.220,76644700,2018054951,49245000000,4.10,,,2026-02-25T05:46:00.340Z
mm1m2lg4ke26ocxle,002517,恺英网络,2026-01-19,1,26.000,26.340,26.970,25.880,50429400,1328310396,49245000000,2.70,,,2026-02-25T05:46:00.340Z
mm1m2lg4xyq2n8hl8,002517,恺英网络,2026-01-20,1,26.520,25.560,26.850,25.300,57131900,1460291364,49245000000,2.97,,,2026-02-25T05:46:00.340Z
mm1m2lg45a3zy084x,002517,恺英网络,2026-01-21,1,25.400,25.580,26.070,25.350,39749600,1016794768,49245000000,2.06,,,2026-02-25T05:46:00.340Z
mm1m2lg4ve9jjrzzb,002517,恺英网络,2026-01-22,1,25.570,25.000,26.030,24.610,51687500,1292187500,49245000000,2.62,,,2026-02-25T05:46:00.340Z
mm1m2lg4xbmkcgbre,002517,恺英网络,2026-01-23,1,25.030,25.620,25.870,24.900,42035800,1076957196,49245000000,2.19,,,2026-02-25T05:46:00.340Z
mm1m2lg4040dwi2ao,002517,恺英网络,2026-01-26,1,25.600,24.680,25.600,24.400,52860200,1304589736,49245000000,2.65,,,2026-02-25T05:46:00.340Z
mm1m2lg4hbanlvcta,002517,恺英网络,2026-01-27,1,24.680,24.810,24.970,24.090,32501800,806369658,49245000000,1.64,,,2026-02-25T05:46:00.340Z
mm1m2lg4llfwdvdf2,002517,恺英网络,2026-01-28,1,24.700,24.780,25.320,24.520,26724700,662238066,49245000000,1.34,,,2026-02-25T05:46:00.340Z
mm1m2lg48m1crk6d1,002517,恺英网络,2026-01-29,1,24.550,25.110,25.600,24.400,58322800,1464485508,49245000000,2.97,,,2026-02-25T05:46:00.340Z
mm1m2lg4hv93fk7ai,002517,恺英网络,2026-01-30,1,24.920,24.920,25.570,24.530,43341600,1080072672,49245000000,2.19,,,2026-02-25T05:46:00.340Z
mm1m2lg46w6dggv2v,002517,恺英网络,2026-02-02,1,24.800,23.580,25.150,23.510,52549300,1239112494,49245000000,2.52,,,2026-02-25T05:46:00.340Z
mm1m2lg4zzndfcg9p,002517,恺英网络,2026-02-03,1,23.910,23.230,24.300,21.600,1219049.000,28318508,49245000000,0.06,,,2026-02-25T05:46:00.340Z
mm1m2ly2tyareu6a2,603444,吉比特,2026-01-06,1,438.000,448.990,449.980,435.880,2438700,1094951913,30516000000,3.59,,,2026-02-25T05:46:00.986Z
mm1m2ly2myja9ezzx,603444,吉比特,2026-01-07,1,446.300,446.800,454.820,444.110,1609700,719213960,30516000000,2.36,,,2026-02-25T05:46:00.986Z
mm1m2ly2i5023r1ol,603444,吉比特,2026-01-08,1,446.800,449.270,459.000,443.210,1703400,765286518,30516000000,2.51,,,2026-02-25T05:46:00.986Z
mm1m2ly2oszo84hya,603444,吉比特,2026-01-09,1,447.510,467.210,467.950,439.900,2256400,1054212644,30516000000,3.45,,,2026-02-25T05:46:00.986Z
mm1m2ly25wa6x4iqf,603444,吉比特,2026-01-12,1,469.110,476.070,480.600,461.180,2879200,1370700744,30516000000,4.49,,,2026-02-25T05:46:00.986Z
mm1m2ly2ybvpeo6kd,603444,吉比特,2026-01-13,1,477.350,480.000,493.930,471.010,2872600,1378848000,30516000000,4.52,,,2026-02-25T05:46:00.986Z
mm1m2ly2r4js9tsxq,603444,吉比特,2026-01-14,1,473.010,472.050,494.000,465.000,2908600,1373004630,30516000000,4.50,,,2026-02-25T05:46:00.986Z
mm1m2ly2bqc8mkydq,603444,吉比特,2026-01-15,1,470.000,472.590,480.990,467.000,1731800,818431362,30516000000,2.68,,,2026-02-25T05:46:00.986Z
mm1m2ly2551rfmu7d,603444,吉比特,2026-01-16,1,474.990,472.370,475.820,462.000,1613000,761932810,30516000000,2.50,,,2026-02-25T05:46:00.986Z
mm1m2ly2t4ph9qaf4,603444,吉比特,2026-01-19,1,470.000,475.800,482.500,468.000,1290600,614067480,30516000000,2.01,,,2026-02-25T05:46:00.986Z
mm1m2ly2noonuhlxu,603444,吉比特,2026-01-20,1,476.900,459.780,478.000,455.000,1614700,742406766,30516000000,2.43,,,2026-02-25T05:46:00.986Z
mm1m2ly2kbkxd7az4,603444,吉比特,2026-01-21,1,459.690,465.910,469.680,455.780,1212700,565009057,30516000000,1.85,,,2026-02-25T05:46:00.986Z
mm1m2ly2wejycxqlf,603444,吉比特,2026-01-22,1,466.870,456.880,472.510,453.260,1197500,547113800,30516000000,1.79,,,2026-02-25T05:46:00.986Z
mm1m2ly2vubyxxw1o,603444,吉比特,2026-01-23,1,459.000,455.920,460.000,453.260,1116900,509217048,30516000000,1.67,,,2026-02-25T05:46:00.986Z
mm1m2ly2kp5yqxdtu,603444,吉比特,2026-01-26,1,455.000,439.010,457.040,437.050,1698200,745526782,30516000000,2.44,,,2026-02-25T05:46:00.986Z
mm1m2ly20rqku488c,603444,吉比特,2026-01-27,1,442.000,451.380,451.980,434.000,1376400,621279432,30516000000,2.04,,,2026-02-25T05:46:00.986Z
mm1m2ly2xde9t7p6c,603444,吉比特,2026-01-28,1,449.000,446.000,454.080,444.170,1009200,450103200,30516000000,1.47,,,2026-02-25T05:46:00.986Z
mm1m2ly24p4wt5v8h,603444,吉比特,2026-01-29,1,461.860,475.500,490.000,461.000,3360500,1597917750,30516000000,5.24,,,2026-02-25T05:46:00.986Z
mm1m2ly28v688jcgw,603444,吉比特,2026-01-30,1,465.270,455.000,470.000,447.010,2169500,987122500,30516000000,3.23,,,2026-02-25T05:46:00.986Z
mm1m2ly29c179esub,603444,吉比特,2026-02-02,1,453.600,435.600,461.990,435.230,1986100,865145160,30516000000,2.84,,,2026-02-25T05:46:00.986Z
mm1m2ly2bul0kxzkw,603444,吉比特,2026-02-03,1,441.800,446.170,446.300,429.050,2039500,909963715,30516000000,2.98,,,2026-02-25T05:46:00.986Z
mm1m2mgb7vb70f44s,002624,完美世界,2026-01-06,1,16.750,16.720,16.900,16.540,38854700,649650584,41108000000,1.58,,,2026-02-25T05:46:01.643Z
mm1m2mgb5iw6j53hy,002624,完美世界,2026-01-07,1,16.580,16.650,16.880,16.490,32437300,540081045,41108000000,1.31,,,2026-02-25T05:46:01.643Z
mm1m2mgbxkc0952wz,002624,完美世界,2026-01-08,1,16.640,17.010,17.220,16.570,44016000,748712160,41108000000,1.82,,,2026-02-25T05:46:01.643Z
mm1m2mgbwmmfemiet,002624,完美世界,2026-01-09,1,16.950,17.550,17.650,16.950,51967400,912027870,41108000000,2.22,,,2026-02-25T05:46:01.643Z
mm1m2mgbrsc1db3h0,002624,完美世界,2026-01-12,1,17.730,18.520,18.590,17.700,77701900,1439039188,41108000000,3.50,,,2026-02-25T05:46:01.643Z
mm1m2mgb6cxg8dpxd,002624,完美世界,2026-01-13,1,18.720,18.320,18.850,18.020,70788500,1296845320,41108000000,3.15,,,2026-02-25T05:46:01.643Z
mm1m2mgb6syg89y3t,002624,完美世界,2026-01-14,1,18.180,18.410,19.100,18.000,75507100,1390085711,41108000000,3.38,,,2026-02-25T05:46:01.643Z
mm1m2mgbc9jrol7ao,002624,完美世界,2026-01-15,1,18.220,18.380,18.970,18.130,44595800,819670804,41108000000,1.99,,,2026-02-25T05:46:01.643Z
mm1m2mgb1grm7snih,002624,完美世界,2026-01-16,1,18.530,18.380,18.750,17.620,63625900,1169444042,41108000000,2.84,,,2026-02-25T05:46:01.643Z
mm1m2mgb4jq2f1hka,002624,完美世界,2026-01-19,1,18.140,18.380,18.790,18.070,35367100,650047298,41108000000,1.58,,,2026-02-25T05:46:01.643Z
mm1m2mgbso4lgsy70,002624,完美世界,2026-01-20,1,18.540,18.160,18.640,17.830,35928700,652465192,41108000000,1.59,,,2026-02-25T05:46:01.643Z
mm1m2mgbm7x8rgiu0,002624,完美世界,2026-01-21,1,18.040,17.930,18.370,17.900,29500700,528947551,41108000000,1.29,,,2026-02-25T05:46:01.643Z
mm1m2mgb56v6mw8wy,002624,完美世界,2026-01-22,1,17.980,17.750,18.230,17.650,27262300,483905825,41108000000,1.18,,,2026-02-25T05:46:01.643Z
mm1m2mgbr5ikrcop2,002624,完美世界,2026-01-23,1,17.740,17.860,18.020,17.540,29424700,525525142,41108000000,1.28,,,2026-02-25T05:46:01.643Z
mm1m2mgbdvhd7oiqo,002624,完美世界,2026-01-26,1,17.790,17.340,17.990,17.110,46545500,807098970,41108000000,1.96,,,2026-02-25T05:46:01.643Z
mm1m2mgb6mv39hl2t,002624,完美世界,2026-01-27,1,17.330,17.380,17.500,16.820,39856900,692712922,41108000000,1.69,,,2026-02-25T05:46:01.643Z
mm1m2mgby0nlgl9sd,002624,完美世界,2026-01-28,1,17.280,18.150,18.160,17.170,45483900,825532785,41108000000,2.01,,,2026-02-25T05:46:01.643Z
mm1m2mgbsaug3e0ct,002624,完美世界,2026-01-29,1,18.100,18.770,19.300,17.960,66960200,1256842954,41108000000,3.06,,,2026-02-25T05:46:01.643Z
mm1m2mgbia6gtq4kv,002624,完美世界,2026-01-30,1,18.790,18.840,19.000,18.220,49074300,924559812,41108000000,2.25,,,2026-02-25T05:46:01.643Z
mm1m2mgbr21j3e7uf,002624,完美世界,2026-02-02,1,18.980,17.600,19.150,17.520,57013800,1003442880,41108000000,2.44,,,2026-02-25T05:46:01.643Z
mm1m2mgbm3jcu1fdq,002624,完美世界,2026-02-03,1,17.970,18.580,18.750,17.260,94646300,1758528254,41108000000,4.28,,,2026-02-25T05:46:01.643Z
mm1m2mynxkzgkaslr,300251,光线传媒,2026-01-06,1,16.650,16.940,16.960,16.610,62589600,1060267824,60491000000,1.75,,,2026-02-25T05:46:02.303Z
mm1m2myn7zjxlo84x,300251,光线传媒,2026-01-07,1,16.870,16.760,16.970,16.680,45535000,763166600,60491000000,1.26,,,2026-02-25T05:46:02.303Z
mm1m2mynzkr15609r,300251,光线传媒,2026-01-08,1,16.760,16.980,17.150,16.670,52013600,883190928,60491000000,1.46,,,2026-02-25T05:46:02.303Z
mm1m2mynk5ah1cbm2,300251,光线传媒,2026-01-09,1,16.970,17.310,17.330,16.910,71364700,1235322957,60491000000,2.04,,,2026-02-25T05:46:02.303Z
mm1m2mynfi46u5ksu,300251,光线传媒,2026-01-12,1,17.570,18.700,18.800,17.570,1713692.000,32046040,60491000000,0.05,,,2026-02-25T05:46:02.303Z
mm1m2myngj2wrgqlr,300251,光线传媒,2026-01-13,1,18.810,18.170,18.950,17.980,1131741.000,20563734,60491000000,0.03,,,2026-02-25T05:46:02.303Z
mm1m2myn2t6zbojx6,300251,光线传媒,2026-01-14,1,18.060,18.270,18.990,18.000,1220742.000,22302956,60491000000,0.04,,,2026-02-25T05:46:02.303Z
mm1m2mynwo7c01swk,300251,光线传媒,2026-01-15,1,18.100,17.730,18.120,17.560,81761700,1449634941,60491000000,2.40,,,2026-02-25T05:46:02.303Z
mm1m2mynhel87cp09,300251,光线传媒,2026-01-16,1,17.750,17.160,17.800,17.100,70665900,1212626844,60491000000,2.00,,,2026-02-25T05:46:02.303Z
mm1m2myn9njjs51cq,300251,光线传媒,2026-01-19,1,17.010,17.160,17.230,16.900,43950600,754192296,60491000000,1.25,,,2026-02-25T05:46:02.303Z
mm1m2mynxlfs181sw,300251,光线传媒,2026-01-20,1,17.240,17.020,17.310,16.900,46303800,788090676,60491000000,1.30,,,2026-02-25T05:46:02.303Z
mm1m2mynircx87s3u,300251,光线传媒,2026-01-21,1,16.980,16.920,17.130,16.850,38613400,653338728,60491000000,1.08,,,2026-02-25T05:46:02.303Z
mm1m2mynsdy4qjo4u,300251,光线传媒,2026-01-22,1,16.950,17.170,17.240,16.940,44566400,765205088,60491000000,1.26,,,2026-02-25T05:46:02.303Z
mm1m2myn2ru67kqn8,300251,光线传媒,2026-01-23,1,17.240,17.460,17.570,17.100,61352500,1071214650,60491000000,1.77,,,2026-02-25T05:46:02.303Z
mm1m2myns102b4wkp,300251,光线传媒,2026-01-26,1,17.450,17.600,17.960,17.400,76238100,1341790560,60491000000,2.22,,,2026-02-25T05:46:02.303Z
mm1m2myn90jzxf4fh,300251,光线传媒,2026-01-27,1,17.600,17.700,17.720,17.160,56753900,1004544030,60491000000,1.66,,,2026-02-25T05:46:02.303Z
mm1m2mynf80j166rn,300251,光线传媒,2026-01-28,1,17.710,17.890,18.080,17.600,70928300,1268907287,60491000000,2.10,,,2026-02-25T05:46:02.303Z
mm1m2mynlj6mum8ic,300251,光线传媒,2026-01-29,1,17.720,18.260,18.500,17.400,1017350.000,18576811,60491000000,0.03,,,2026-02-25T05:46:02.303Z
mm1m2mynrkbscnmys,300251,光线传媒,2026-01-30,1,18.260,19.560,21.000,18.100,2253652.000,44081433,60491000000,0.07,,,2026-02-25T05:46:02.303Z
mm1m2myn7t21pmvjl,300251,光线传媒,2026-02-02,1,19.800,19.640,20.880,19.410,1942387.000,38148481,60491000000,0.06,,,2026-02-25T05:46:02.303Z
mm1m2myno49efi7sp,300251,光线传媒,2026-02-03,1,19.450,20.140,20.700,19.210,1658401.000,33400196,60491000000,0.06,,,2026-02-25T05:46:02.303Z
mm1m2nh1s73xvxu6c,601595,上海电影,2026-01-06,1,28.250,28.400,28.470,28.160,7173500,203727400,13392000000,1.52,,,2026-02-25T05:46:02.964Z
mm1m2nh19bubg8mo8,601595,上海电影,2026-01-07,1,28.330,28.370,28.680,28.190,5689100,161399767,13392000000,1.21,,,2026-02-25T05:46:02.964Z
mm1m2nh1jm2evnw3q,601595,上海电影,2026-01-08,1,28.280,28.850,28.890,28.230,8304700,239590595,13392000000,1.79,,,2026-02-25T05:46:02.964Z
mm1m2nh15z2rd07og,601595,上海电影,2026-01-09,1,28.720,30.450,30.730,28.720,21296400,648475380,13392000000,4.84,,,2026-02-25T05:46:02.964Z
mm1m2nh12iwb076di,601595,上海电影,2026-01-12,1,30.480,32.080,32.400,30.480,22589700,724677576,13392000000,5.41,,,2026-02-25T05:46:02.964Z
mm1m2nh1uq0p2r1j3,601595,上海电影,2026-01-13,1,32.400,31.870,33.440,31.590,20916200,666599294,13392000000,4.98,,,2026-02-25T05:46:02.964Z
mm1m2nh1cm40i2ht4,601595,上海电影,2026-01-14,1,31.800,32.850,33.460,31.620,21145500,694629675,13392000000,5.19,,,2026-02-25T05:46:02.964Z
mm1m2nh1k2f36vn0k,601595,上海电影,2026-01-15,1,32.600,31.110,32.600,30.800,17586900,547128459,13392000000,4.09,,,2026-02-25T05:46:02.964Z
mm1m2nh10a6ngc3a9,601595,上海电影,2026-01-16,1,31.030,30.090,31.120,29.530,13082100,393640389,13392000000,2.94,,,2026-02-25T05:46:02.964Z
mm1m2nh17t56pagx1,601595,上海电影,2026-01-19,1,29.880,29.960,30.490,29.670,6380800,191168768,13392000000,1.43,,,2026-02-25T05:46:02.964Z
mm1m2nh1p5dzqkkx0,601595,上海电影,2026-01-20,1,30.170,29.640,30.320,29.450,7535600,223355184,13392000000,1.67,,,2026-02-25T05:46:02.964Z
mm1m2nh1ylbp0j1uw,601595,上海电影,2026-01-21,1,29.500,29.340,29.790,29.230,7134000,209311560,13392000000,1.56,,,2026-02-25T05:46:02.964Z
mm1m2nh1gnn35g2ur,601595,上海电影,2026-01-22,1,29.410,30.170,30.320,29.250,10223900,308455063,13392000000,2.30,,,2026-02-25T05:46:02.964Z
mm1m2nh1moevlnqh8,601595,上海电影,2026-01-23,1,30.170,30.310,30.600,29.880,7332100,222235951,13392000000,1.66,,,2026-02-25T05:46:02.964Z
mm1m2nh1vmt9vncs7,601595,上海电影,2026-01-26,1,30.310,29.190,30.390,28.920,13708600,400154034,13392000000,2.99,,,2026-02-25T05:46:02.964Z
mm1m2nh1614vl9u7s,601595,上海电影,2026-01-27,1,29.190,28.910,29.510,28.460,7761900,224396529,13392000000,1.68,,,2026-02-25T05:46:02.964Z
mm1m2nh11izelz8l8,601595,上海电影,2026-01-28,1,28.770,28.900,29.250,28.710,5574000,161088600,13392000000,1.20,,,2026-02-25T05:46:02.964Z
mm1m2nh1yhxax9drp,601595,上海电影,2026-01-29,1,28.800,29.250,29.870,28.500,9746400,285082200,13392000000,2.13,,,2026-02-25T05:46:02.964Z
mm1m2nh1b5weenbb1,601595,上海电影,2026-01-30,1,29.010,29.860,30.100,29.010,12180900,363721674,13392000000,2.72,,,2026-02-25T05:46:02.964Z
mm1m2nh113sw4n39z,601595,上海电影,2026-02-02,1,29.880,29.500,30.750,29.370,13840300,408288850,13392000000,3.05,,,2026-02-25T05:46:02.964Z
mm1m2nh1ohv68888n,601595,上海电影,2026-02-03,1,29.510,30.060,30.130,29.510,12001000,360750060,13392000000,2.69,,,2026-02-25T05:46:02.964Z
mm1m2nze84u3j0kst,688052,纳芯微,2026-01-06,1,162.350,165.530,165.620,161.300,2690457.000,445351347,27833000000,1.60,,,2026-02-25T05:46:03.626Z
mm1m2nzee6g8o1pgy,688052,纳芯微,2026-01-07,1,168.000,183.870,185.790,168.000,7053362.000,1296901671,27833000000,4.66,,,2026-02-25T05:46:03.626Z
mm1m2nze6x74cdv5x,688052,纳芯微,2026-01-08,1,180.990,177.500,180.990,176.010,3310694.000,587648185,27833000000,2.11,,,2026-02-25T05:46:03.626Z
mm1m2nzehfll7sc6q,688052,纳芯微,2026-01-09,1,177.550,177.140,178.530,174.600,2344731.000,415345649,27833000000,1.49,,,2026-02-25T05:46:03.626Z
mm1m2nzew10rxpju5,688052,纳芯微,2026-01-12,1,177.880,174.310,177.880,172.200,3116395.000,543218812,27833000000,1.95,,,2026-02-25T05:46:03.626Z
mm1m2nzel4381zxnn,688052,纳芯微,2026-01-13,1,174.810,170.330,176.500,169.310,2817743.000,479946165,27833000000,1.72,,,2026-02-25T05:46:03.626Z
mm1m2nzehrw9rhuat,688052,纳芯微,2026-01-14,1,172.520,171.870,174.480,168.880,3014678.000,518132708,27833000000,1.86,,,2026-02-25T05:46:03.626Z
mm1m2nzem5g5cff2x,688052,纳芯微,2026-01-15,1,169.500,171.730,171.800,166.330,2703240.000,464227405,27833000000,1.67,,,2026-02-25T05:46:03.626Z
mm1m2nzed2wgvo9wz,688052,纳芯微,2026-01-16,1,172.500,174.980,177.650,168.580,3848005.000,673323915,27833000000,2.42,,,2026-02-25T05:46:03.626Z
mm1m2nze1ej8mi0zv,688052,纳芯微,2026-01-19,1,174.000,172.500,174.830,169.700,2652247.000,457512608,27833000000,1.64,,,2026-02-25T05:46:03.626Z
mm1m2nzey16utqnzx,688052,纳芯微,2026-01-20,1,171.810,174.450,178.680,171.430,2889426.000,504060366,27833000000,1.81,,,2026-02-25T05:46:03.626Z
mm1m2nzep59n429cx,688052,纳芯微,2026-01-21,1,171.000,185.220,185.790,171.000,5195615.000,962331810,27833000000,3.46,,,2026-02-25T05:46:03.626Z
mm1m2nze25l5vhcpa,688052,纳芯微,2026-01-22,1,188.800,185.820,191.400,184.010,4293816.000,797876889,27833000000,2.87,,,2026-02-25T05:46:03.626Z
mm1m2nze4sgt831k5,688052,纳芯微,2026-01-23,1,185.070,190.370,190.990,183.060,3095040.000,589202765,27833000000,2.12,,,2026-02-25T05:46:03.626Z
mm1m2nzec40sn4e7d,688052,纳芯微,2026-01-26,1,189.000,179.300,193.860,178.500,3504365.000,628332645,27833000000,2.26,,,2026-02-25T05:46:03.626Z
mm1m2nzek4ib8bj6p,688052,纳芯微,2026-01-27,1,179.000,186.960,189.500,174.500,4080923.000,762969364,27833000000,2.74,,,2026-02-25T05:46:03.626Z
mm1m2nzec5r3sczrd,688052,纳芯微,2026-01-28,1,194.200,196.060,204.600,193.640,7179788.000,1407669235,27833000000,5.06,,,2026-02-25T05:46:03.626Z
mm1m2nzen818yapnk,688052,纳芯微,2026-01-29,1,194.440,186.970,201.000,185.280,4182795.000,782057181,27833000000,2.81,,,2026-02-25T05:46:03.626Z
mm1m2nzemu59m90kg,688052,纳芯微,2026-01-30,1,183.050,185.900,188.570,176.070,4649795.000,864396891,27833000000,3.11,,,2026-02-25T05:46:03.626Z
mm1m2nzeudkoa6sak,688052,纳芯微,2026-02-02,1,183.000,170.980,183.900,170.050,4769732.000,815528777,27833000000,2.93,,,2026-02-25T05:46:03.626Z
mm1m2nze7ywemeix7,688052,纳芯微,2026-02-03,1,174.660,176.330,178.990,172.510,3495211.000,616310556,27833000000,2.21,,,2026-02-25T05:46:03.626Z
mm1m2ohxjg146xtcy,688484,南芯科技,2026-01-06,1,41.940,42.040,42.230,41.300,5916483.000,248728945,18415000000,1.35,,,2026-02-25T05:46:04.293Z
mm1m2ohxug8agbusj,688484,南芯科技,2026-01-07,1,42.300,42.900,43.430,42.130,7330963.000,314498313,18415000000,1.71,,,2026-02-25T05:46:04.293Z
mm1m2ohxpmnlg7h4e,688484,南芯科技,2026-01-08,1,42.710,42.920,43.680,42.000,6069567.000,260505816,18415000000,1.41,,,2026-02-25T05:46:04.293Z
mm1m2ohx5i6lqxkxk,688484,南芯科技,2026-01-09,1,43.400,42.750,43.400,42.250,7945021.000,339649648,18415000000,1.84,,,2026-02-25T05:46:04.293Z
mm1m2ohx5nmxluhn6,688484,南芯科技,2026-01-12,1,42.880,42.550,42.880,41.500,12023664.000,511606903,18415000000,2.78,,,2026-02-25T05:46:04.293Z
mm1m2ohxhaz03unoo,688484,南芯科技,2026-01-13,1,42.700,41.680,43.000,41.530,7784605.000,324462336,18415000000,1.76,,,2026-02-25T05:46:04.293Z
mm1m2ohxrsfuw1fh8,688484,南芯科技,2026-01-14,1,41.680,41.970,43.000,41.650,8985509.000,377121813,18415000000,2.05,,,2026-02-25T05:46:04.293Z
mm1m2ohxfkoqj9fu9,688484,南芯科技,2026-01-15,1,41.680,42.060,42.370,41.450,5122206.000,215439984,18415000000,1.17,,,2026-02-25T05:46:04.293Z
mm1m2ohxckopozbu8,688484,南芯科技,2026-01-16,1,42.340,43.820,44.060,42.140,11492430.000,503598283,18415000000,2.73,,,2026-02-25T05:46:04.293Z
mm1m2ohxig2ffds5f,688484,南芯科技,2026-01-19,1,43.820,42.060,43.850,41.610,11477023.000,482723587,18415000000,2.62,,,2026-02-25T05:46:04.293Z
mm1m2ohx6vz8nswqj,688484,南芯科技,2026-01-20,1,42.000,42.510,43.100,41.900,8195911.000,348408177,18415000000,1.89,,,2026-02-25T05:46:04.293Z
mm1m2ohxflvs3ca98,688484,南芯科技,2026-01-21,1,42.080,43.570,44.170,42.080,9887768.000,430810052,18415000000,2.34,,,2026-02-25T05:46:04.293Z
mm1m2ohxzi6e9x46d,688484,南芯科技,2026-01-22,1,44.500,43.030,45.000,42.880,11747317.000,505487051,18415000000,2.74,,,2026-02-25T05:46:04.293Z
mm1m2ohx9k2faogqv,688484,南芯科技,2026-01-23,1,43.200,43.770,44.120,42.970,8265414.000,361777171,18415000000,1.96,,,2026-02-25T05:46:04.293Z
mm1m2ohx1ueq7m89j,688484,南芯科技,2026-01-26,1,43.650,42.950,44.750,42.430,9692212.000,416280505,18415000000,2.26,,,2026-02-25T05:46:04.293Z
mm1m2ohx0xvf63ieh,688484,南芯科技,2026-01-27,1,42.650,44.440,45.090,41.180,13973287.000,620972874,18415000000,3.37,,,2026-02-25T05:46:04.293Z
mm1m2ohxrauo0pu38,688484,南芯科技,2026-01-28,1,45.380,46.610,48.210,45.380,15805794.000,736708058,18415000000,4.00,,,2026-02-25T05:46:04.293Z
mm1m2ohx1828yt12h,688484,南芯科技,2026-01-29,1,46.700,44.780,47.430,44.550,10016067.000,448519480,18415000000,2.44,,,2026-02-25T05:46:04.293Z
mm1m2ohxqgh5jyvv3,688484,南芯科技,2026-01-30,1,44.100,44.000,45.280,42.860,11631589.000,511789916,18415000000,2.78,,,2026-02-25T05:46:04.293Z
mm1m2ohx47geip69p,688484,南芯科技,2026-02-02,1,43.310,41.140,43.580,41.080,12014520.000,494277353,18415000000,2.68,,,2026-02-25T05:46:04.293Z
mm1m2ohxpa4us85et,688484,南芯科技,2026-02-03,1,41.690,42.420,42.650,41.180,7278555.000,308756303,18415000000,1.68,,,2026-02-25T05:46:04.293Z
mm1m2p0hb73xs4edv,688213,思特威,2026-01-06,1,98.800,98.560,100.800,98.030,9382771.000,924765910,38191000000,2.42,,,2026-02-25T05:46:04.961Z
mm1m2p0hurlzsel11,688213,思特威,2026-01-07,1,98.580,97.210,98.980,97.180,8166040.000,793820748,38191000000,2.08,,,2026-02-25T05:46:04.961Z
mm1m2p0hkj9f0727q,688213,思特威,2026-01-08,1,96.140,96.850,99.190,96.110,8366467.000,810292329,38191000000,2.12,,,2026-02-25T05:46:04.961Z
mm1m2p0hlb6r6zxwo,688213,思特威,2026-01-09,1,96.200,97.000,97.190,95.100,8159942.000,791514374,38191000000,2.07,,,2026-02-25T05:46:04.961Z
mm1m2p0huei0mvuk1,688213,思特威,2026-01-12,1,97.340,98.810,99.800,94.770,13408121.000,1324856436,38191000000,3.47,,,2026-02-25T05:46:04.961Z
mm1m2p0hhc7pvfsja,688213,思特威,2026-01-13,1,98.500,96.850,99.820,96.000,9172296.000,888336868,38191000000,2.33,,,2026-02-25T05:46:04.961Z
mm1m2p0h8jyrvxzct,688213,思特威,2026-01-14,1,96.850,95.580,98.680,94.650,11837466.000,1131425000,38191000000,2.96,,,2026-02-25T05:46:04.961Z
mm1m2p0hs8bcw0f99,688213,思特威,2026-01-15,1,94.940,94.690,96.090,91.800,12406565.000,1174777640,38191000000,3.08,,,2026-02-25T05:46:04.961Z
mm1m2p0ho5c90ibbz,688213,思特威,2026-01-16,1,95.070,99.000,99.250,95.070,15052029.000,1490150871,38191000000,3.90,,,2026-02-25T05:46:04.961Z
mm1m2p0hdump9h982,688213,思特威,2026-01-19,1,99.800,96.960,99.800,95.800,12828699.000,1243870655,38191000000,3.26,,,2026-02-25T05:46:04.961Z
mm1m2p0h8h7a44kgy,688213,思特威,2026-01-20,1,96.900,100.080,101.840,96.750,15308837.000,1532108407,38191000000,4.01,,,2026-02-25T05:46:04.961Z
mm1m2p0hoduck3drr,688213,思特威,2026-01-21,1,99.300,103.100,104.750,99.000,16362065.000,1686928902,38191000000,4.42,,,2026-02-25T05:46:04.961Z
mm1m2p0hep2gy6tm4,688213,思特威,2026-01-22,1,105.160,101.890,105.500,101.010,10526707.000,1072566176,38191000000,2.81,,,2026-02-25T05:46:04.961Z
mm1m2p0hnz6l9k1ne,688213,思特威,2026-01-23,1,101.560,102.910,103.590,101.200,9686642.000,996852328,38191000000,2.61,,,2026-02-25T05:46:04.961Z
mm1m2p0hfcxsl2m1v,688213,思特威,2026-01-26,1,106.060,100.470,106.350,99.110,15703061.000,1577686539,38191000000,4.13,,,2026-02-25T05:46:04.961Z
mm1m2p0he8h3fc4n6,688213,思特威,2026-01-27,1,100.560,101.910,104.500,100.300,11806165.000,1203166275,38191000000,3.15,,,2026-02-25T05:46:04.961Z
mm1m2p0h6mjrbo5x2,688213,思特威,2026-01-28,1,102.880,102.300,104.990,101.050,12424571.000,1271033613,38191000000,3.33,,,2026-02-25T05:46:04.961Z
mm1m2p0htfebo8pz3,688213,思特威,2026-01-29,1,102.000,96.900,102.600,96.600,13561775.000,1314135998,38191000000,3.44,,,2026-02-25T05:46:04.961Z
mm1m2p0hbbbyjmh6d,688213,思特威,2026-01-30,1,97.000,96.550,97.690,93.500,9025176.000,871380743,38191000000,2.28,,,2026-02-25T05:46:04.961Z
mm1m2p0hq52amgpvz,688213,思特威,2026-02-02,1,95.040,93.000,96.500,92.530,8229021.000,765298953,38191000000,2.00,,,2026-02-25T05:46:04.961Z
mm1m2p0h6qzic29q2,688213,思特威,2026-02-03,1,94.400,94.460,94.810,92.600,6748033.000,637419197,38191000000,1.67,,,2026-02-25T05:46:04.961Z
mm1m2pisc6awwfk1g,002475,立讯精密,2026-01-06,1,58.720,59.060,59.340,57.660,1415400.000,83593524,375811000000,0.02,,,2026-02-25T05:46:05.620Z
mm1m2pispsku14u6q,002475,立讯精密,2026-01-07,1,58.840,57.390,58.940,56.640,1873574.000,107524412,375811000000,0.03,,,2026-02-25T05:46:05.620Z
mm1m2pise39r737zn,002475,立讯精密,2026-01-08,1,56.860,55.000,56.900,54.610,2401117.000,132061435,375811000000,0.04,,,2026-02-25T05:46:05.620Z
mm1m2pishorepi9yg,002475,立讯精密,2026-01-09,1,54.690,55.490,56.140,53.840,1540790.000,85498437,375811000000,0.02,,,2026-02-25T05:46:05.620Z
mm1m2piss7ts0yzmj,002475,立讯精密,2026-01-12,1,55.040,55.270,55.440,53.840,1883905.000,104123429,375811000000,0.03,,,2026-02-25T05:46:05.620Z
mm1m2pisr0g8ju722,002475,立讯精密,2026-01-13,1,55.490,54.420,56.390,54.180,1334982.000,72649720,375811000000,0.02,,,2026-02-25T05:46:05.620Z
mm1m2pisbs88ku3ws,002475,立讯精密,2026-01-14,1,54.040,53.420,54.640,53.300,1699139.000,90768005,375811000000,0.02,,,2026-02-25T05:46:05.620Z
mm1m2pisqfgdllpi6,002475,立讯精密,2026-01-15,1,53.180,57.210,57.410,53.070,2628471.000,150374826,375811000000,0.04,,,2026-02-25T05:46:05.620Z
mm1m2pis6id3xjkv2,002475,立讯精密,2026-01-16,1,58.120,57.920,59.750,57.750,2599903.000,150586382,375811000000,0.04,,,2026-02-25T05:46:05.620Z
mm1m2pisuvjn1e8pp,002475,立讯精密,2026-01-19,1,57.940,57.700,60.320,57.640,1957200.000,112930440,375811000000,0.03,,,2026-02-25T05:46:05.620Z
mm1m2pisfnpfwn8z1,002475,立讯精密,2026-01-20,1,57.740,57.300,58.170,55.150,1772260.000,101550498,375811000000,0.03,,,2026-02-25T05:46:05.620Z
mm1m2pisbmgk1yxfu,002475,立讯精密,2026-01-21,1,56.490,56.900,58.140,56.440,1117199.000,63568623,375811000000,0.02,,,2026-02-25T05:46:05.620Z
mm1m2piss925nn9nj,002475,立讯精密,2026-01-22,1,57.270,56.250,58.190,55.940,1498042.000,84264863,375811000000,0.02,,,2026-02-25T05:46:05.620Z
mm1m2pistlzv958ul,002475,立讯精密,2026-01-23,1,56.470,55.340,56.470,54.840,1449254.000,80201716,375811000000,0.02,,,2026-02-25T05:46:05.620Z
mm1m2pisqeshq3vev,002475,立讯精密,2026-01-26,1,55.220,53.930,55.240,53.850,1271112.000,68551070,375811000000,0.02,,,2026-02-25T05:46:05.620Z
mm1m2piskgorfjsls,002475,立讯精密,2026-01-27,1,54.160,53.560,54.630,52.700,1227843.000,65763271,375811000000,0.02,,,2026-02-25T05:46:05.620Z
mm1m2pisa4fcz86vo,002475,立讯精密,2026-01-28,1,53.540,53.120,54.790,52.660,1511949.000,80314731,375811000000,0.02,,,2026-02-25T05:46:05.620Z
mm1m2pisgt2kkrc6f,002475,立讯精密,2026-01-29,1,52.840,51.730,52.970,51.570,1472606.000,76177908,375811000000,0.02,,,2026-02-25T05:46:05.620Z
mm1m2pisu5bjmgie8,002475,立讯精密,2026-01-30,1,51.450,51.530,52.340,50.860,1085588.000,55940350,375811000000,0.01,,,2026-02-25T05:46:05.620Z
mm1m2pis3x6e3wp3o,002475,立讯精密,2026-02-02,1,51.830,52.060,53.440,51.830,1384862.000,72095916,375811000000,0.02,,,2026-02-25T05:46:05.620Z
mm1m2pisacy593g7p,002475,立讯精密,2026-02-03,1,52.670,52.300,53.230,51.090,1046638.000,54739167,375811000000,0.01,,,2026-02-25T05:46:05.620Z
mm1m2q11qdhd2tg4d,002292,奥飞娱乐,2026-01-06,1,9.200,9.420,9.490,9.180,74663500,703330170,13708000000,5.13,,,2026-02-25T05:46:06.277Z
mm1m2q112jqvfyjgx,002292,奥飞娱乐,2026-01-07,1,9.420,9.420,9.560,9.340,55882600,526414092,13708000000,3.84,,,2026-02-25T05:46:06.277Z
mm1m2q11ob7bppeam,002292,奥飞娱乐,2026-01-08,1,9.390,9.490,9.550,9.350,38726900,367518281,13708000000,2.68,,,2026-02-25T05:46:06.277Z
mm1m2q11ibwruutwb,002292,奥飞娱乐,2026-01-09,1,9.430,9.990,10.000,9.430,82410400,823279896,13708000000,6.01,,,2026-02-25T05:46:06.277Z
mm1m2q11yzanbczvf,002292,奥飞娱乐,2026-01-12,1,10.080,10.850,10.870,10.020,1409337.000,15291306,13708000000,0.11,,,2026-02-25T05:46:06.277Z
mm1m2q11gs99o5ms1,002292,奥飞娱乐,2026-01-13,1,10.660,10.300,10.670,10.200,1121356.000,11549967,13708000000,0.08,,,2026-02-25T05:46:06.277Z
mm1m2q11d5cqa1ar2,002292,奥飞娱乐,2026-01-14,1,10.250,10.320,10.720,10.100,1067129.000,11012771,13708000000,0.08,,,2026-02-25T05:46:06.277Z
mm1m2q11tiprzy1co,002292,奥飞娱乐,2026-01-15,1,10.140,10.060,10.380,9.930,77077900,775403674,13708000000,5.66,,,2026-02-25T05:46:06.277Z
mm1m2q11ozwgnrhuh,002292,奥飞娱乐,2026-01-16,1,10.000,9.520,10.070,9.340,77068200,733689264,13708000000,5.35,,,2026-02-25T05:46:06.277Z
mm1m2q11st7l9763x,002292,奥飞娱乐,2026-01-19,1,9.420,9.330,9.530,9.270,54638500,509777205,13708000000,3.72,,,2026-02-25T05:46:06.277Z
mm1m2q11xe2et3euk,002292,奥飞娱乐,2026-01-20,1,9.360,9.080,9.460,9.010,65818400,597631072,13708000000,4.36,,,2026-02-25T05:46:06.277Z
mm1m2q115bg18sw3j,002292,奥飞娱乐,2026-01-21,1,9.020,9.040,9.160,8.960,50746300,458746552,13708000000,3.35,,,2026-02-25T05:46:06.277Z
mm1m2q11iceuloe8q,002292,奥飞娱乐,2026-01-22,1,9.040,9.190,9.220,9.010,62288300,572429477,13708000000,4.18,,,2026-02-25T05:46:06.277Z
mm1m2q11xadwz2pi9,002292,奥飞娱乐,2026-01-23,1,9.220,9.380,9.460,9.150,62945300,590426914,13708000000,4.31,,,2026-02-25T05:46:06.277Z
mm1m2q11u3g0g2hyl,002292,奥飞娱乐,2026-01-26,1,9.380,9.180,9.480,9.030,60829900,558418482,13708000000,4.07,,,2026-02-25T05:46:06.277Z
mm1m2q11vsg11cf6l,002292,奥飞娱乐,2026-01-27,1,9.180,9.090,9.300,8.920,48166000,437828940,13708000000,3.19,,,2026-02-25T05:46:06.277Z
mm1m2q11x8a37es73,002292,奥飞娱乐,2026-01-28,1,9.080,8.980,9.160,8.960,39907200,358366656,13708000000,2.61,,,2026-02-25T05:46:06.277Z
mm1m2q1161hz5j38e,002292,奥飞娱乐,2026-01-29,1,9.060,9.370,9.570,8.930,1145521.000,10733532,13708000000,0.08,,,2026-02-25T05:46:06.277Z
mm1m2q11iwci4t8ao,002292,奥飞娱乐,2026-01-30,1,9.330,9.370,9.460,9.160,75004300,702790291,13708000000,5.13,,,2026-02-25T05:46:06.277Z
mm1m2q11zaji1yipo,002292,奥飞娱乐,2026-02-02,1,9.310,9.260,9.550,9.240,69449200,643099592,13708000000,4.69,,,2026-02-25T05:46:06.277Z
mm1m2q11i9urswoq0,002292,奥飞娱乐,2026-02-03,1,9.370,9.620,9.680,9.300,85050900,818189658,13708000000,5.97,,,2026-02-25T05:46:06.277Z
mm1m2qlfnaa1wbwpq,688368,晶丰明源,2026-01-06,1,121.790,124.200,127.800,121.790,2748437.000,341355875,11929000000,2.86,,,2026-02-25T05:46:07.011Z
mm1m2qlfeadriqvka,688368,晶丰明源,2026-01-07,1,124.300,126.100,132.990,124.300,3554543.000,448227872,11929000000,3.76,,,2026-02-25T05:46:07.011Z
mm1m2qlfsh7psjy8y,688368,晶丰明源,2026-01-08,1,125.990,124.150,130.570,123.240,2291320.000,284467378,11929000000,2.38,,,2026-02-25T05:46:07.011Z
mm1m2qlfulsyty5dg,688368,晶丰明源,2026-01-09,1,122.770,123.070,124.500,122.000,1713313.000,210857431,11929000000,1.77,,,2026-02-25T05:46:07.011Z
mm1m2qlf60cywktpk,688368,晶丰明源,2026-01-12,1,124.430,125.760,128.310,121.560,2678045.000,336790939,11929000000,2.82,,,2026-02-25T05:46:07.011Z
mm1m2qlf67d19ojco,688368,晶丰明源,2026-01-13,1,124.300,121.400,125.790,121.140,1745789.000,211938785,11929000000,1.78,,,2026-02-25T05:46:07.011Z
mm1m2qlfbvfk95z11,688368,晶丰明源,2026-01-14,1,122.300,137.400,139.800,121.000,4716266.000,648014948,11929000000,5.43,,,2026-02-25T05:46:07.011Z
mm1m2qlfux8bdafa5,688368,晶丰明源,2026-01-15,1,137.400,132.300,137.400,128.350,2730650.000,361264995,11929000000,3.03,,,2026-02-25T05:46:07.011Z
mm1m2qlfiv3ngwdmt,688368,晶丰明源,2026-01-16,1,133.000,142.770,145.300,132.000,4360477.000,622545301,11929000000,5.22,,,2026-02-25T05:46:07.011Z
mm1m2qlfrqmnfz6fe,688368,晶丰明源,2026-01-19,1,140.710,140.020,142.270,133.840,2679505.000,375184290,11929000000,3.15,,,2026-02-25T05:46:07.011Z
mm1m2qlf2m1qqjhmo,688368,晶丰明源,2026-01-20,1,138.340,132.720,143.010,131.000,2402316.000,318835380,11929000000,2.67,,,2026-02-25T05:46:07.011Z
mm1m2qlf2k3m58s9a,688368,晶丰明源,2026-01-21,1,131.320,137.540,138.280,130.580,1916944.000,263656478,11929000000,2.21,,,2026-02-25T05:46:07.011Z
mm1m2qlfqgchd01q1,688368,晶丰明源,2026-01-22,1,139.000,144.130,149.000,132.670,3343107.000,481842012,11929000000,4.04,,,2026-02-25T05:46:07.011Z
mm1m2qlfku4hx9tr4,688368,晶丰明源,2026-01-23,1,140.500,140.400,143.010,138.330,1729427.000,242811551,11929000000,2.04,,,2026-02-25T05:46:07.011Z
mm1m2qlfaggt63gh8,688368,晶丰明源,2026-01-26,1,139.000,140.000,146.440,138.300,1983469.000,277685660,11929000000,2.33,,,2026-02-25T05:46:07.011Z
mm1m2qlfgz2or734z,688368,晶丰明源,2026-01-27,1,142.980,156.270,163.000,141.510,4142628.000,647368478,11929000000,5.43,,,2026-02-25T05:46:07.011Z
mm1m2qlfcsp4wccnl,688368,晶丰明源,2026-01-28,1,159.400,167.970,183.870,159.400,4953965.000,832117501,11929000000,6.98,,,2026-02-25T05:46:07.011Z
mm1m2qlfif0yovl6m,688368,晶丰明源,2026-01-29,1,169.040,170.590,181.000,169.040,4274432.000,729175355,11929000000,6.11,,,2026-02-25T05:46:07.011Z
mm1m2qlfc4n5rl1up,688368,晶丰明源,2026-01-30,1,171.000,166.500,174.000,162.200,2914619.000,485284064,11929000000,4.07,,,2026-02-25T05:46:07.011Z
mm1m2qlf7wzfcrdcq,688368,晶丰明源,2026-02-02,1,165.000,148.900,165.800,148.550,3848108.000,572983281,11929000000,4.80,,,2026-02-25T05:46:07.011Z
mm1m2qlfcxo6izwxl,688368,晶丰明源,2026-02-03,1,153.870,152.800,157.880,149.020,2471686.000,377673621,11929000000,3.17,,,2026-02-25T05:46:07.011Z
mm1m2r3sab0d5jdct,300666,江丰电子,2025-12-26,1,96.500,94.660,96.800,94.000,9630400,911613664,42266000000,2.16,,,2026-02-25T05:46:07.672Z
mm1m2r3sdt5oimaf2,300666,江丰电子,2025-12-29,1,94.260,93.520,95.260,93.140,7559900,707001848,42266000000,1.67,,,2026-02-25T05:46:07.672Z
mm1m2r3sb2rskqczc,300666,江丰电子,2025-12-30,1,93.350,93.010,94.800,92.900,7142900,664361129,42266000000,1.57,,,2026-02-25T05:46:07.672Z
mm1m2r3s09fomlgw3,300666,江丰电子,2025-12-31,1,94.000,92.000,94.500,92.000,6812100,626713200,42266000000,1.48,,,2026-02-25T05:46:07.672Z
mm1m2r3stz3n9ugpg,300666,江丰电子,2026-01-05,1,92.920,100.300,103.000,92.880,17633700,1768660110,42266000000,4.18,,,2026-02-25T05:46:07.672Z
mm1m2r3strz7qvnu4,300666,江丰电子,2026-01-06,1,98.890,107.050,111.000,98.810,30927800,3310820990,42266000000,7.83,,,2026-02-25T05:46:07.672Z
mm1m2r3svrmlnjq96,300666,江丰电子,2026-01-07,1,109.200,110.800,111.770,106.160,24473600,2711674880,42266000000,6.42,,,2026-02-25T05:46:07.672Z
mm1m2r3s4iwf4pikk,300666,江丰电子,2026-01-08,1,110.000,112.280,117.500,109.280,19084200,2142773976,42266000000,5.07,,,2026-02-25T05:46:07.672Z
mm1m2r3soll96gmau,300666,江丰电子,2026-01-09,1,110.280,113.510,114.260,109.610,15376400,1745375164,42266000000,4.13,,,2026-02-25T05:46:07.672Z
mm1m2r3sysk16xd7b,300666,江丰电子,2026-01-12,1,112.400,115.230,116.600,110.210,15154400,1746241512,42266000000,4.13,,,2026-02-25T05:46:07.672Z
mm1m2r3sd2uggahoc,300666,江丰电子,2026-01-13,1,114.060,115.080,118.660,113.620,14019300,1613341044,42266000000,3.82,,,2026-02-25T05:46:07.672Z
mm1m2r3snav9lyzdh,300666,江丰电子,2026-01-14,1,115.440,120.330,122.000,114.350,20631500,2482588395,42266000000,5.87,,,2026-02-25T05:46:07.672Z
mm1m2r3sqwlu3g9a0,300666,江丰电子,2026-01-15,1,119.130,128.620,128.670,118.330,19376300,2492179706,42266000000,5.90,,,2026-02-25T05:46:07.672Z
mm1m2r3sjx6rg9upp,300666,江丰电子,2026-01-16,1,127.340,129.110,131.360,124.970,20117200,2597331692,42266000000,6.15,,,2026-02-25T05:46:07.672Z
mm1m2r3s2hvcsloai,300666,江丰电子,2026-01-19,1,130.890,126.810,131.990,126.260,13858500,1757396385,42266000000,4.16,,,2026-02-25T05:46:07.672Z
mm1m2r3sawwxwd907,300666,江丰电子,2026-01-20,1,126.370,127.650,129.500,124.280,13095400,1671627810,42266000000,3.96,,,2026-02-25T05:46:07.672Z
mm1m2r3sp0a5yc8al,300666,江丰电子,2026-01-21,1,126.000,123.790,129.400,122.700,17131100,2120658869,42266000000,5.02,,,2026-02-25T05:46:07.672Z
mm1m2r3sjmvzz19zl,300666,江丰电子,2026-01-22,1,125.900,123.680,126.970,122.080,10524200,1301633056,42266000000,3.08,,,2026-02-25T05:46:07.672Z
mm1m2r3sr06mnxoow,300666,江丰电子,2026-01-23,1,123.590,122.030,123.590,117.000,15716200,1917847886,42266000000,4.54,,,2026-02-25T05:46:07.672Z
mm1m2r3sirqopmi8n,300666,江丰电子,2026-01-26,1,121.500,118.000,121.500,117.100,10053200,1186277600,42266000000,2.81,,,2026-02-25T05:46:07.672Z
mm1m2r3s9d3icn35y,300666,江丰电子,2026-01-27,1,118.160,119.400,120.330,116.400,11809700,1410078180,42266000000,3.34,,,2026-02-25T05:46:07.672Z
mm1m2rmbw0m2t81kg,688361,中科飞测,2026-01-06,1,165.000,174.770,185.660,163.800,10282863.000,1797135967,70593000000,2.55,,,2026-02-25T05:46:08.339Z
mm1m2rmbd7x4aaog9,688361,中科飞测,2026-01-07,1,179.000,179.000,184.880,173.000,8996798.000,1610426842,70593000000,2.28,,,2026-02-25T05:46:08.339Z
mm1m2rmbv4ptuytn9,688361,中科飞测,2026-01-08,1,179.500,180.210,185.330,174.630,8242792.000,1485433546,70593000000,2.10,,,2026-02-25T05:46:08.339Z
mm1m2rmbgqiwiol6f,688361,中科飞测,2026-01-09,1,180.200,186.010,188.880,176.300,7259211.000,1350285838,70593000000,1.91,,,2026-02-25T05:46:08.339Z
mm1m2rmbxxac9f1bs,688361,中科飞测,2026-01-12,1,186.930,181.970,196.300,179.560,8561088.000,1557861183,70593000000,2.21,,,2026-02-25T05:46:08.339Z
mm1m2rmbm9iumn3cc,688361,中科飞测,2026-01-13,1,180.000,179.650,190.900,178.280,6290549.000,1130097128,70593000000,1.60,,,2026-02-25T05:46:08.339Z
mm1m2rmbohh082ri2,688361,中科飞测,2026-01-14,1,180.000,180.380,186.990,174.670,8335021.000,1503471088,70593000000,2.13,,,2026-02-25T05:46:08.339Z
mm1m2rmb8dhmwlk4x,688361,中科飞测,2026-01-15,1,177.600,196.980,197.510,176.660,7930819.000,1562212727,70593000000,2.21,,,2026-02-25T05:46:08.339Z
mm1m2rmbk5jbcwbko,688361,中科飞测,2026-01-16,1,198.950,212.000,220.880,193.000,10358944.000,2196096128,70593000000,3.11,,,2026-02-25T05:46:08.339Z
mm1m2rmbt3cb0w5b4,688361,中科飞测,2026-01-19,1,212.000,212.000,217.870,209.180,5922565.000,1255583780,70593000000,1.78,,,2026-02-25T05:46:08.339Z
mm1m2rmbzjoswltd2,688361,中科飞测,2026-01-20,1,214.500,212.180,216.660,204.500,4926703.000,1045347843,70593000000,1.48,,,2026-02-25T05:46:08.339Z
mm1m2rmb5pchs61xu,688361,中科飞测,2026-01-21,1,211.800,203.260,215.900,199.000,8097189.000,1645834636,70593000000,2.33,,,2026-02-25T05:46:08.339Z
mm1m2rmb8hb323u9o,688361,中科飞测,2026-01-22,1,206.000,197.500,207.290,189.360,9953101.000,1965737448,70593000000,2.78,,,2026-02-25T05:46:08.339Z
mm1m2rmbw9pahd84r,688361,中科飞测,2026-01-23,1,195.510,194.550,195.880,187.550,9412558.000,1831213159,70593000000,2.59,,,2026-02-25T05:46:08.339Z
mm1m2rmbdkwjsg03h,688361,中科飞测,2026-01-26,1,195.000,191.380,196.000,188.140,6764826.000,1294652400,70593000000,1.83,,,2026-02-25T05:46:08.339Z
mm1m2rmbfioam536a,688361,中科飞测,2026-01-27,1,192.000,196.300,198.680,189.000,7146337.000,1402825953,70593000000,1.99,,,2026-02-25T05:46:08.339Z
mm1m2rmbkakim9rn0,688361,中科飞测,2026-01-28,1,196.300,198.660,201.710,194.800,6890855.000,1368937254,70593000000,1.94,,,2026-02-25T05:46:08.339Z
mm1m2rmb121wf1ho2,688361,中科飞测,2026-01-29,1,196.000,187.320,201.320,186.270,6928485.000,1297843810,70593000000,1.84,,,2026-02-25T05:46:08.339Z
mm1m2rmbv6584nwve,688361,中科飞测,2026-01-30,1,186.000,185.050,192.880,180.970,6392949.000,1183015212,70593000000,1.68,,,2026-02-25T05:46:08.339Z
mm1m2rmbj4y4bh4hf,688361,中科飞测,2026-02-02,1,180.080,178.000,187.800,176.780,6494448.000,1156011744,70593000000,1.64,,,2026-02-25T05:46:08.339Z
mm1m2rmbdp4i989st,688361,中科飞测,2026-02-03,1,182.000,187.270,188.400,181.110,5478580.000,1025973677,70593000000,1.45,,,2026-02-25T05:46:08.339Z
mm1m2s4knzb68fm0n,002371,北方华创,2026-01-06,1,474.510,485.970,508.990,473.500,15547400,7555569978,359517000000,2.10,,,2026-02-25T05:46:08.996Z
mm1m2s4kaxbxh2to2,002371,北方华创,2026-01-07,1,493.000,515.420,523.970,493.000,17675800,9110460836,359517000000,2.53,,,2026-02-25T05:46:08.996Z
mm1m2s4kbg7qosstn,002371,北方华创,2026-01-08,1,515.420,506.670,522.000,504.530,9712900,4921235043,359517000000,1.37,,,2026-02-25T05:46:08.996Z
mm1m2s4ksmmv9yzaf,002371,北方华创,2026-01-09,1,503.000,497.500,511.080,491.000,10832300,5389069250,359517000000,1.50,,,2026-02-25T05:46:08.996Z
mm1m2s4kiasz0gyzl,002371,北方华创,2026-01-12,1,498.030,501.850,511.700,498.030,11178400,5609880040,359517000000,1.56,,,2026-02-25T05:46:08.996Z
mm1m2s4kcxwwnn9iv,002371,北方华创,2026-01-13,1,500.000,490.200,512.530,489.100,9396400,4606115280,359517000000,1.28,,,2026-02-25T05:46:08.996Z
mm1m2s4kyf3yh4ibs,002371,北方华创,2026-01-14,1,491.000,493.300,504.280,487.000,9830600,4849434980,359517000000,1.35,,,2026-02-25T05:46:08.996Z
mm1m2s4khtewc952n,002371,北方华创,2026-01-15,1,490.020,506.730,508.980,482.500,12493700,6330932601,359517000000,1.76,,,2026-02-25T05:46:08.996Z
mm1m2s4kgjmvggbgh,002371,北方华创,2026-01-16,1,513.000,523.880,534.000,511.310,14311600,7497561008,359517000000,2.09,,,2026-02-25T05:46:08.996Z
mm1m2s4kyfbfap3p1,002371,北方华创,2026-01-19,1,529.900,523.870,533.000,521.000,8184200,4287456854,359517000000,1.19,,,2026-02-25T05:46:08.996Z
mm1m2s4k18yvq999o,002371,北方华创,2026-01-20,1,521.000,514.200,531.220,511.050,7165300,3684397260,359517000000,1.02,,,2026-02-25T05:46:08.996Z
mm1m2s4knt14m3fmc,002371,北方华创,2026-01-21,1,512.990,509.690,528.800,507.680,11171200,5693848928,359517000000,1.58,,,2026-02-25T05:46:08.996Z
mm1m2s4k6g78boc8y,002371,北方华创,2026-01-22,1,515.500,500.560,517.090,498.000,9428000,4719279680,359517000000,1.31,,,2026-02-25T05:46:08.996Z
mm1m2s4kii4b3alqd,002371,北方华创,2026-01-23,1,502.000,510.370,510.880,495.000,9267300,4729751901,359517000000,1.32,,,2026-02-25T05:46:08.996Z
mm1m2s4k8lhvwyhpd,002371,北方华创,2026-01-26,1,508.100,496.220,508.100,489.000,9035200,4483446944,359517000000,1.25,,,2026-02-25T05:46:08.996Z
mm1m2s4ksypguf9u2,002371,北方华创,2026-01-27,1,494.040,497.680,507.880,493.110,7691700,3828005256,359517000000,1.06,,,2026-02-25T05:46:08.996Z
mm1m2s4kpme7y2ijd,002371,北方华创,2026-01-28,1,502.390,502.000,507.770,492.000,11882300,5964914600,359517000000,1.66,,,2026-02-25T05:46:08.996Z
mm1m2s4kqkh5gptn8,002371,北方华创,2026-01-29,1,496.980,475.370,499.000,475.000,13808000,6563908960,359517000000,1.83,,,2026-02-25T05:46:08.996Z
mm1m2s4kxwxxhe60h,002371,北方华创,2026-01-30,1,472.420,475.230,479.980,466.030,8792400,4178412252,359517000000,1.16,,,2026-02-25T05:46:08.996Z
mm1m2s4kn8rkpfba3,002371,北方华创,2026-02-02,1,471.660,461.630,473.000,461.010,9549400,4408289522,359517000000,1.23,,,2026-02-25T05:46:08.996Z
mm1m2s4kfyxu8hk5p,002371,北方华创,2026-02-03,1,466.500,472.990,476.190,462.230,9608700,4544819013,359517000000,1.26,,,2026-02-25T05:46:08.996Z
mm1m2smymrkhecya4,603160,汇顶科技,2026-01-06,1,80.060,81.650,81.770,79.940,7250500,592003325,36710000000,1.61,,,2026-02-25T05:46:09.658Z
mm1m2smyl54aqcnn0,603160,汇顶科技,2026-01-07,1,81.850,81.200,82.150,80.710,6272900,509359480,36710000000,1.39,,,2026-02-25T05:46:09.658Z
mm1m2smybmgpcy5um,603160,汇顶科技,2026-01-08,1,80.790,81.240,81.680,80.790,4901800,398222232,36710000000,1.08,,,2026-02-25T05:46:09.658Z
mm1m2smy86sfp9js7,603160,汇顶科技,2026-01-09,1,81.280,81.840,82.160,80.950,5803200,474933888,36710000000,1.29,,,2026-02-25T05:46:09.658Z
mm1m2smykjfoult12,603160,汇顶科技,2026-01-12,1,81.840,82.900,82.950,81.700,8097200,671257880,36710000000,1.83,,,2026-02-25T05:46:09.658Z
mm1m2smy4hz8b8tln,603160,汇顶科技,2026-01-13,1,82.950,80.630,83.110,80.330,9070800,731378604,36710000000,1.99,,,2026-02-25T05:46:09.658Z
mm1m2smycyzvzik73,603160,汇顶科技,2026-01-14,1,80.580,81.020,82.240,79.680,9111400,738205628,36710000000,2.01,,,2026-02-25T05:46:09.658Z
mm1m2smy7rs11uiug,603160,汇顶科技,2026-01-15,1,80.100,82.100,82.500,80.100,6755000,554585500,36710000000,1.51,,,2026-02-25T05:46:09.658Z
mm1m2smy7esk1y583,603160,汇顶科技,2026-01-16,1,82.220,83.120,83.880,81.900,9109100,757148392,36710000000,2.06,,,2026-02-25T05:46:09.658Z
mm1m2smyo1kkrgckm,603160,汇顶科技,2026-01-19,1,83.130,83.120,83.710,82.330,6775600,563187872,36710000000,1.53,,,2026-02-25T05:46:09.658Z
mm1m2smyy8t0b9obx,603160,汇顶科技,2026-01-20,1,82.850,82.980,84.280,82.240,6511300,540307674,36710000000,1.47,,,2026-02-25T05:46:09.658Z
mm1m2smym9f47p66y,603160,汇顶科技,2026-01-21,1,82.300,84.070,84.630,82.300,8193600,688835952,36710000000,1.88,,,2026-02-25T05:46:09.658Z
mm1m2smywt2vbket9,603160,汇顶科技,2026-01-22,1,84.610,83.550,84.880,83.450,5514000,460694700,36710000000,1.25,,,2026-02-25T05:46:09.658Z
mm1m2smyz8668dpzr,603160,汇顶科技,2026-01-23,1,83.520,84.650,84.660,83.500,6680900,565538185,36710000000,1.54,,,2026-02-25T05:46:09.658Z
mm1m2smynvzblr51t,603160,汇顶科技,2026-01-26,1,84.600,83.110,85.550,82.530,7210000,599223100,36710000000,1.63,,,2026-02-25T05:46:09.658Z
mm1m2smyokq7fhf8e,603160,汇顶科技,2026-01-27,1,83.000,84.360,84.960,81.500,9146700,771615612,36710000000,2.10,,,2026-02-25T05:46:09.658Z
mm1m2smyu2zs7hdzn,603160,汇顶科技,2026-01-28,1,84.400,84.770,86.240,84.260,8939000,757759030,36710000000,2.06,,,2026-02-25T05:46:09.658Z
mm1m2smyvp1km6z6w,603160,汇顶科技,2026-01-29,1,84.700,82.050,85.290,82.010,8571800,703316190,36710000000,1.92,,,2026-02-25T05:46:09.658Z
mm1m2smy8y66xpzbc,603160,汇顶科技,2026-01-30,1,81.820,80.800,82.450,79.310,7687300,621133840,36710000000,1.69,,,2026-02-25T05:46:09.658Z
mm1m2smy80y0c8dot,603160,汇顶科技,2026-02-02,1,80.180,76.680,80.490,76.650,10809600,828880128,36710000000,2.26,,,2026-02-25T05:46:09.658Z
mm1m2smy8fljfcb8d,603160,汇顶科技,2026-02-03,1,77.370,77.800,78.280,76.700,6640800,516654240,36710000000,1.41,,,2026-02-25T05:46:09.658Z
mm1m2t57dxc5mj4s4,688012,中微公司,2026-01-06,1,314.000,329.670,335.880,311.780,25382490.000,8367845478,231110000000,3.62,,,2026-02-25T05:46:10.315Z
mm1m2t57ughajg7v1,688012,中微公司,2026-01-07,1,339.880,352.340,358.900,336.680,24067287.000,8479867902,231110000000,3.67,,,2026-02-25T05:46:10.315Z
mm1m2t5744n7ep891,688012,中微公司,2026-01-08,1,348.310,345.880,356.580,343.600,16554956.000,5726028181,231110000000,2.48,,,2026-02-25T05:46:10.315Z
mm1m2t57fy610nay9,688012,中微公司,2026-01-09,1,332.430,336.680,342.000,330.800,20378587.000,6861062671,231110000000,2.97,,,2026-02-25T05:46:10.315Z
mm1m2t575knxkr4cl,688012,中微公司,2026-01-12,1,345.000,352.690,369.000,341.660,17891534.000,6310165126,231110000000,2.73,,,2026-02-25T05:46:10.315Z
mm1m2t57idswcazq4,688012,中微公司,2026-01-13,1,348.450,346.000,357.380,343.500,12762805.000,4415930530,231110000000,1.91,,,2026-02-25T05:46:10.315Z
mm1m2t57gb9jl2qty,688012,中微公司,2026-01-14,1,347.980,352.380,368.970,340.410,17215906.000,6066540956,231110000000,2.62,,,2026-02-25T05:46:10.315Z
mm1m2t57ic4rfbate,688012,中微公司,2026-01-15,1,349.420,371.000,374.550,346.500,17752256.000,6586086976,231110000000,2.85,,,2026-02-25T05:46:10.315Z
mm1m2t5768lra4alt,688012,中微公司,2026-01-16,1,377.000,377.140,397.300,373.500,26306810.000,9921350323,231110000000,4.29,,,2026-02-25T05:46:10.315Z
mm1m2t57odankk63m,688012,中微公司,2026-01-19,1,385.610,379.000,387.990,372.000,15921639.000,6034301181,231110000000,2.61,,,2026-02-25T05:46:10.315Z
mm1m2t57s6nn0cqvd,688012,中微公司,2026-01-20,1,376.000,364.320,381.870,360.500,15793393.000,5753848938,231110000000,2.49,,,2026-02-25T05:46:10.315Z
mm1m2t57tlb0xjdov,688012,中微公司,2026-01-21,1,364.000,365.000,381.120,361.260,15677590.000,5722320350,231110000000,2.48,,,2026-02-25T05:46:10.315Z
mm1m2t57xl98e904g,688012,中微公司,2026-01-22,1,369.300,353.460,370.990,349.800,14780793.000,5224419094,231110000000,2.26,,,2026-02-25T05:46:10.315Z
mm1m2t5750m0118o9,688012,中微公司,2026-01-23,1,353.490,367.550,373.880,348.350,16029419.000,5891612953,231110000000,2.55,,,2026-02-25T05:46:10.315Z
mm1m2t57do2rf0jcw,688012,中微公司,2026-01-26,1,367.000,353.110,367.000,347.180,14763216.000,5213039202,231110000000,2.26,,,2026-02-25T05:46:10.315Z
mm1m2t57j3qtg7rsi,688012,中微公司,2026-01-27,1,353.880,357.080,369.700,352.350,14202601.000,5071464765,231110000000,2.19,,,2026-02-25T05:46:10.315Z
mm1m2t576hgm7pwkt,688012,中微公司,2026-01-28,1,366.000,368.590,375.000,355.320,18429320.000,6792863059,231110000000,2.94,,,2026-02-25T05:46:10.315Z
mm1m2t57r8fg7ar3g,688012,中微公司,2026-01-29,1,365.100,347.400,365.990,347.100,17407900.000,6047504460,231110000000,2.62,,,2026-02-25T05:46:10.315Z
mm1m2t573evk7f2kb,688012,中微公司,2026-01-30,1,345.490,347.950,356.980,339.000,11304456.000,3933385465,231110000000,1.70,,,2026-02-25T05:46:10.315Z
mm1m2t57jew0uoho7,688012,中微公司,2026-02-02,1,344.490,332.680,347.000,332.320,13928364.000,4633688136,231110000000,2.00,,,2026-02-25T05:46:10.315Z
mm1m2t57gnlb0o8wc,688012,中微公司,2026-02-03,1,340.700,346.360,348.500,337.100,11157473.000,3864502348,231110000000,1.67,,,2026-02-25T05:46:10.315Z
mm1m2tnqig3pauqev,301269,华大九天,2026-01-06,1,109.370,111.360,111.580,108.680,6201000,690543360,55744000000,1.24,,,2026-02-25T05:46:10.982Z
mm1m2tnqyh7ozbzxe,301269,华大九天,2026-01-07,1,111.380,112.000,113.670,110.600,6292000,704704000,55744000000,1.26,,,2026-02-25T05:46:10.982Z
mm1m2tnqybv0lfwdm,301269,华大九天,2026-01-08,1,112.000,113.020,113.860,111.300,5644000,637884880,55744000000,1.14,,,2026-02-25T05:46:10.982Z
mm1m2tnquz8cxtqgu,301269,华大九天,2026-01-09,1,112.580,113.700,113.770,112.120,5487500,623928750,55744000000,1.12,,,2026-02-25T05:46:10.982Z
mm1m2tnqz5fdh2vrl,301269,华大九天,2026-01-12,1,111.770,115.440,115.450,110.220,10963600,1265637984,55744000000,2.27,,,2026-02-25T05:46:10.982Z
mm1m2tnqbwyrpwwmy,301269,华大九天,2026-01-13,1,115.440,113.390,119.000,113.030,10515500,1192352545,55744000000,2.14,,,2026-02-25T05:46:10.982Z
mm1m2tnqvhi7d7nvh,301269,华大九天,2026-01-14,1,113.300,116.970,119.690,113.300,12426800,1453562796,55744000000,2.61,,,2026-02-25T05:46:10.982Z
mm1m2tnqfo3gmd04i,301269,华大九天,2026-01-15,1,116.000,115.770,117.360,114.010,6846200,792584574,55744000000,1.42,,,2026-02-25T05:46:10.982Z
mm1m2tnqi7m7q2b0o,301269,华大九天,2026-01-16,1,116.360,117.600,119.250,114.300,8420800,990286080,55744000000,1.78,,,2026-02-25T05:46:10.982Z
mm1m2tnqn0d33pah9,301269,华大九天,2026-01-19,1,117.400,115.060,117.900,114.370,7417400,853446044,55744000000,1.53,,,2026-02-25T05:46:10.982Z
mm1m2tnqqq0e4cch9,301269,华大九天,2026-01-20,1,115.060,113.500,116.350,112.760,5416400,614761400,55744000000,1.10,,,2026-02-25T05:46:10.982Z
mm1m2tnqfssbapamv,301269,华大九天,2026-01-21,1,112.580,117.430,120.820,112.580,12256600,1439292538,55744000000,2.58,,,2026-02-25T05:46:10.982Z
mm1m2tnqjvayu09q8,301269,华大九天,2026-01-22,1,119.010,115.610,119.500,114.890,7219200,834611712,55744000000,1.50,,,2026-02-25T05:46:10.982Z
mm1m2tnqvsyygljun,301269,华大九天,2026-01-23,1,115.950,115.660,116.390,114.500,6137200,709828552,55744000000,1.27,,,2026-02-25T05:46:10.982Z
mm1m2tnq848j8ltwo,301269,华大九天,2026-01-26,1,115.590,111.450,116.100,110.600,7316600,815435070,55744000000,1.46,,,2026-02-25T05:46:10.982Z
mm1m2tnqbsdwue2v0,301269,华大九天,2026-01-27,1,110.790,111.180,112.690,109.000,6953100,773045658,55744000000,1.39,,,2026-02-25T05:46:10.982Z
mm1m2tnqh5pmqn0hx,301269,华大九天,2026-01-28,1,111.580,108.490,112.550,108.100,7225800,783927042,55744000000,1.41,,,2026-02-25T05:46:10.982Z
mm1m2tnq1tmsd7638,301269,华大九天,2026-01-29,1,107.980,105.110,109.200,105.000,7131900,749634009,55744000000,1.34,,,2026-02-25T05:46:10.982Z
mm1m2tnqqkesyyvss,301269,华大九天,2026-01-30,1,104.270,103.100,105.500,102.400,5667300,584298630,55744000000,1.05,,,2026-02-25T05:46:10.982Z
mm1m2tnqexfcqpp1a,301269,华大九天,2026-02-02,1,102.980,98.240,102.980,98.200,7089400,696462656,55744000000,1.25,,,2026-02-25T05:46:10.982Z
mm1m2tnq16w1o1grg,301269,华大九天,2026-02-03,1,99.500,99.590,99.900,97.660,4123500,410659365,55744000000,0.74,,,2026-02-25T05:46:10.982Z
mm1m2u5tbs5q9aom0,300567,精测电子,2026-01-06,1,93.840,103.700,105.690,93.840,25489600,2643271520,43361000000,6.10,,,2026-02-25T05:46:11.633Z
mm1m2u5t4phw8pkjy,300567,精测电子,2026-01-07,1,103.250,109.550,110.570,103.250,24046600,2634305030,43361000000,6.08,,,2026-02-25T05:46:11.633Z
mm1m2u5t3up00l523,300567,精测电子,2026-01-08,1,109.110,107.800,110.000,105.010,16277100,1754671380,43361000000,4.05,,,2026-02-25T05:46:11.633Z
mm1m2u5tu3elmneix,300567,精测电子,2026-01-09,1,105.500,107.270,109.270,103.550,14701000,1576976270,43361000000,3.64,,,2026-02-25T05:46:11.633Z
mm1m2u5tqqx1ewye0,300567,精测电子,2026-01-12,1,108.300,109.570,112.300,106.570,14121000,1547237970,43361000000,3.57,,,2026-02-25T05:46:11.633Z
mm1m2u5txnqe4p5uf,300567,精测电子,2026-01-13,1,105.840,106.000,110.400,105.270,11493900,1218353400,43361000000,2.81,,,2026-02-25T05:46:11.633Z
mm1m2u5t2x3tagtrx,300567,精测电子,2026-01-14,1,106.880,110.080,113.680,105.620,15436900,1699293952,43361000000,3.92,,,2026-02-25T05:46:11.633Z
mm1m2u5tg1u8yb7lu,300567,精测电子,2026-01-15,1,109.670,119.000,120.540,107.860,18576900,2210651100,43361000000,5.10,,,2026-02-25T05:46:11.633Z
mm1m2u5t26blro04g,300567,精测电子,2026-01-16,1,122.340,135.900,138.800,121.000,24401300,3316136670,43361000000,7.65,,,2026-02-25T05:46:11.633Z
mm1m2u5t92wdopp06,300567,精测电子,2026-01-19,1,135.280,144.410,147.600,134.000,24595400,3551821714,43361000000,8.19,,,2026-02-25T05:46:11.633Z
mm1m2u5t58wyfcp5d,300567,精测电子,2026-01-20,1,143.030,144.250,148.980,141.890,19376300,2795031275,43361000000,6.45,,,2026-02-25T05:46:11.633Z
mm1m2u5t4nenr9x70,300567,精测电子,2026-01-21,1,144.130,151.720,154.500,143.900,20318400,3082707648,43361000000,7.11,,,2026-02-25T05:46:11.633Z
mm1m2u5twvju7rp3i,300567,精测电子,2026-01-22,1,152.510,146.850,155.080,141.800,18364600,2696841510,43361000000,6.22,,,2026-02-25T05:46:11.633Z
mm1m2u5tgbw6w0ign,300567,精测电子,2026-01-23,1,148.000,145.460,148.000,138.770,18004600,2618949116,43361000000,6.04,,,2026-02-25T05:46:11.633Z
mm1m2u5t1tz0chryt,300567,精测电子,2026-01-26,1,144.000,142.500,146.500,137.000,14040700,2000799750,43361000000,4.61,,,2026-02-25T05:46:11.633Z
mm1m2u5t0dxz2u2jc,300567,精测电子,2026-01-27,1,141.000,148.970,152.310,139.000,18309200,2727521524,43361000000,6.29,,,2026-02-25T05:46:11.633Z
mm1m2u5tbthct70ey,300567,精测电子,2026-01-28,1,148.820,147.200,150.000,141.470,16869200,2483146240,43361000000,5.73,,,2026-02-25T05:46:11.633Z
mm1m2u5tckfz5u3yz,300567,精测电子,2026-01-29,1,146.720,134.000,149.000,133.000,19206500,2573671000,43361000000,5.94,,,2026-02-25T05:46:11.633Z
mm1m2u5te7lnwk2ch,300567,精测电子,2026-01-30,1,134.000,132.460,138.000,130.080,16587200,2197140512,43361000000,5.07,,,2026-02-25T05:46:11.633Z
mm1m2u5th3fe1ivxs,300567,精测电子,2026-02-02,1,132.420,127.320,133.660,127.040,14338000,1825514160,43361000000,4.21,,,2026-02-25T05:46:11.633Z
mm1m2u5t11e3vmpth,300567,精测电子,2026-02-03,1,131.000,128.490,132.800,126.680,12133100,1558982019,43361000000,3.60,,,2026-02-25T05:46:11.633Z
mm1m2uoh2hoq6y6ic,688981,中芯国际,2026-01-06,1,129.000,131.840,134.200,128.770,73069695.000,9633508589,929100000000,1.04,,,2026-02-25T05:46:12.305Z
mm1m2uohjsq6039uu,688981,中芯国际,2026-01-07,1,131.840,129.980,132.820,128.850,59804086.000,7773335098,929100000000,0.84,,,2026-02-25T05:46:12.305Z
mm1m2uohyvyfqvnfe,688981,中芯国际,2026-01-08,1,128.950,130.150,134.680,128.910,61691881.000,8029198312,929100000000,0.86,,,2026-02-25T05:46:12.305Z
mm1m2uohtwswio6t7,688981,中芯国际,2026-01-09,1,129.150,128.880,130.010,127.770,51127488.000,6589310653,929100000000,0.71,,,2026-02-25T05:46:12.305Z
mm1m2uohddj3k26xf,688981,中芯国际,2026-01-12,1,128.520,127.660,129.620,126.680,56393564.000,7199202380,929100000000,0.77,,,2026-02-25T05:46:12.305Z
mm1m2uoh01ejk7rhk,688981,中芯国际,2026-01-13,1,127.490,123.630,128.150,122.860,65207280.000,8061576026,929100000000,0.87,,,2026-02-25T05:46:12.305Z
mm1m2uoh3ktukg5zt,688981,中芯国际,2026-01-14,1,123.510,124.490,127.600,123.500,64968391.000,8087914996,929100000000,0.87,,,2026-02-25T05:46:12.305Z
mm1m2uohdhtbzg0aj,688981,中芯国际,2026-01-15,1,123.490,124.440,125.500,122.330,55660423.000,6926383038,929100000000,0.75,,,2026-02-25T05:46:12.305Z
mm1m2uohxdn0sz2xc,688981,中芯国际,2026-01-16,1,127.500,126.990,128.820,124.880,75651257.000,9606953126,929100000000,1.03,,,2026-02-25T05:46:12.305Z
mm1m2uohm2s7ldtvt,688981,中芯国际,2026-01-19,1,127.050,125.290,128.500,125.120,47753702.000,5983061324,929100000000,0.64,,,2026-02-25T05:46:12.305Z
mm1m2uohyozgzdrpi,688981,中芯国际,2026-01-20,1,125.000,122.180,125.500,121.810,50869359.000,6215218283,929100000000,0.67,,,2026-02-25T05:46:12.305Z
mm1m2uoh7ix1a6ln5,688981,中芯国际,2026-01-21,1,120.930,127.190,128.890,120.580,97052521.000,12344110146,929100000000,1.33,,,2026-02-25T05:46:12.305Z
mm1m2uohu9oc0xlxf,688981,中芯国际,2026-01-22,1,128.980,126.800,130.820,125.570,64809463.000,8217839908,929100000000,0.88,,,2026-02-25T05:46:12.305Z
mm1m2uohzg5km5w0l,688981,中芯国际,2026-01-23,1,126.800,124.960,127.370,124.030,49063104.000,6130925476,929100000000,0.66,,,2026-02-25T05:46:12.305Z
mm1m2uohgcobcw442,688981,中芯国际,2026-01-26,1,124.010,121.920,125.880,121.900,50256650.000,6127290768,929100000000,0.66,,,2026-02-25T05:46:12.305Z
mm1m2uohww2lgurkk,688981,中芯国际,2026-01-27,1,122.000,124.050,125.740,119.220,65526157.000,8128519776,929100000000,0.87,,,2026-02-25T05:46:12.305Z
mm1m2uohzksxnvkmj,688981,中芯国际,2026-01-28,1,124.990,128.550,128.990,124.990,99458326.000,12785367807,929100000000,1.38,,,2026-02-25T05:46:12.305Z
mm1m2uohtyxmnpo8u,688981,中芯国际,2026-01-29,1,127.600,122.400,127.810,122.160,71564935.000,8759548044,929100000000,0.94,,,2026-02-25T05:46:12.305Z
mm1m2uohbbd9r9gmn,688981,中芯国际,2026-01-30,1,121.330,122.970,124.940,120.070,52771906.000,6489361281,929100000000,0.70,,,2026-02-25T05:46:12.305Z
mm1m2uohadifbz97o,688981,中芯国际,2026-02-02,1,121.400,117.060,122.590,116.800,59669081.000,6984862622,929100000000,0.75,,,2026-02-25T05:46:12.305Z
mm1m2uoh17zbwh6ty,688981,中芯国际,2026-02-03,1,118.690,116.030,118.840,113.460,56176952.000,6518211741,929100000000,0.70,,,2026-02-25T05:46:12.305Z
mm1m2v6ud5e8ydmj2,300661,圣邦股份,2026-01-06,1,70.470,72.000,72.000,70.130,20747800,1493841600,43597000000,3.43,,,2026-02-25T05:46:12.966Z
mm1m2v6uc5nma2m75,300661,圣邦股份,2026-01-07,1,73.120,73.890,76.600,73.120,34206000,2527481340,43597000000,5.80,,,2026-02-25T05:46:12.966Z
mm1m2v6utkkzwgkb5,300661,圣邦股份,2026-01-08,1,73.570,72.760,73.890,72.500,16482300,1199252148,43597000000,2.75,,,2026-02-25T05:46:12.966Z
mm1m2v6u7o7cob0yw,300661,圣邦股份,2026-01-09,1,72.110,72.950,73.310,72.050,15137600,1104287920,43597000000,2.53,,,2026-02-25T05:46:12.966Z
mm1m2v6u005fzzpox,300661,圣邦股份,2026-01-12,1,73.200,73.290,73.550,72.000,20487800,1501550862,43597000000,3.44,,,2026-02-25T05:46:12.966Z
mm1m2v6u3ujoyltlg,300661,圣邦股份,2026-01-13,1,73.260,70.520,73.360,70.280,19022600,1341473752,43597000000,3.08,,,2026-02-25T05:46:12.966Z
mm1m2v6uu1yo1e11e,300661,圣邦股份,2026-01-14,1,71.010,71.150,72.420,70.180,18267000,1299697050,43597000000,2.98,,,2026-02-25T05:46:12.966Z
mm1m2v6u2rnzghe4s,300661,圣邦股份,2026-01-15,1,70.560,71.390,71.490,69.770,15785600,1126933984,43597000000,2.58,,,2026-02-25T05:46:12.966Z
mm1m2v6uj193pd4qk,300661,圣邦股份,2026-01-16,1,71.850,73.170,73.900,71.090,24701000,1807372170,43597000000,4.15,,,2026-02-25T05:46:12.966Z
mm1m2v6urdw5rxbox,300661,圣邦股份,2026-01-19,1,73.750,71.800,73.770,71.760,16839300,1209061740,43597000000,2.77,,,2026-02-25T05:46:12.966Z
mm1m2v6u52l2keeha,300661,圣邦股份,2026-01-20,1,71.780,71.930,73.180,71.220,16377100,1178004803,43597000000,2.70,,,2026-02-25T05:46:12.966Z
mm1m2v6uxf3774ddh,300661,圣邦股份,2026-01-21,1,71.010,76.080,76.370,71.010,41186000,3133430880,43597000000,7.19,,,2026-02-25T05:46:12.966Z
mm1m2v6u7urzjj5xl,300661,圣邦股份,2026-01-22,1,77.970,75.570,78.000,74.670,27348000,2066688360,43597000000,4.74,,,2026-02-25T05:46:12.966Z
mm1m2v6ukm0sw42e6,300661,圣邦股份,2026-01-23,1,76.000,76.000,76.670,74.220,22594800,1717204800,43597000000,3.94,,,2026-02-25T05:46:12.966Z
mm1m2v6u2thoho9iw,300661,圣邦股份,2026-01-26,1,75.990,74.600,77.760,73.850,23528900,1755255940,43597000000,4.03,,,2026-02-25T05:46:12.966Z
mm1m2v6ujep5bfat0,300661,圣邦股份,2026-01-27,1,74.430,77.070,78.770,73.010,35077400,2703415218,43597000000,6.20,,,2026-02-25T05:46:12.966Z
mm1m2v6uzme6sf4kl,300661,圣邦股份,2026-01-28,1,80.920,78.330,84.200,78.100,60767600,4759926108,43597000000,10.92,,,2026-02-25T05:46:12.966Z
mm1m2v6uqu5jt8yww,300661,圣邦股份,2026-01-29,1,78.450,75.450,79.330,75.260,32742400,2470414080,43597000000,5.67,,,2026-02-25T05:46:12.966Z
mm1m2v6u8jwus867m,300661,圣邦股份,2026-01-30,1,74.560,76.140,77.750,73.200,25906600,1972528524,43597000000,4.52,,,2026-02-25T05:46:12.966Z
mm1m2v6uw3nfizsan,300661,圣邦股份,2026-02-02,1,75.000,69.980,75.420,69.950,29734100,2080792318,43597000000,4.77,,,2026-02-25T05:46:12.966Z
mm1m2v6usjjezx74w,300661,圣邦股份,2026-02-03,1,71.600,71.800,73.000,70.890,18058200,1296578760,43597000000,2.97,,,2026-02-25T05:46:12.966Z
mm1m2v6u2ma1nnxch,300661,圣邦股份,2026-02-04,1,71.360,69.730,71.500,68.510,18306700,1276526191,43597000000,2.93,,,2026-02-25T05:46:12.966Z
mm1m2v6upytv54sdo,300661,圣邦股份,2026-02-05,1,68.630,70.250,70.890,68.350,13997300,983310325,43597000000,2.26,,,2026-02-25T05:46:12.966Z
mm1m2v6umtthvsobx,300661,圣邦股份,2026-02-06,1,69.500,68.750,69.800,68.570,11148800,766480000,43597000000,1.76,,,2026-02-25T05:46:12.966Z
mm1m2v6u9q3w8kf7w,300661,圣邦股份,2026-02-09,1,69.720,69.330,69.920,69.000,10202100,707311593,43597000000,1.62,,,2026-02-25T05:46:12.966Z
mm1m2v6uw4j1c02fj,300661,圣邦股份,2026-02-10,1,69.230,69.290,70.340,69.040,10757100,745359459,43597000000,1.71,,,2026-02-25T05:46:12.966Z
mm1m2v6us8kx8xjoj,300661,圣邦股份,2026-02-11,1,69.290,68.910,69.860,68.880,9756600,672327306,43597000000,1.54,,,2026-02-25T05:46:12.966Z
mm1m2v6upgjzh3af5,300661,圣邦股份,2026-02-12,1,69.120,70.080,70.800,68.920,13249800,928545984,43597000000,2.13,,,2026-02-25T05:46:12.966Z
mm1m2v6uibz6b1tdo,300661,圣邦股份,2026-02-13,1,69.560,70.410,72.400,69.500,14986600,1055206506,43597000000,2.42,,,2026-02-25T05:46:12.966Z
mm1m2v6ur2vpsz21j,300661,圣邦股份,2026-02-24,1,71.200,69.990,71.220,69.600,11012400,770757876,43597000000,1.77,,,2026-02-25T05:46:12.966Z
mm25qvhofur1uunrc,300661,圣邦股份,2026-02-25,1,70.100,70.540,70.860,69.400,11813800,833345452,43597000000,1.91,,,2026-02-25T14:56:45.804Z
mm1m2vow0p6hg9agm,000526,学大教育,2026-01-06,1,39.580,39.350,39.980,39.250,2311700,90965395,4565000000,1.99,,,2026-02-25T05:46:13.616Z
mm1m2vowvndmhthbf,000526,学大教育,2026-01-07,1,39.340,38.740,39.400,38.730,2221900,86076406,4565000000,1.89,,,2026-02-25T05:46:13.616Z
mm1m2vownoa024ypk,000526,学大教育,2026-01-08,1,38.610,39.150,39.800,38.550,2912200,114012630,4565000000,2.50,,,2026-02-25T05:46:13.616Z
mm1m2vowvg6u2lbnn,000526,学大教育,2026-01-09,1,39.450,39.850,40.250,39.020,3588200,142989770,4565000000,3.13,,,2026-02-25T05:46:13.616Z
mm1m2vow9m6n9nlnn,000526,学大教育,2026-01-12,1,40.200,40.990,40.990,39.760,4619300,189345107,4565000000,4.15,,,2026-02-25T05:46:13.616Z
mm1m2vow3qsm4ue3c,000526,学大教育,2026-01-13,1,41.330,41.790,42.990,40.200,8837300,369310767,4565000000,8.09,,,2026-02-25T05:46:13.616Z
mm1m2vowb3ugoga2m,000526,学大教育,2026-01-14,1,41.000,42.380,42.900,40.800,6773300,287052454,4565000000,6.29,,,2026-02-25T05:46:13.616Z
mm1m2vown34roef3i,000526,学大教育,2026-01-15,1,41.970,41.020,42.500,40.880,3952500,162131550,4565000000,3.55,,,2026-02-25T05:46:13.616Z
mm1m2vowftjmn2scd,000526,学大教育,2026-01-16,1,41.100,40.810,41.300,40.250,2750400,112243824,4565000000,2.46,,,2026-02-25T05:46:13.616Z
mm1m2vownan95sj7a,000526,学大教育,2026-01-19,1,40.490,40.480,40.780,40.250,2106400,85267072,4565000000,1.87,,,2026-02-25T05:46:13.616Z
mm1m2vowyq2ca7f1g,000526,学大教育,2026-01-20,1,40.590,40.360,40.720,40.060,1529700,61738692,4565000000,1.35,,,2026-02-25T05:46:13.616Z
mm1m2vowlzrtx329g,000526,学大教育,2026-01-21,1,40.300,40.640,40.660,39.910,1422800,57822592,4565000000,1.27,,,2026-02-25T05:46:13.616Z
mm1m2vow9pkwffyu5,000526,学大教育,2026-01-22,1,40.660,40.500,40.800,40.400,1246200,50471100,4565000000,1.11,,,2026-02-25T05:46:13.616Z
mm1m2vow32dkatrqa,000526,学大教育,2026-01-23,1,40.590,40.520,40.650,40.370,1347600,54604752,4565000000,1.20,,,2026-02-25T05:46:13.616Z
mm1m2vowovf5fqltt,000526,学大教育,2026-01-26,1,40.530,39.470,40.600,39.410,2204600,87015562,4565000000,1.91,,,2026-02-25T05:46:13.616Z
mm1m2vowrtfqayjxk,000526,学大教育,2026-01-27,1,39.770,39.090,40.090,38.880,1750800,68438772,4565000000,1.50,,,2026-02-25T05:46:13.616Z
mm1m2voweeezsrw0f,000526,学大教育,2026-01-28,1,38.920,38.100,39.290,38.030,2450200,93352620,4565000000,2.04,,,2026-02-25T05:46:13.616Z
mm1m2vowig2m4al9q,000526,学大教育,2026-01-29,1,37.980,38.400,38.860,37.550,1855300,71243520,4565000000,1.56,,,2026-02-25T05:46:13.616Z
mm1m2vowlb4y8ibuz,000526,学大教育,2026-01-30,1,38.460,38.050,38.790,37.920,1590400,60514720,4565000000,1.33,,,2026-02-25T05:46:13.616Z
mm1m2vow6actwyd70,000526,学大教育,2026-02-02,1,38.040,37.880,38.380,37.600,1123500,42558180,4565000000,0.93,,,2026-02-25T05:46:13.616Z
mm1m2vowpsyy42bmo,000526,学大教育,2026-02-03,1,38.130,38.270,38.280,37.850,1183400,45288718,4565000000,0.99,,,2026-02-25T05:46:13.616Z
mm1m2vowzvwyb2jei,000526,学大教育,2026-02-04,1,38.060,37.850,38.280,37.400,1666100,63061885,4565000000,1.38,,,2026-02-25T05:46:13.616Z
mm1m2vowzdbjdztw4,000526,学大教育,2026-02-05,1,37.800,38.380,38.470,37.660,1754300,67330034,4565000000,1.47,,,2026-02-25T05:46:13.616Z
mm1m2vowi99818dxq,000526,学大教育,2026-02-06,1,38.250,38.400,38.660,38.220,1150800,44190720,4565000000,0.97,,,2026-02-25T05:46:13.616Z
mm1m2vowux5zvg2jn,000526,学大教育,2026-02-09,1,38.680,38.340,38.690,38.150,1433900,54975726,4565000000,1.20,,,2026-02-25T05:46:13.616Z
mm1m2vowvkivmvnr4,000526,学大教育,2026-02-10,1,38.330,38.660,38.660,38.160,1288700,49821142,4565000000,1.09,,,2026-02-25T05:46:13.616Z
mm1m2vowl73qzi7h2,000526,学大教育,2026-02-11,1,38.590,38.070,38.590,38.030,1441400,54874098,4565000000,1.20,,,2026-02-25T05:46:13.616Z
mm1m2vowxbmgg09gu,000526,学大教育,2026-02-12,1,38.140,37.720,38.180,37.610,1336300,50405236,4565000000,1.10,,,2026-02-25T05:46:13.616Z
mm1m2vowzjxbephrp,000526,学大教育,2026-02-13,1,37.720,37.500,37.920,37.490,932400,34965000,4565000000,0.77,,,2026-02-25T05:46:13.616Z
mm1m2vowrgiz4fs9l,000526,学大教育,2026-02-24,1,37.910,37.770,38.030,37.250,979700,37003269,4565000000,0.81,,,2026-02-25T05:46:13.616Z
mm25qw03jrauanwi8,000526,学大教育,2026-02-25,1,37.770,37.460,37.920,37.400,1389300,52043178,4565000000,1.14,,,2026-02-25T14:56:46.467Z
mm1m2w7fk4tb075wq,688234,天岳先进,2026-01-06,1,88.990,89.860,92.000,87.500,9619634.000,864420311,46194000000,1.87,,,2026-02-25T05:46:14.283Z
mm1m2w7fs3zq6jwa8,688234,天岳先进,2026-01-07,1,91.010,94.050,95.490,89.400,12315956.000,1158315662,46194000000,2.51,,,2026-02-25T05:46:14.283Z
mm1m2w7fy6cl6m4x1,688234,天岳先进,2026-01-08,1,94.050,92.340,94.930,91.240,8356453.000,771634870,46194000000,1.67,,,2026-02-25T05:46:14.283Z
mm1m2w7f5foxgorix,688234,天岳先进,2026-01-09,1,92.300,92.950,94.300,90.890,8958676.000,832708934,46194000000,1.80,,,2026-02-25T05:46:14.283Z
mm1m2w7f47rpswjxq,688234,天岳先进,2026-01-12,1,93.250,96.000,97.600,91.850,11187889.000,1074037344,46194000000,2.33,,,2026-02-25T05:46:14.283Z
mm1m2w7fkh33xlhwj,688234,天岳先进,2026-01-13,1,96.000,90.800,96.000,90.500,8395992.000,762356074,46194000000,1.65,,,2026-02-25T05:46:14.283Z
mm1m2w7fy0x8kew42,688234,天岳先进,2026-01-14,1,90.910,91.490,94.760,90.100,10833177.000,991127364,46194000000,2.15,,,2026-02-25T05:46:14.283Z
mm1m2w7fbi6i9b6m8,688234,天岳先进,2026-01-15,1,91.950,92.660,96.480,90.300,9721420.000,900786777,46194000000,1.95,,,2026-02-25T05:46:14.283Z
mm1m2w7fapoejgs5u,688234,天岳先进,2026-01-16,1,96.300,111.190,111.190,96.300,21346892.000,2373560921,46194000000,5.14,,,2026-02-25T05:46:14.283Z
mm1m2w7flc5zk3vhn,688234,天岳先进,2026-01-19,1,111.300,109.430,112.500,103.550,24438409.000,2674295097,46194000000,5.79,,,2026-02-25T05:46:14.283Z
mm1m2w7f0tbmmw9an,688234,天岳先进,2026-01-20,1,109.000,109.600,114.940,107.680,18060963.000,1979481545,46194000000,4.29,,,2026-02-25T05:46:14.283Z
mm1m2w7fnjqksynrf,688234,天岳先进,2026-01-21,1,107.300,114.640,116.360,104.000,17824723.000,2043426245,46194000000,4.42,,,2026-02-25T05:46:14.283Z
mm1m2w7frzsce2hnw,688234,天岳先进,2026-01-22,1,113.000,111.580,114.500,107.180,13890079.000,1549855015,46194000000,3.36,,,2026-02-25T05:46:14.283Z
mm1m2w7fq6jcay16l,688234,天岳先进,2026-01-23,1,111.000,111.900,113.840,108.500,10622127.000,1188616011,46194000000,2.57,,,2026-02-25T05:46:14.283Z
mm1m2w7fxda627qyw,688234,天岳先进,2026-01-26,1,110.800,101.270,111.500,100.720,16668559.000,1688024970,46194000000,3.65,,,2026-02-25T05:46:14.283Z
mm1m2w7fub1y4il9b,688234,天岳先进,2026-01-27,1,98.100,96.870,99.330,92.320,16353163.000,1584130900,46194000000,3.43,,,2026-02-25T05:46:14.283Z
mm1m2w7fkmf0qs4t5,688234,天岳先进,2026-01-28,1,96.500,95.740,97.880,93.850,9479540.000,907571160,46194000000,1.96,,,2026-02-25T05:46:14.283Z
mm1m2w7f1ftstioih,688234,天岳先进,2026-01-29,1,95.500,89.310,96.810,89.000,13227219.000,1181322929,46194000000,2.56,,,2026-02-25T05:46:14.283Z
mm1m2w7fhvsamd4q2,688234,天岳先进,2026-01-30,1,90.500,87.220,90.500,85.600,8378080.000,730736138,46194000000,1.58,,,2026-02-25T05:46:14.283Z
mm1m2w7f9gpq9w74l,688234,天岳先进,2026-02-02,1,86.710,83.940,87.570,83.910,8192710.000,687696077,46194000000,1.49,,,2026-02-25T05:46:14.283Z
mm1m2w7fpkxsvblwh,688234,天岳先进,2026-02-03,1,85.940,89.990,90.770,84.550,11020555.000,991739744,46194000000,2.15,,,2026-02-25T05:46:14.283Z
mm1m2w7famjaierag,688234,天岳先进,2026-02-04,1,89.030,91.080,91.130,87.860,6872644.000,625960416,46194000000,1.36,,,2026-02-25T05:46:14.283Z
mm1m2w7ftw0xhoga4,688234,天岳先进,2026-02-05,1,89.330,93.580,94.970,88.090,10522555.000,984700697,46194000000,2.13,,,2026-02-25T05:46:14.283Z
mm1m2w7fkgtsuq71v,688234,天岳先进,2026-02-06,1,92.100,93.180,97.270,91.000,6769265.000,630760113,46194000000,1.37,,,2026-02-25T05:46:14.283Z
mm1m2w7fftmi2uao0,688234,天岳先进,2026-02-09,1,95.010,96.490,98.990,94.670,7601075.000,733427727,46194000000,1.59,,,2026-02-25T05:46:14.283Z
mm1m2w7frzza0tdtu,688234,天岳先进,2026-02-10,1,96.520,94.290,97.560,94.010,5241090.000,494182376,46194000000,1.07,,,2026-02-25T05:46:14.283Z
mm1m2w7fj7j8onj5o,688234,天岳先进,2026-02-11,1,94.290,92.190,95.000,91.910,3646158.000,336139306,46194000000,0.73,,,2026-02-25T05:46:14.283Z
mm1m2w7f4kid5n0oi,688234,天岳先进,2026-02-12,1,93.000,92.600,93.880,92.010,3891258.000,360330491,46194000000,0.78,,,2026-02-25T05:46:14.283Z
mm1m2w7f8l32wzimt,688234,天岳先进,2026-02-13,1,92.280,91.240,94.400,91.240,3998650.000,364836826,46194000000,0.79,,,2026-02-25T05:46:14.283Z
mm1m2w7ffgx5r9u32,688234,天岳先进,2026-02-24,1,92.590,94.220,96.400,91.500,6117047.000,576348168,46194000000,1.25,,,2026-02-25T05:46:14.283Z
mm25qwib79xgh6jpb,688234,天岳先进,2026-02-25,1,94.890,95.320,96.660,94.220,5588921,532735950,46194000000,1.15,,,2026-02-25T14:56:47.123Z
mm1m2xpf873uat1j0,002315,焦点科技,2026-01-06,1,48.000,48.220,48.550,46.990,10834800,522454056,14291000000,3.66,,,2026-02-25T05:46:16.227Z
mm1m2xpfanjszkn26,002315,焦点科技,2026-01-07,1,48.000,47.450,48.430,47.320,5512200,261553890,14291000000,1.83,,,2026-02-25T05:46:16.227Z
mm1m2xpf9fuqevrky,002315,焦点科技,2026-01-08,1,47.300,48.680,49.880,47.060,9390300,457119804,14291000000,3.20,,,2026-02-25T05:46:16.227Z
mm1m2xpf0jz7m03u7,002315,焦点科技,2026-01-09,1,48.410,53.270,53.550,48.410,22513100,1199272837,14291000000,8.39,,,2026-02-25T05:46:16.227Z
mm1m2xpfzb007c3tc,002315,焦点科技,2026-01-12,1,54.900,58.300,58.600,54.700,36350300,2119222490,14291000000,14.83,,,2026-02-25T05:46:16.227Z
mm1m2xpfmpiigc0ly,002315,焦点科技,2026-01-13,1,58.740,57.700,60.770,56.350,28822900,1663081330,14291000000,11.64,,,2026-02-25T05:46:16.227Z
mm1m2xpf82c5o7dkk,002315,焦点科技,2026-01-14,1,56.520,61.220,63.470,56.490,31933400,1954962748,14291000000,13.68,,,2026-02-25T05:46:16.227Z
mm1m2xpfej06ovllj,002315,焦点科技,2026-01-15,1,60.120,57.230,60.300,56.000,26140900,1496043707,14291000000,10.47,,,2026-02-25T05:46:16.227Z
mm1m2xpfl5o6wwq9m,002315,焦点科技,2026-01-16,1,56.610,56.690,58.650,54.850,17407800,986848182,14291000000,6.91,,,2026-02-25T05:46:16.227Z
mm1m2xpf7k5lkkh8a,002315,焦点科技,2026-01-19,1,56.200,54.060,57.250,53.800,14147000,764786820,14291000000,5.35,,,2026-02-25T05:46:16.227Z
mm1m2xpfio42vluiw,002315,焦点科技,2026-01-20,1,54.490,53.600,54.780,53.090,9025600,483772160,14291000000,3.39,,,2026-02-25T05:46:16.227Z
mm1m2xpfh3egpg72z,002315,焦点科技,2026-01-21,1,53.220,52.930,54.200,52.400,10025100,530628543,14291000000,3.71,,,2026-02-25T05:46:16.227Z
mm1m2xpf7h83w2crw,002315,焦点科技,2026-01-22,1,52.970,53.000,54.680,52.670,9039800,479109400,14291000000,3.35,,,2026-02-25T05:46:16.227Z
mm1m2xpfkbr6zzjtt,002315,焦点科技,2026-01-23,1,53.230,53.720,54.430,52.900,10126500,543995580,14291000000,3.81,,,2026-02-25T05:46:16.227Z
mm1m2xpfv2ip2dvuy,002315,焦点科技,2026-01-26,1,54.290,53.460,56.150,52.630,12630000,675199800,14291000000,4.72,,,2026-02-25T05:46:16.227Z
mm1m2xpfuqzz1swvc,002315,焦点科技,2026-01-27,1,53.410,53.830,54.830,52.500,8862600,477073758,14291000000,3.34,,,2026-02-25T05:46:16.227Z
mm1m2xpfurtupu9eu,002315,焦点科技,2026-01-28,1,53.500,52.080,54.070,51.920,9561800,497978544,14291000000,3.48,,,2026-02-25T05:46:16.227Z
mm1m2xpfzya637reu,002315,焦点科技,2026-01-29,1,51.650,52.740,55.450,51.110,14115500,744451470,14291000000,5.21,,,2026-02-25T05:46:16.227Z
mm1m2xpfwhl1rm5s7,002315,焦点科技,2026-01-30,1,52.300,51.950,52.430,50.710,8595600,446541420,14291000000,3.12,,,2026-02-25T05:46:16.227Z
mm1m2xpfo72pezsqy,002315,焦点科技,2026-02-02,1,51.590,50.050,52.590,50.000,6380900,319364045,14291000000,2.23,,,2026-02-25T05:46:16.227Z
mm1m2xpfa0n1d7tzu,002315,焦点科技,2026-02-03,1,50.900,51.560,51.680,50.020,6982500,360017700,14291000000,2.52,,,2026-02-25T05:46:16.227Z
mm1m2xpfpgntzfyht,002315,焦点科技,2026-02-04,1,51.100,48.320,51.210,47.380,15651000,756256320,14291000000,5.29,,,2026-02-25T05:46:16.227Z
mm1m2xpfir10surrj,002315,焦点科技,2026-02-05,1,47.750,47.800,48.560,47.620,7501200,358557360,14291000000,2.51,,,2026-02-25T05:46:16.227Z
mm1m2xpfs1o7nrmsu,002315,焦点科技,2026-02-06,1,47.480,47.220,48.250,46.570,6189600,292272912,14291000000,2.05,,,2026-02-25T05:46:16.227Z
mm1m2xpf8klvedrqz,002315,焦点科技,2026-02-09,1,48.140,48.600,48.870,47.580,8378500,407195100,14291000000,2.85,,,2026-02-25T05:46:16.227Z
mm1m2xpfugctlonn1,002315,焦点科技,2026-02-10,1,48.930,49.440,49.980,48.210,10381600,513266304,14291000000,3.59,,,2026-02-25T05:46:16.227Z
mm1m2xpfkmrm0lc05,002315,焦点科技,2026-02-11,1,49.170,48.670,49.540,48.520,5615800,273320986,14291000000,1.91,,,2026-02-25T05:46:16.227Z
mm1m2xpf6g597rfj5,002315,焦点科技,2026-02-12,1,48.660,49.210,49.790,48.400,6096200,299994002,14291000000,2.10,,,2026-02-25T05:46:16.227Z
mm1m2xpfst3g8qryu,002315,焦点科技,2026-02-13,1,48.800,47.740,49.380,47.660,7908800,377566112,14291000000,2.64,,,2026-02-25T05:46:16.227Z
mm1m2xpfwxifaza8l,002315,焦点科技,2026-02-24,1,48.180,44.840,48.210,44.750,15987800,716892952,14291000000,5.02,,,2026-02-25T05:46:16.227Z
mm25qy0jkt9ixddp9,002315,焦点科技,2026-02-25,1,44.920,45.050,45.360,44.800,6491000,292419550,14291000000,2.05,,,2026-02-25T14:56:49.074Z
mm1m2y8bibbilstb3,688083,中望软件,2026-01-06,1,69.850,69.850,70.310,69.100,2072325.000,144751901,11205000000,1.29,,,2026-02-25T05:46:16.907Z
mm1m2y8bdr2osoev1,688083,中望软件,2026-01-07,1,69.930,70.020,70.690,69.010,1966009.000,137659950,11205000000,1.23,,,2026-02-25T05:46:16.907Z
mm1m2y8bax92d36uf,688083,中望软件,2026-01-08,1,72.500,71.800,73.770,71.130,4362619.000,313236044,11205000000,2.80,,,2026-02-25T05:46:16.907Z
mm1m2y8bo9862ahni,688083,中望软件,2026-01-09,1,71.730,74.200,74.780,71.300,4629289.000,343493244,11205000000,3.07,,,2026-02-25T05:46:16.907Z
mm1m2y8bzl7vsme9z,688083,中望软件,2026-01-12,1,74.910,82.000,82.530,74.000,7216269.000,591734058,11205000000,5.28,,,2026-02-25T05:46:16.907Z
mm1m2y8b3s1tq7xnp,688083,中望软件,2026-01-13,1,82.130,79.000,82.510,78.150,6070568.000,479574872,11205000000,4.28,,,2026-02-25T05:46:16.907Z
mm1m2y8b8gg6e6rbc,688083,中望软件,2026-01-14,1,81.500,79.380,83.590,77.310,6577313.000,522107106,11205000000,4.66,,,2026-02-25T05:46:16.907Z
mm1m2y8bp7ygaxb09,688083,中望软件,2026-01-15,1,78.040,77.370,78.570,76.030,3948200.000,305472234,11205000000,2.73,,,2026-02-25T05:46:16.907Z
mm1m2y8bsc273uivq,688083,中望软件,2026-01-16,1,77.350,77.420,78.480,76.520,3365364.000,260546481,11205000000,2.33,,,2026-02-25T05:46:16.907Z
mm1m2y8b48j51d9e0,688083,中望软件,2026-01-19,1,77.000,75.520,77.530,75.330,2686405.000,202877306,11205000000,1.81,,,2026-02-25T05:46:16.907Z
mm1m2y8b1o3ct8nou,688083,中望软件,2026-01-20,1,75.780,73.860,76.200,73.000,2648852.000,195644209,11205000000,1.75,,,2026-02-25T05:46:16.907Z
mm1m2y8brtffz9vpk,688083,中望软件,2026-01-21,1,73.090,74.710,76.200,73.090,2160686.000,161424851,11205000000,1.44,,,2026-02-25T05:46:16.907Z
mm1m2y8b2l1mkuf1u,688083,中望软件,2026-01-22,1,75.290,74.390,75.910,74.010,2005491.000,149188475,11205000000,1.33,,,2026-02-25T05:46:16.907Z
mm1m2y8be8e94flvt,688083,中望软件,2026-01-23,1,74.520,75.220,75.880,74.330,2017209.000,151734461,11205000000,1.35,,,2026-02-25T05:46:16.907Z
mm1m2y8bmlmx31f87,688083,中望软件,2026-01-26,1,75.390,72.850,75.590,72.070,4442597.000,323643191,11205000000,2.89,,,2026-02-25T05:46:16.907Z
mm1m2y8byniukxa2r,688083,中望软件,2026-01-27,1,72.780,73.700,73.910,71.050,2437180.000,179620166,11205000000,1.60,,,2026-02-25T05:46:16.907Z
mm1m2y8b7z18upcts,688083,中望软件,2026-01-28,1,73.750,72.430,74.380,71.880,2600519.000,188355591,11205000000,1.68,,,2026-02-25T05:46:16.907Z
mm1m2y8bogcq45bba,688083,中望软件,2026-01-29,1,72.320,71.700,73.980,70.770,3365748.000,241324132,11205000000,2.15,,,2026-02-25T05:46:16.907Z
mm1m2y8b7o2pob3ie,688083,中望软件,2026-01-30,1,71.540,69.180,71.990,69.010,3482860.000,240944255,11205000000,2.15,,,2026-02-25T05:46:16.907Z
mm1m2y8bewb3bquj4,688083,中望软件,2026-02-02,1,68.950,67.770,69.870,67.670,2595369.000,175888157,11205000000,1.57,,,2026-02-25T05:46:16.907Z
mm1m2y8b5mxl4jjzu,688083,中望软件,2026-02-03,1,68.100,68.840,68.960,67.520,1598099.000,110013135,11205000000,0.98,,,2026-02-25T05:46:16.907Z
mm1m2y8bg7d6d1kve,688083,中望软件,2026-02-04,1,68.340,66.790,68.820,66.100,2948121.000,196905002,11205000000,1.76,,,2026-02-25T05:46:16.907Z
mm1m2y8bg7jo7ujml,688083,中望软件,2026-02-05,1,66.200,66.990,67.760,65.860,2706438.000,181304282,11205000000,1.62,,,2026-02-25T05:46:16.907Z
mm1m2y8b5mzm5a9d8,688083,中望软件,2026-02-06,1,66.500,67.010,68.410,65.800,1913647.000,128233485,11205000000,1.14,,,2026-02-25T05:46:16.907Z
mm1m2y8bedc4gc62o,688083,中望软件,2026-02-09,1,67.770,67.950,68.310,67.300,1603919.000,108986296,11205000000,0.97,,,2026-02-25T05:46:16.907Z
mm1m2y8brxvaewtc5,688083,中望软件,2026-02-10,1,68.000,68.210,68.780,67.540,1329388.000,90677555,11205000000,0.81,,,2026-02-25T05:46:16.907Z
mm1m2y8bil03j1gs4,688083,中望软件,2026-02-11,1,68.110,68.970,69.530,67.920,1662505.000,114662970,11205000000,1.02,,,2026-02-25T05:46:16.907Z
mm1m2y8bo3bdd29ns,688083,中望软件,2026-02-12,1,69.090,68.860,69.180,68.100,1423283.000,98007267,11205000000,0.87,,,2026-02-25T05:46:16.907Z
mm1m2y8baadp2pzhd,688083,中望软件,2026-02-13,1,68.300,68.050,69.500,68.050,1256201.000,85484478,11205000000,0.76,,,2026-02-25T05:46:16.907Z
mm1m2y8bqoz4k63q2,688083,中望软件,2026-02-24,1,68.390,66.430,68.450,66.130,2289976.000,152123106,11205000000,1.36,,,2026-02-25T05:46:16.907Z
mm25qyjcnswxk5h2d,688083,中望软件,2026-02-25,1,66.460,66.050,66.980,65.880,2595286,171418640,11205000000,1.53,,,2026-02-25T14:56:49.751Z
mm1m2yqohvf5rn4yn,002236,大华股份,2026-01-06,1,19.250,19.400,19.460,19.210,54107200,1049679680,62514000000,1.68,,,2026-02-25T05:46:17.568Z
mm1m2yqov6cxlkdsr,002236,大华股份,2026-01-07,1,19.410,19.370,19.720,19.250,65760000,1273771200,62514000000,2.04,,,2026-02-25T05:46:17.568Z
mm1m2yqodyurse3vv,002236,大华股份,2026-01-08,1,19.330,19.290,19.440,19.150,51309700,989764113,62514000000,1.58,,,2026-02-25T05:46:17.568Z
mm1m2yqooc4f9oytn,002236,大华股份,2026-01-09,1,19.180,19.680,19.680,19.170,61369300,1207747824,62514000000,1.93,,,2026-02-25T05:46:17.568Z
mm1m2yqop951ewk3w,002236,大华股份,2026-01-12,1,19.880,20.610,20.670,19.870,1144828.000,23594905,62514000000,0.04,,,2026-02-25T05:46:17.568Z
mm1m2yqox6u9x7mef,002236,大华股份,2026-01-13,1,20.880,20.090,20.960,19.990,99770300,2004385327,62514000000,3.21,,,2026-02-25T05:46:17.568Z
mm1m2yqo3yf5flt57,002236,大华股份,2026-01-14,1,20.100,20.400,20.810,20.090,1072575.000,21880530,62514000000,0.04,,,2026-02-25T05:46:17.568Z
mm1m2yqodkyhfpxwk,002236,大华股份,2026-01-15,1,20.200,20.400,20.590,20.180,56023900,1142887560,62514000000,1.83,,,2026-02-25T05:46:17.568Z
mm1m2yqo4uhrc3a7m,002236,大华股份,2026-01-16,1,20.520,20.480,20.670,20.080,71716900,1468762112,62514000000,2.35,,,2026-02-25T05:46:17.568Z
mm1m2yqo7dk29jts9,002236,大华股份,2026-01-19,1,20.480,20.320,20.690,20.280,48976600,995204512,62514000000,1.59,,,2026-02-25T05:46:17.568Z
mm1m2yqodagk8gy47,002236,大华股份,2026-01-20,1,20.350,20.100,20.480,19.930,51881200,1042812120,62514000000,1.67,,,2026-02-25T05:46:17.568Z
mm1m2yqolrxnvyn1g,002236,大华股份,2026-01-21,1,20.150,20.950,21.400,20.150,1330848.000,27881266,62514000000,0.04,,,2026-02-25T05:46:17.568Z
mm1m2yqol55euxgu8,002236,大华股份,2026-01-22,1,21.000,20.760,21.160,20.720,63473400,1317707784,62514000000,2.11,,,2026-02-25T05:46:17.568Z
mm1m2yqocwktcsigb,002236,大华股份,2026-01-23,1,20.760,20.950,20.950,20.660,61030500,1278588975,62514000000,2.05,,,2026-02-25T05:46:17.568Z
mm1m2yqo7zlmsarez,002236,大华股份,2026-01-26,1,20.880,20.170,20.880,20.060,97844800,1973529616,62514000000,3.16,,,2026-02-25T05:46:17.568Z
mm1m2yqoddgt0qskb,002236,大华股份,2026-01-27,1,20.100,19.940,20.200,19.570,68117000,1358252980,62514000000,2.17,,,2026-02-25T05:46:17.568Z
mm1m2yqo4wf5qetrd,002236,大华股份,2026-01-28,1,19.900,19.750,20.090,19.700,50232300,992087925,62514000000,1.59,,,2026-02-25T05:46:17.568Z
mm1m2yqouy3kfpzfi,002236,大华股份,2026-01-29,1,19.650,19.380,19.820,19.260,62709800,1215315924,62514000000,1.94,,,2026-02-25T05:46:17.568Z
mm1m2yqo925s3utqu,002236,大华股份,2026-01-30,1,19.280,18.960,19.340,18.600,60467900,1146471384,62514000000,1.83,,,2026-02-25T05:46:17.568Z
mm1m2yqos5wq4il3x,002236,大华股份,2026-02-02,1,18.850,18.420,18.980,18.410,55885200,1029405384,62514000000,1.65,,,2026-02-25T05:46:17.568Z
mm1m2yqol37cruv49,002236,大华股份,2026-02-03,1,18.630,18.660,18.700,18.320,55655400,1038529764,62514000000,1.66,,,2026-02-25T05:46:17.568Z
mm1m2yqow6yktw368,002236,大华股份,2026-02-04,1,18.580,18.710,18.720,18.460,38481800,719994478,62514000000,1.15,,,2026-02-25T05:46:17.568Z
mm1m2yqo91arxrf97,002236,大华股份,2026-02-05,1,18.580,18.580,18.790,18.510,35649700,662371426,62514000000,1.06,,,2026-02-25T05:46:17.568Z
mm1m2yqoyo14qwcm8,002236,大华股份,2026-02-06,1,18.400,18.480,18.630,18.280,37015800,684051984,62514000000,1.09,,,2026-02-25T05:46:17.568Z
mm1m2yqo32qile38q,002236,大华股份,2026-02-09,1,18.700,18.700,18.740,18.530,36399700,680674390,62514000000,1.09,,,2026-02-25T05:46:17.568Z
mm1m2yqodhle5k0i8,002236,大华股份,2026-02-10,1,18.700,18.910,19.030,18.670,42638000,806284580,62514000000,1.29,,,2026-02-25T05:46:17.568Z
mm1m2yqosd5lcrh2u,002236,大华股份,2026-02-11,1,18.930,18.870,18.990,18.840,29354500,553919415,62514000000,0.89,,,2026-02-25T05:46:17.568Z
mm1m2yqo8iixe2ker,002236,大华股份,2026-02-12,1,18.920,19.020,19.050,18.790,30952600,588718452,62514000000,0.94,,,2026-02-25T05:46:17.568Z
mm1m2yqoet5pnldmn,002236,大华股份,2026-02-13,1,18.900,18.920,19.100,18.860,30419200,575531264,62514000000,0.92,,,2026-02-25T05:46:17.568Z
mm1m2yqon8gr9uj7z,002236,大华股份,2026-02-24,1,19.100,19.090,19.210,18.980,33379900,637222291,62514000000,1.02,,,2026-02-25T05:46:17.568Z
mm25qz1l514wvz9yr,002236,大华股份,2026-02-25,1,19.080,19.020,19.230,18.960,43678100,830757462,62514000000,1.33,,,2026-02-25T14:56:50.408Z
mm1m30926nlbpg0a8,300624,万兴科技,2026-01-06,1,73.690,74.350,74.900,73.110,14234800,1058357380,16395000000,6.46,,,2026-02-25T05:46:19.526Z
mm1m3092q0vpjqd0m,300624,万兴科技,2026-01-07,1,73.750,73.720,76.490,73.350,14100700,1039503604,16395000000,6.34,,,2026-02-25T05:46:19.526Z
mm1m3092r3mum0cgs,300624,万兴科技,2026-01-08,1,74.000,75.390,77.550,73.170,16060300,1210786017,16395000000,7.39,,,2026-02-25T05:46:19.526Z
mm1m3092qx7shiifd,300624,万兴科技,2026-01-09,1,74.720,82.550,82.550,74.580,28456200,2349059310,16395000000,14.33,,,2026-02-25T05:46:19.526Z
mm1m3092b3pziu398,300624,万兴科技,2026-01-12,1,85.730,99.060,99.060,84.100,40841400,4045749084,16395000000,24.68,,,2026-02-25T05:46:19.526Z
mm1m3092t5181v2ff,300624,万兴科技,2026-01-13,1,109.000,105.110,114.270,105.000,53206700,5592556237,16395000000,34.11,,,2026-02-25T05:46:19.526Z
mm1m3092plgqrwrlw,300624,万兴科技,2026-01-14,1,105.110,109.820,122.800,105.110,48917800,5372152796,16395000000,32.77,,,2026-02-25T05:46:19.526Z
mm1m3092xe63ym1oe,300624,万兴科技,2026-01-15,1,107.110,104.600,108.990,102.850,31492500,3294115500,16395000000,20.09,,,2026-02-25T05:46:19.526Z
mm1m30926n39kr7fu,300624,万兴科技,2026-01-16,1,103.020,98.760,107.900,97.700,23735600,2344127856,16395000000,14.30,,,2026-02-25T05:46:19.526Z
mm1m3092r6wa305ox,300624,万兴科技,2026-01-19,1,98.760,94.900,99.800,93.960,18284600,1735208540,16395000000,10.58,,,2026-02-25T05:46:19.526Z
mm1m3092sbpid8byv,300624,万兴科技,2026-01-20,1,96.400,92.940,97.670,91.670,14691800,1365455892,16395000000,8.33,,,2026-02-25T05:46:19.526Z
mm1m3092orrcgclbl,300624,万兴科技,2026-01-21,1,92.030,91.500,94.550,90.800,12353800,1130372700,16395000000,6.89,,,2026-02-25T05:46:19.526Z
mm1m3092iunt0n6pn,300624,万兴科技,2026-01-22,1,91.810,93.410,97.040,90.580,16563900,1547233899,16395000000,9.44,,,2026-02-25T05:46:19.526Z
mm1m3092qp9q83v91,300624,万兴科技,2026-01-23,1,93.430,94.290,96.130,92.410,17212800,1622994912,16395000000,9.90,,,2026-02-25T05:46:19.526Z
mm1m3092czmk0v5e4,300624,万兴科技,2026-01-26,1,95.000,91.110,96.240,89.920,13578800,1237164468,16395000000,7.55,,,2026-02-25T05:46:19.526Z
mm1m3092k6d3169z9,300624,万兴科技,2026-01-27,1,91.830,91.450,92.800,88.000,12208300,1116449035,16395000000,6.81,,,2026-02-25T05:46:19.526Z
mm1m3092p17mlpc24,300624,万兴科技,2026-01-28,1,92.050,89.800,92.720,89.450,10696300,960527740,16395000000,5.86,,,2026-02-25T05:46:19.526Z
mm1m3092w8jvkwxu9,300624,万兴科技,2026-01-29,1,88.280,93.070,98.800,88.280,23907800,2225098946,16395000000,13.57,,,2026-02-25T05:46:19.526Z
mm1m30927n5dvbl9q,300624,万兴科技,2026-01-30,1,92.020,93.350,95.590,91.000,17021100,1588919685,16395000000,9.69,,,2026-02-25T05:46:19.526Z
mm1m3092dl0zysezz,300624,万兴科技,2026-02-02,1,93.000,88.750,94.890,88.700,13272500,1177934375,16395000000,7.18,,,2026-02-25T05:46:19.526Z
mm1m3092z8eg6y19b,300624,万兴科技,2026-02-03,1,90.580,91.660,92.750,88.820,11383500,1043411610,16395000000,6.36,,,2026-02-25T05:46:19.526Z
mm1m30927q1hct5dl,300624,万兴科技,2026-02-04,1,90.660,92.250,96.320,90.010,16638800,1534929300,16395000000,9.36,,,2026-02-25T05:46:19.526Z
mm1m3092jbqbf96gw,300624,万兴科技,2026-02-05,1,90.000,89.200,92.600,88.710,11029400,983822480,16395000000,6.00,,,2026-02-25T05:46:19.526Z
mm1m30921o3lsh4dp,300624,万兴科技,2026-02-06,1,88.500,86.360,89.370,85.400,10193800,880336568,16395000000,5.37,,,2026-02-25T05:46:19.526Z
mm1m3092846cmmqxl,300624,万兴科技,2026-02-09,1,92.480,96.600,99.720,89.770,26345300,2544955980,16395000000,15.52,,,2026-02-25T05:46:19.526Z
mm1m3092mdvlwrjze,300624,万兴科技,2026-02-10,1,97.740,102.010,107.440,95.430,43588900,4446503689,16395000000,27.12,,,2026-02-25T05:46:19.526Z
mm1m3092ucgsksva1,300624,万兴科技,2026-02-11,1,102.030,94.650,102.180,93.680,28633600,2710170240,16395000000,16.53,,,2026-02-25T05:46:19.526Z
mm1m3092fkzlud6rv,300624,万兴科技,2026-02-12,1,94.660,99.300,101.990,91.700,28775600,2857417080,16395000000,17.43,,,2026-02-25T05:46:19.526Z
mm1m30923v3cud1y0,300624,万兴科技,2026-02-13,1,98.000,95.080,99.140,95.030,19782100,1880882068,16395000000,11.47,,,2026-02-25T05:46:19.526Z
mm1m3092uzr9v7xxx,300624,万兴科技,2026-02-24,1,95.480,85.170,95.520,84.700,23572600,2007678342,16395000000,12.25,,,2026-02-25T05:46:19.526Z
mm25r0k5hd6pufpz8,300624,万兴科技,2026-02-25,1,85.690,84.800,86.300,84.210,12406100,1052037280,16395000000,6.42,,,2026-02-25T14:56:52.373Z
mm1m30rc2sw6v1384,300378,鼎捷数智,2026-01-06,1,48.100,48.440,48.480,46.900,20129100,975053604,12752000000,7.65,,,2026-02-25T05:46:20.184Z
mm1m30rc7h9eiuk56,300378,鼎捷数智,2026-01-07,1,48.000,47.460,48.530,47.010,14081000,668284260,12752000000,5.24,,,2026-02-25T05:46:20.184Z
mm1m30rcap4sn6461,300378,鼎捷数智,2026-01-08,1,49.690,50.350,52.640,48.200,40664300,2047447505,12752000000,16.06,,,2026-02-25T05:46:20.184Z
mm1m30rccphmjwz1c,300378,鼎捷数智,2026-01-09,1,49.230,53.680,54.000,49.180,43620200,2341532336,12752000000,18.36,,,2026-02-25T05:46:20.184Z
mm1m30rc7irmm6afk,300378,鼎捷数智,2026-01-12,1,54.720,62.690,64.380,54.480,54111100,3392224859,12752000000,26.60,,,2026-02-25T05:46:20.184Z
mm1m30rc6c5r5qn2a,300378,鼎捷数智,2026-01-13,1,67.010,63.030,70.800,62.890,64121800,4041597054,12752000000,31.69,,,2026-02-25T05:46:20.184Z
mm1m30rcvuxxiiqxm,300378,鼎捷数智,2026-01-14,1,63.570,64.770,71.780,63.040,56792900,3678476133,12752000000,28.85,,,2026-02-25T05:46:20.184Z
mm1m30rcrbn917wxl,300378,鼎捷数智,2026-01-15,1,62.780,64.850,67.100,61.390,36685500,2379054675,12752000000,18.66,,,2026-02-25T05:46:20.184Z
mm1m30rc9h9dphqye,300378,鼎捷数智,2026-01-16,1,62.930,62.130,69.760,62.080,40900900,2541172917,12752000000,19.93,,,2026-02-25T05:46:20.184Z
mm1m30rctkussm1wt,300378,鼎捷数智,2026-01-19,1,60.290,59.540,61.690,58.920,31298400,1863506736,12752000000,14.61,,,2026-02-25T05:46:20.184Z
mm1m30rcakpxa2kjl,300378,鼎捷数智,2026-01-20,1,59.860,57.720,60.870,56.880,21776000,1256910720,12752000000,9.86,,,2026-02-25T05:46:20.184Z
mm1m30rcr9pdusng0,300378,鼎捷数智,2026-01-21,1,56.730,57.590,60.550,56.720,17429200,1003747628,12752000000,7.87,,,2026-02-25T05:46:20.184Z
mm1m30rclaa2wzkg9,300378,鼎捷数智,2026-01-22,1,57.720,57.290,58.990,56.310,16876600,966860414,12752000000,7.58,,,2026-02-25T05:46:20.184Z
mm1m30rccvkofhgv4,300378,鼎捷数智,2026-01-23,1,57.690,59.510,60.720,57.180,24514900,1458881699,12752000000,11.44,,,2026-02-25T05:46:20.184Z
mm1m30rcv1dm46pfp,300378,鼎捷数智,2026-01-26,1,59.520,57.560,60.270,56.710,17019500,979642420,12752000000,7.68,,,2026-02-25T05:46:20.184Z
mm1m30rcuuhpicppw,300378,鼎捷数智,2026-01-27,1,57.910,58.810,59.820,55.550,17956600,1056027646,12752000000,8.28,,,2026-02-25T05:46:20.184Z
mm1m30rcye9ksrauw,300378,鼎捷数智,2026-01-28,1,58.820,56.420,59.800,56.360,18222200,1028096524,12752000000,8.06,,,2026-02-25T05:46:20.184Z
mm1m30rcr4s166x5g,300378,鼎捷数智,2026-01-29,1,56.220,57.060,60.500,55.450,25091600,1431726696,12752000000,11.23,,,2026-02-25T05:46:20.184Z
mm1m30rc0g3ps54ex,300378,鼎捷数智,2026-01-30,1,56.420,55.150,56.970,54.220,17249900,951331985,12752000000,7.46,,,2026-02-25T05:46:20.184Z
mm1m30rcfxycpd9aj,300378,鼎捷数智,2026-02-02,1,55.340,52.720,56.580,52.610,15338600,808650992,12752000000,6.34,,,2026-02-25T05:46:20.184Z
mm1m30rcmoptzfk38,300378,鼎捷数智,2026-02-03,1,53.200,53.720,53.730,52.060,13588800,729990336,12752000000,5.72,,,2026-02-25T05:46:20.184Z
mm1m30rc913aiaglf,300378,鼎捷数智,2026-02-04,1,52.260,50.240,53.090,49.900,23183300,1164728992,12752000000,9.13,,,2026-02-25T05:46:20.184Z
mm1m30rcamz2c5afh,300378,鼎捷数智,2026-02-05,1,49.500,49.270,50.260,49.000,11128100,548281487,12752000000,4.30,,,2026-02-25T05:46:20.184Z
mm1m30rce3iuqyynr,300378,鼎捷数智,2026-02-06,1,48.990,48.170,49.480,47.930,12311400,593040138,12752000000,4.65,,,2026-02-25T05:46:20.184Z
mm1m30rckdk2m01sa,300378,鼎捷数智,2026-02-09,1,49.160,49.570,49.800,48.200,13538900,671123273,12752000000,5.26,,,2026-02-25T05:46:20.184Z
mm1m30rcjft8u1jkx,300378,鼎捷数智,2026-02-10,1,49.750,49.950,50.390,48.820,14686900,733610655,12752000000,5.75,,,2026-02-25T05:46:20.184Z
mm1m30rccngbsv80n,300378,鼎捷数智,2026-02-11,1,49.880,49.160,50.300,49.010,10207200,501785952,12752000000,3.93,,,2026-02-25T05:46:20.184Z
mm1m30rczrmgzq9st,300378,鼎捷数智,2026-02-12,1,49.210,49.820,50.250,48.900,10719800,534060436,12752000000,4.19,,,2026-02-25T05:46:20.184Z
mm1m30rc49wcwivp4,300378,鼎捷数智,2026-02-13,1,49.570,48.700,49.940,48.700,10538900,513244430,12752000000,4.02,,,2026-02-25T05:46:20.184Z
mm1m30rcrq5to4tpj,300378,鼎捷数智,2026-02-24,1,49.500,46.860,49.500,46.710,15247500,714497850,12752000000,5.60,,,2026-02-25T05:46:20.184Z
mm25r12cxy0q4h4zf,300378,鼎捷数智,2026-02-25,1,46.970,46.960,47.280,46.490,9844200,462283632,12752000000,3.63,,,2026-02-25T14:56:53.028Z
mm1m319nbakal2c5y,688369,致远互联,2026-01-06,1,26.370,26.370,26.930,25.750,5178716.000,136562741,2977000000,4.59,,,2026-02-25T05:46:20.843Z
mm1m319n0m0q28q76,688369,致远互联,2026-01-07,1,26.370,26.180,26.500,25.790,3470208.000,90850045,2977000000,3.05,,,2026-02-25T05:46:20.843Z
mm1m319nmhyklo5je,688369,致远互联,2026-01-08,1,26.350,27.210,27.890,26.110,7637880.000,207826715,2977000000,6.98,,,2026-02-25T05:46:20.843Z
mm1m319nbr1gq66hb,688369,致远互联,2026-01-09,1,27.360,28.700,29.210,27.210,8221303.000,235951396,2977000000,7.93,,,2026-02-25T05:46:20.843Z
mm1m319ngnrqg32dn,688369,致远互联,2026-01-12,1,29.990,33.590,33.980,29.000,15535342.000,521832138,2977000000,17.53,,,2026-02-25T05:46:20.843Z
mm1m319nl609dyl72,688369,致远互联,2026-01-13,1,35.000,31.770,35.920,31.250,21680041.000,688774903,2977000000,23.14,,,2026-02-25T05:46:20.843Z
mm1m319nry770qxnh,688369,致远互联,2026-01-14,1,31.550,32.430,35.350,31.550,20300201.000,658335518,2977000000,22.11,,,2026-02-25T05:46:20.843Z
mm1m319nyyblggb7j,688369,致远互联,2026-01-15,1,32.140,30.900,32.300,30.100,14824635.000,458081222,2977000000,15.39,,,2026-02-25T05:46:20.843Z
mm1m319nuo0tcy4ne,688369,致远互联,2026-01-16,1,30.380,31.010,32.250,29.720,11206493.000,347513348,2977000000,11.67,,,2026-02-25T05:46:20.843Z
mm1m319nvu5m4au9h,688369,致远互联,2026-01-19,1,30.550,31.870,32.500,30.200,8307316.000,264754161,2977000000,8.89,,,2026-02-25T05:46:20.843Z
mm1m319nvu2k0jaiu,688369,致远互联,2026-01-20,1,31.900,30.780,32.450,30.360,7050244.000,217006510,2977000000,7.29,,,2026-02-25T05:46:20.843Z
mm1m319nc5b3oyx20,688369,致远互联,2026-01-21,1,31.020,29.120,31.020,29.100,8122513.000,236527579,2977000000,7.95,,,2026-02-25T05:46:20.843Z
mm1m319n9y6jr5luj,688369,致远互联,2026-01-22,1,29.250,30.060,30.590,28.950,5929683.000,178246271,2977000000,5.99,,,2026-02-25T05:46:20.843Z
mm1m319nn6z4g58ua,688369,致远互联,2026-01-23,1,30.150,30.220,31.650,29.670,6231845.000,188326356,2977000000,6.33,,,2026-02-25T05:46:20.843Z
mm1m319nfgiaz5lsc,688369,致远互联,2026-01-26,1,30.760,30.000,31.650,29.500,7489764.000,224692920,2977000000,7.55,,,2026-02-25T05:46:20.843Z
mm1m319n3o1m6fkhx,688369,致远互联,2026-01-27,1,30.190,29.720,30.330,28.600,6069816.000,180394932,2977000000,6.06,,,2026-02-25T05:46:20.843Z
mm1m319nzlo65wi48,688369,致远互联,2026-01-28,1,29.540,28.570,30.110,28.320,6382787.000,182356225,2977000000,6.13,,,2026-02-25T05:46:20.843Z
mm1m319nf3az2noll,688369,致远互联,2026-01-29,1,28.810,29.010,30.880,27.970,7712127.000,223728804,2977000000,7.52,,,2026-02-25T05:46:20.843Z
mm1m319nwi5ujqjsg,688369,致远互联,2026-01-30,1,29.390,27.850,29.390,27.490,6166256.000,171730230,2977000000,5.77,,,2026-02-25T05:46:20.843Z
mm1m319n7wwu067vg,688369,致远互联,2026-02-02,1,27.790,27.080,28.190,27.060,6481856.000,175528660,2977000000,5.90,,,2026-02-25T05:46:20.843Z
mm1m319nqjt4t7lu8,688369,致远互联,2026-02-03,1,27.360,27.640,27.850,27.020,5278639.000,145901582,2977000000,4.90,,,2026-02-25T05:46:20.843Z
mm1m319nqj935vyjk,688369,致远互联,2026-02-04,1,27.370,26.580,27.500,26.150,6864369.000,182454928,2977000000,6.13,,,2026-02-25T05:46:20.843Z
mm1m319ny3xswid3z,688369,致远互联,2026-02-05,1,26.340,26.430,26.970,26.210,3810788.000,100719127,2977000000,3.38,,,2026-02-25T05:46:20.843Z
mm1m319n06glpfr51,688369,致远互联,2026-02-06,1,26.400,25.910,26.450,25.780,3779499.000,97926819,2977000000,3.29,,,2026-02-25T05:46:20.843Z
mm1m319n912jazphy,688369,致远互联,2026-02-09,1,26.730,26.550,26.980,26.360,4810419.000,127716624,2977000000,4.29,,,2026-02-25T05:46:20.843Z
mm1m319n8gz5w2v23,688369,致远互联,2026-02-10,1,26.590,26.400,26.920,26.000,4192686.000,110686910,2977000000,3.72,,,2026-02-25T05:46:20.843Z
mm1m319nv5dwvzq0b,688369,致远互联,2026-02-11,1,26.470,26.330,26.870,26.270,3762180.000,99058199,2977000000,3.33,,,2026-02-25T05:46:20.843Z
mm1m319nh8jd6g7kp,688369,致远互联,2026-02-12,1,26.480,26.810,27.150,25.950,4659869.000,124931088,2977000000,4.20,,,2026-02-25T05:46:20.843Z
mm1m319np42l4h3vq,688369,致远互联,2026-02-13,1,26.850,26.760,27.800,26.620,4595725.000,122981601,2977000000,4.13,,,2026-02-25T05:46:20.843Z
mm1m319nldm1mka3q,688369,致远互联,2026-02-24,1,27.100,25.320,27.200,25.250,7159888.000,181288364,2977000000,6.09,,,2026-02-25T05:46:20.843Z
mm25r1klrpu59jv24,688369,致远互联,2026-02-25,1,25.590,25.840,26.070,25.340,5511679,142421785,2977000000,4.78,,,2026-02-25T14:56:53.685Z
mm1m31rnebc9rsjwv,603039,泛微网络,2026-01-06,1,57.170,56.220,57.230,55.620,3410200,191721444,12402000000,1.55,,,2026-02-25T05:46:21.491Z
mm1m31rnzad1cpn3q,603039,泛微网络,2026-01-07,1,55.740,55.450,55.820,54.950,3145000,174390250,12402000000,1.41,,,2026-02-25T05:46:21.491Z
mm1m31rn8fg9oy7qp,603039,泛微网络,2026-01-08,1,55.770,56.880,57.500,55.000,4547200,258644736,12402000000,2.09,,,2026-02-25T05:46:21.491Z
mm1m31rnm2iv1uw78,603039,泛微网络,2026-01-09,1,56.500,59.610,59.890,56.280,7354900,438425589,12402000000,3.54,,,2026-02-25T05:46:21.491Z
mm1m31rn2kdyscuhm,603039,泛微网络,2026-01-12,1,60.900,63.450,64.500,58.500,12416900,787852305,12402000000,6.35,,,2026-02-25T05:46:21.491Z
mm1m31rnab7w6easn,603039,泛微网络,2026-01-13,1,67.990,65.900,69.800,65.020,12330200,812560180,12402000000,6.55,,,2026-02-25T05:46:21.491Z
mm1m31rnmz8pea1po,603039,泛微网络,2026-01-14,1,65.690,68.870,72.000,65.510,11368300,782934821,12402000000,6.31,,,2026-02-25T05:46:21.491Z
mm1m31rn6ihlwv274,603039,泛微网络,2026-01-15,1,67.330,70.400,71.280,66.200,9133500,642998400,12402000000,5.18,,,2026-02-25T05:46:21.491Z
mm1m31rn6wdrex287,603039,泛微网络,2026-01-16,1,67.000,69.590,73.990,67.000,11495800,799992722,12402000000,6.45,,,2026-02-25T05:46:21.491Z
mm1m31rn6oqzqynjh,603039,泛微网络,2026-01-19,1,68.200,69.600,73.980,68.200,9396600,654003360,12402000000,5.27,,,2026-02-25T05:46:21.491Z
mm1m31rnnlybqux63,603039,泛微网络,2026-01-20,1,70.370,67.830,72.390,67.120,6062100,411192243,12402000000,3.32,,,2026-02-25T05:46:21.491Z
mm1m31rn4n4o13jkw,603039,泛微网络,2026-01-21,1,66.700,66.970,70.140,66.000,5565300,372708141,12402000000,3.01,,,2026-02-25T05:46:21.491Z
mm1m31rnqfuqzxr0s,603039,泛微网络,2026-01-22,1,67.040,69.900,71.500,65.890,6310400,441096960,12402000000,3.56,,,2026-02-25T05:46:21.491Z
mm1m31rnrc1yht8qz,603039,泛微网络,2026-01-23,1,70.260,68.340,71.590,67.680,6894700,471183798,12402000000,3.80,,,2026-02-25T05:46:21.491Z
mm1m31rnmjbzx7hfy,603039,泛微网络,2026-01-26,1,73.050,69.500,74.510,67.480,7646000,531397000,12402000000,4.28,,,2026-02-25T05:46:21.491Z
mm1m31rn3qnb41l96,603039,泛微网络,2026-01-27,1,68.950,68.500,70.360,65.710,6611600,452894600,12402000000,3.65,,,2026-02-25T05:46:21.491Z
mm1m31rnbxblxsrwv,603039,泛微网络,2026-01-28,1,69.010,66.670,69.270,65.560,6196600,413127322,12402000000,3.33,,,2026-02-25T05:46:21.491Z
mm1m31rnhq6i31ix5,603039,泛微网络,2026-01-29,1,65.580,67.220,72.500,64.660,8882900,597108538,12402000000,4.81,,,2026-02-25T05:46:21.491Z
mm1m31rnic28ka3we,603039,泛微网络,2026-01-30,1,67.000,66.480,67.580,65.650,3528300,234561384,12402000000,1.89,,,2026-02-25T05:46:21.491Z
mm1m31rn16nhqjao7,603039,泛微网络,2026-02-02,1,68.000,62.300,69.340,62.280,6515700,405928110,12402000000,3.27,,,2026-02-25T05:46:21.491Z
mm1m31rnuk88ati1d,603039,泛微网络,2026-02-03,1,62.490,63.650,63.980,60.380,6688200,425703930,12402000000,3.43,,,2026-02-25T05:46:21.491Z
mm1m329y80et48i9c,300459,汤姆猫,2026-01-06,1,5.290,5.140,5.300,5.070,5415407.000,27835192,17474000000,0.16,,,2026-02-25T05:46:22.150Z
mm1m329yk97dajw98,300459,汤姆猫,2026-01-07,1,5.160,5.030,5.260,4.980,3583070.000,18022842,17474000000,0.10,,,2026-02-25T05:46:22.150Z
mm1m329yfqkw547mz,300459,汤姆猫,2026-01-08,1,5.020,5.130,5.250,4.930,3657398.000,18762452,17474000000,0.11,,,2026-02-25T05:46:22.150Z
mm1m329ylav3ttzuk,300459,汤姆猫,2026-01-09,1,5.070,5.400,5.450,5.050,5578578.000,30124321,17474000000,0.17,,,2026-02-25T05:46:22.150Z
mm1m329ygknk99dsp,300459,汤姆猫,2026-01-12,1,5.530,5.900,6.130,5.420,7633355.000,45036795,17474000000,0.26,,,2026-02-25T05:46:22.150Z
mm1m329ysc8kjlwa3,300459,汤姆猫,2026-01-13,1,6.000,6.000,6.610,5.650,8864583.000,53187498,17474000000,0.30,,,2026-02-25T05:46:22.150Z
mm1m329yp1l7hmhmx,300459,汤姆猫,2026-01-14,1,5.810,6.040,6.400,5.800,7659918.000,46265905,17474000000,0.26,,,2026-02-25T05:46:22.150Z
mm1m329y5mjjxf618,300459,汤姆猫,2026-01-15,1,5.980,5.720,5.980,5.580,4958160.000,28360675,17474000000,0.16,,,2026-02-25T05:46:22.150Z
mm1m329ywpx3vz6dx,300459,汤姆猫,2026-01-16,1,5.650,5.360,5.680,5.340,3857758.000,20677583,17474000000,0.12,,,2026-02-25T05:46:22.150Z
mm1m329yu9ue9wjl5,300459,汤姆猫,2026-01-19,1,5.290,5.270,5.420,5.250,2216974.000,11683453,17474000000,0.07,,,2026-02-25T05:46:22.150Z
mm1m329y0lzakqip7,300459,汤姆猫,2026-01-20,1,5.330,5.220,5.390,5.160,2212577.000,11549652,17474000000,0.07,,,2026-02-25T05:46:22.150Z
mm1m329yv8a2qsuoe,300459,汤姆猫,2026-01-21,1,5.180,5.190,5.280,5.140,1601720.000,8312927,17474000000,0.05,,,2026-02-25T05:46:22.150Z
mm1m329yugskr421h,300459,汤姆猫,2026-01-22,1,5.210,5.280,5.350,5.200,1941948.000,10253485,17474000000,0.06,,,2026-02-25T05:46:22.150Z
mm1m329yk7mu3znag,300459,汤姆猫,2026-01-23,1,5.300,5.410,5.470,5.250,2569983.000,13903608,17474000000,0.08,,,2026-02-25T05:46:22.150Z
mm1m329y8gafh0ek9,300459,汤姆猫,2026-01-26,1,5.410,5.200,5.450,5.130,2403396.000,12497659,17474000000,0.07,,,2026-02-25T05:46:22.150Z
mm1m329yni5fuxh0m,300459,汤姆猫,2026-01-27,1,5.200,5.170,5.260,5.050,1706749.000,8823892,17474000000,0.05,,,2026-02-25T05:46:22.150Z
mm1m329ywtab0br29,300459,汤姆猫,2026-01-28,1,5.140,5.100,5.290,5.100,1549806.000,7904011,17474000000,0.05,,,2026-02-25T05:46:22.150Z
mm1m329y19an9jm7r,300459,汤姆猫,2026-01-29,1,5.070,5.250,5.440,4.990,3649522.000,19159991,17474000000,0.11,,,2026-02-25T05:46:22.150Z
mm1m329yre3s8u7yh,300459,汤姆猫,2026-01-30,1,5.200,5.110,5.260,5.080,1999141.000,10215611,17474000000,0.06,,,2026-02-25T05:46:22.150Z
mm1m329ygcw2chqeh,300459,汤姆猫,2026-02-02,1,4.960,4.900,5.100,4.900,1964175.000,9624458,17474000000,0.06,,,2026-02-25T05:46:22.150Z
mm1m329ylvpf1piy8,300459,汤姆猫,2026-02-03,1,4.970,5.090,5.100,4.970,1792522.000,9123937,17474000000,0.05,,,2026-02-25T05:46:22.150Z
mm1m32s18buvm8hl6,300170,汉得信息,2026-01-06,1,20.200,20.600,20.980,19.960,1558665.000,32108499,23399000000,0.14,,,2026-02-25T05:46:22.801Z
mm1m32s1ikuel4fse,300170,汉得信息,2026-01-07,1,20.390,20.000,20.860,19.900,1021322.000,20426440,23399000000,0.09,,,2026-02-25T05:46:22.801Z
mm1m32s1fgisncwlv,300170,汉得信息,2026-01-08,1,20.820,22.670,24.000,20.250,3000822.000,68028635,23399000000,0.29,,,2026-02-25T05:46:22.801Z
mm1m32s1p2tpr9acj,300170,汉得信息,2026-01-09,1,22.860,24.490,24.640,22.500,2727977.000,66808157,23399000000,0.29,,,2026-02-25T05:46:22.801Z
mm1m32s1fex8334qp,300170,汉得信息,2026-01-12,1,25.390,29.390,29.390,24.870,2702370.000,79422654,23399000000,0.34,,,2026-02-25T05:46:22.801Z
mm1m32s1g9noenqx0,300170,汉得信息,2026-01-13,1,31.740,29.550,33.700,29.350,3322115.000,98168498,23399000000,0.42,,,2026-02-25T05:46:22.801Z
mm1m32s1dkal1v8wc,300170,汉得信息,2026-01-14,1,29.000,30.230,33.560,29.000,3097650.000,93641960,23399000000,0.40,,,2026-02-25T05:46:22.801Z
mm1m32s1bc4n85cmx,300170,汉得信息,2026-01-15,1,29.500,30.650,31.490,28.900,2374134.000,72767207,23399000000,0.31,,,2026-02-25T05:46:22.801Z
mm1m32s1h7gexnfm3,300170,汉得信息,2026-01-16,1,28.010,26.920,30.150,26.910,2397810.000,64549045,23399000000,0.28,,,2026-02-25T05:46:22.801Z
mm1m32s1d0qpnz3xu,300170,汉得信息,2026-01-19,1,26.920,26.910,27.600,26.580,1344135.000,36170673,23399000000,0.15,,,2026-02-25T05:46:22.801Z
mm1m32s1jf1q5iojr,300170,汉得信息,2026-01-20,1,27.710,26.310,28.260,25.900,1432077.000,37677946,23399000000,0.16,,,2026-02-25T05:46:22.801Z
mm1m32s1psm8v3e31,300170,汉得信息,2026-01-21,1,25.920,26.430,27.410,25.730,1112037.000,29391138,23399000000,0.13,,,2026-02-25T05:46:22.801Z
mm1m32s1y95lwf1bh,300170,汉得信息,2026-01-22,1,26.260,26.150,27.060,25.900,99348100,2597952815,23399000000,11.10,,,2026-02-25T05:46:22.801Z
mm1m32s1s6k4bhvnh,300170,汉得信息,2026-01-23,1,26.420,27.070,27.510,26.060,1478006.000,40009622,23399000000,0.17,,,2026-02-25T05:46:22.801Z
mm1m32s18baholrbg,300170,汉得信息,2026-01-26,1,27.500,26.180,27.950,25.740,1310543.000,34310016,23399000000,0.15,,,2026-02-25T05:46:22.801Z
mm1m32s114peaoom4,300170,汉得信息,2026-01-27,1,26.170,26.560,26.760,25.280,1140458.000,30290564,23399000000,0.13,,,2026-02-25T05:46:22.801Z
mm1m32s1tkmlkm7l4,300170,汉得信息,2026-01-28,1,26.600,26.550,28.060,26.350,1628850.000,43245968,23399000000,0.18,,,2026-02-25T05:46:22.801Z
mm1m32s1vmc9zolup,300170,汉得信息,2026-01-29,1,26.090,27.370,29.080,25.870,2211138.000,60518847,23399000000,0.26,,,2026-02-25T05:46:22.801Z
mm1m32s1kt4mjqvno,300170,汉得信息,2026-01-30,1,27.360,26.490,27.770,26.300,1337873.000,35440256,23399000000,0.15,,,2026-02-25T05:46:22.801Z
mm1m32s1o3trw9txf,300170,汉得信息,2026-02-02,1,26.750,25.700,27.210,25.690,1179970.000,30325229,23399000000,0.13,,,2026-02-25T05:46:22.801Z
mm1m32s1hj651wzu3,300170,汉得信息,2026-02-03,1,26.150,27.410,27.600,25.960,1484392.000,40687185,23399000000,0.17,,,2026-02-25T05:46:22.801Z
mm1m33acrclbdur1w,688041,海光信息,2026-01-06,1,224.110,225.730,232.040,223.410,22419769.000,5060814456,572903000000,0.88,,,2026-02-25T05:46:23.460Z
mm1m33acame2x0x04,688041,海光信息,2026-01-07,1,225.740,222.660,226.800,219.260,24150028.000,5377245234,572903000000,0.94,,,2026-02-25T05:46:23.460Z
mm1m33acc436tg1k8,688041,海光信息,2026-01-08,1,225.910,241.590,251.910,225.910,51906080.000,12539989867,572903000000,2.19,,,2026-02-25T05:46:23.460Z
mm1m33acgxuepg38a,688041,海光信息,2026-01-09,1,237.920,246.460,250.680,231.910,34652502.000,8540455643,572903000000,1.49,,,2026-02-25T05:46:23.460Z
mm1m33aczxibx89kg,688041,海光信息,2026-01-12,1,246.460,245.960,249.900,239.610,27002508.000,6641536868,572903000000,1.16,,,2026-02-25T05:46:23.460Z
mm1m33ac4if6y4o35,688041,海光信息,2026-01-13,1,245.950,235.480,246.800,233.240,25970517.000,6115537343,572903000000,1.07,,,2026-02-25T05:46:23.460Z
mm1m33acrair025f4,688041,海光信息,2026-01-14,1,239.720,251.410,255.880,239.710,45635381.000,11473191137,572903000000,2.00,,,2026-02-25T05:46:23.460Z
mm1m33acdvc7srii4,688041,海光信息,2026-01-15,1,253.910,249.910,257.910,245.370,26414634.000,6601281183,572903000000,1.15,,,2026-02-25T05:46:23.460Z
mm1m33acpbm7jw10w,688041,海光信息,2026-01-16,1,252.610,244.240,256.510,241.910,30110571.000,7354205861,572903000000,1.28,,,2026-02-25T05:46:23.460Z
mm1m33acptgpwezp4,688041,海光信息,2026-01-19,1,245.910,255.860,262.000,245.150,40900545.000,10464813444,572903000000,1.83,,,2026-02-25T05:46:23.460Z
mm1m33ac26v5w0z0n,688041,海光信息,2026-01-20,1,260.910,254.120,273.710,253.410,37761387.000,9595923664,572903000000,1.67,,,2026-02-25T05:46:23.460Z
mm1m33actddxp09ks,688041,海光信息,2026-01-21,1,263.400,288.020,297.910,263.400,62366570.000,17962819491,572903000000,3.14,,,2026-02-25T05:46:23.460Z
mm1m33accubo3ftnu,688041,海光信息,2026-01-22,1,301.910,288.410,308.470,284.910,51698450.000,14910349965,572903000000,2.60,,,2026-02-25T05:46:23.460Z
mm1m33acju5mphekf,688041,海光信息,2026-01-23,1,275.910,275.910,284.860,270.110,41251221.000,11381624386,572903000000,1.99,,,2026-02-25T05:46:23.460Z
mm1m33acaf2os25ij,688041,海光信息,2026-01-26,1,275.400,272.910,284.910,269.870,31365719.000,8560018372,572903000000,1.49,,,2026-02-25T05:46:23.460Z
mm1m33ac9bo8yu72z,688041,海光信息,2026-01-27,1,274.280,270.660,279.130,267.920,28374826.000,7679930405,572903000000,1.34,,,2026-02-25T05:46:23.460Z
mm1m33acfbx58jmde,688041,海光信息,2026-01-28,1,276.220,268.220,277.910,260.410,34497023.000,9252791509,572903000000,1.62,,,2026-02-25T05:46:23.460Z
mm1m33acyoyh7gmi8,688041,海光信息,2026-01-29,1,268.300,261.290,272.800,260.510,22831104.000,5965539164,572903000000,1.04,,,2026-02-25T05:46:23.460Z
mm1m33acgq0vdq6yr,688041,海光信息,2026-01-30,1,261.290,264.440,269.140,256.390,22626325.000,5983305383,572903000000,1.04,,,2026-02-25T05:46:23.460Z
mm1m33ac1rdjcjsb4,688041,海光信息,2026-02-02,1,260.000,252.300,268.340,251.920,22579743.000,5696869159,572903000000,0.99,,,2026-02-25T05:46:23.460Z
mm1m33acs8a4gt03a,688041,海光信息,2026-02-03,1,257.200,251.500,258.000,243.980,26108936.000,6566397404,572903000000,1.15,,,2026-02-25T05:46:23.460Z
mm1m33slcal62zwl0,300750,宁德时代,2026-01-06,1,380.000,373.990,380.500,369.040,34147700,12770898323,1652938000000,0.77,,,2026-02-25T05:46:24.117Z
mm1m33sl8gdida3kn,300750,宁德时代,2026-01-07,1,372.950,371.010,375.480,368.490,26228500,9731035785,1652938000000,0.59,,,2026-02-25T05:46:24.117Z
mm1m33slcso9thuqf,300750,宁德时代,2026-01-08,1,368.000,369.210,373.330,367.000,26959000,9953532390,1652938000000,0.60,,,2026-02-25T05:46:24.117Z
mm1m33slbhznl1ovx,300750,宁德时代,2026-01-09,1,369.170,369.230,377.630,367.010,31477200,11622326556,1652938000000,0.70,,,2026-02-25T05:46:24.117Z
mm1m33sllksye306t,300750,宁德时代,2026-01-12,1,368.000,361.680,368.000,351.660,48830700,17661087576,1652938000000,1.07,,,2026-02-25T05:46:24.117Z
mm1m33slsnzfvt9rj,300750,宁德时代,2026-01-13,1,366.250,359.000,367.770,357.000,29670900,10651853100,1652938000000,0.64,,,2026-02-25T05:46:24.117Z
mm1m33sljq6rvjqs8,300750,宁德时代,2026-01-14,1,360.030,353.980,361.220,351.710,38083400,13480761932,1652938000000,0.82,,,2026-02-25T05:46:24.117Z
mm1m33sljrmfcw2t7,300750,宁德时代,2026-01-15,1,352.750,353.750,358.280,351.800,32370900,11451205875,1652938000000,0.69,,,2026-02-25T05:46:24.117Z
mm1m33slu90u83g0f,300750,宁德时代,2026-01-16,1,357.990,352.320,361.720,351.510,31981800,11267827776,1652938000000,0.68,,,2026-02-25T05:46:24.117Z
mm1m33slxxkc9oxrv,300750,宁德时代,2026-01-19,1,351.470,348.900,355.340,345.330,33864300,11815254270,1652938000000,0.71,,,2026-02-25T05:46:24.117Z
mm1m33slm75ohwk1w,300750,宁德时代,2026-01-20,1,350.000,349.600,356.910,347.900,35440600,12390033760,1652938000000,0.75,,,2026-02-25T05:46:24.117Z
mm1m33sly81y94hs9,300750,宁德时代,2026-01-21,1,351.940,349.810,357.690,349.000,39393600,13780275216,1652938000000,0.83,,,2026-02-25T05:46:24.117Z
mm1m33sly5hrwovgi,300750,宁德时代,2026-01-22,1,351.030,345.800,353.730,339.500,45994800,15905001840,1652938000000,0.96,,,2026-02-25T05:46:24.117Z
mm1m33slv3g7ayfc3,300750,宁德时代,2026-01-23,1,348.010,347.000,350.000,343.250,33976100,11789706700,1652938000000,0.71,,,2026-02-25T05:46:24.117Z
mm1m33slx7snojv8v,300750,宁德时代,2026-01-26,1,352.020,342.050,352.550,341.210,33291400,11387323370,1652938000000,0.69,,,2026-02-25T05:46:24.117Z
mm1m33sl4h30aouu1,300750,宁德时代,2026-01-27,1,344.890,339.400,344.900,334.020,32294900,10960889060,1652938000000,0.66,,,2026-02-25T05:46:24.117Z
mm1m33sli8c9oiwe9,300750,宁德时代,2026-01-28,1,337.880,339.990,344.000,333.010,46308200,15744324918,1652938000000,0.95,,,2026-02-25T05:46:24.117Z
mm1m33sl9g7w2wv4x,300750,宁德时代,2026-01-29,1,340.500,341.890,345.160,338.160,33844400,11571061916,1652938000000,0.70,,,2026-02-25T05:46:24.117Z
mm1m33sltl0z6yzzk,300750,宁德时代,2026-01-30,1,348.400,350.000,353.760,344.100,48650100,17027535000,1652938000000,1.03,,,2026-02-25T05:46:24.117Z
mm1m33slpg1wulymz,300750,宁德时代,2026-02-02,1,357.000,348.980,357.990,344.130,39191700,13677119466,1652938000000,0.83,,,2026-02-25T05:46:24.117Z
mm1m33slof5cmvcjv,300750,宁德时代,2026-02-03,1,349.000,347.910,352.800,343.500,26516300,9225285933,1652938000000,0.56,,,2026-02-25T05:46:24.117Z
mm1m34aznlq6h121c,603019,中科曙光,2026-01-06,1,87.930,89.400,91.340,87.530,71000800,6347471520,132588000000,4.79,,,2026-02-25T05:46:24.779Z
mm1m34az2h9a7xgx9,603019,中科曙光,2026-01-07,1,89.430,89.070,90.170,88.360,47022800,4188320796,132588000000,3.16,,,2026-02-25T05:46:24.779Z
mm1m34az4nr34k7y5,603019,中科曙光,2026-01-08,1,89.430,92.930,95.860,89.430,99676500,9262937145,132588000000,6.99,,,2026-02-25T05:46:24.779Z
mm1m34azi1levan0g,603019,中科曙光,2026-01-09,1,92.930,93.270,93.720,91.180,64511000,6016940970,132588000000,4.54,,,2026-02-25T05:46:24.779Z
mm1m34azc643eaivm,603019,中科曙光,2026-01-12,1,93.570,95.920,96.800,92.820,77538800,7437521696,132588000000,5.61,,,2026-02-25T05:46:24.779Z
mm1m34az0v7bdgjka,603019,中科曙光,2026-01-13,1,95.950,91.430,96.610,91.350,71201900,6509989717,132588000000,4.91,,,2026-02-25T05:46:24.779Z
mm1m34az85q185yh1,603019,中科曙光,2026-01-14,1,91.430,93.360,94.920,91.340,73386500,6851363640,132588000000,5.17,,,2026-02-25T05:46:24.779Z
mm1m34az8jgdtdy1t,603019,中科曙光,2026-01-15,1,92.940,93.040,93.910,91.740,45127200,4198634688,132588000000,3.17,,,2026-02-25T05:46:24.779Z
mm1m34az9nh0d18xm,603019,中科曙光,2026-01-16,1,93.910,93.410,94.560,92.130,49966300,4667352083,132588000000,3.52,,,2026-02-25T05:46:24.779Z
mm1m34azbu5hr50og,603019,中科曙光,2026-01-19,1,94.280,94.170,95.010,92.640,52647300,4957796241,132588000000,3.74,,,2026-02-25T05:46:24.779Z
mm1m34az6awyc380a,603019,中科曙光,2026-01-20,1,94.130,91.790,95.870,91.530,50847000,4667246130,132588000000,3.52,,,2026-02-25T05:46:24.779Z
mm1m34azvp05k3npd,603019,中科曙光,2026-01-21,1,91.210,98.160,98.810,91.100,1242779.000,121991187,132588000000,0.09,,,2026-02-25T05:46:24.779Z
mm1m34azptnq7d0f0,603019,中科曙光,2026-01-22,1,100.930,96.880,102.810,96.330,91161500,8831726120,132588000000,6.66,,,2026-02-25T05:46:24.779Z
mm1m34aztfwcsfwtq,603019,中科曙光,2026-01-23,1,95.910,95.840,96.880,94.430,59904900,5741285616,132588000000,4.33,,,2026-02-25T05:46:24.779Z
mm1m34azwy7zuee3i,603019,中科曙光,2026-01-26,1,96.210,93.160,96.880,92.950,53026900,4939986004,132588000000,3.73,,,2026-02-25T05:46:24.779Z
mm1m34azlcopqus64,603019,中科曙光,2026-01-27,1,93.180,92.710,93.510,90.760,41127200,3812902712,132588000000,2.88,,,2026-02-25T05:46:24.779Z
mm1m34azlb5ud632y,603019,中科曙光,2026-01-28,1,93.220,91.490,93.670,90.930,42564900,3894262701,132588000000,2.94,,,2026-02-25T05:46:24.779Z
mm1m34azwd09wkeqv,603019,中科曙光,2026-01-29,1,91.480,89.540,92.100,89.510,45929900,4112563246,132588000000,3.10,,,2026-02-25T05:46:24.779Z
mm1m34azizlnfk7w5,603019,中科曙光,2026-01-30,1,89.280,89.700,90.330,87.030,39862200,3575639340,132588000000,2.70,,,2026-02-25T05:46:24.779Z
mm1m34azx4fw4tg6c,603019,中科曙光,2026-02-02,1,88.930,87.100,89.690,87.030,29269900,2549408290,132588000000,1.92,,,2026-02-25T05:46:24.779Z
mm1m34az8xqa5aawc,603019,中科曙光,2026-02-03,1,87.810,87.680,88.430,86.180,29701200,2604201216,132588000000,1.96,,,2026-02-25T05:46:24.779Z
mm1m34tknqt09a9sb,603259,药明康德,2026-01-06,1,95.130,96.250,96.500,94.110,46375700,4463661125,297928000000,1.50,,,2026-02-25T05:46:25.448Z
mm1m34tkmrx9d62p4,603259,药明康德,2026-01-07,1,96.280,98.040,98.900,95.990,53085400,5204492616,297928000000,1.75,,,2026-02-25T05:46:25.448Z
mm1m34tk062zapv70,603259,药明康德,2026-01-08,1,98.810,98.170,99.900,97.000,42066900,4129707573,297928000000,1.39,,,2026-02-25T05:46:25.448Z
mm1m34tkl1ojytet5,603259,药明康德,2026-01-09,1,98.680,99.080,101.000,97.020,50761400,5029439512,297928000000,1.69,,,2026-02-25T05:46:25.448Z
mm1m34tk7yoes2wvi,603259,药明康德,2026-01-12,1,100.000,98.680,101.000,97.600,44395200,4380918336,297928000000,1.47,,,2026-02-25T05:46:25.448Z
mm1m34tkz2uhlsbur,603259,药明康德,2026-01-13,1,101.800,104.600,106.500,101.660,92454800,9670772080,297928000000,3.25,,,2026-02-25T05:46:25.448Z
mm1m34tkuunvibe4h,603259,药明康德,2026-01-14,1,104.550,103.400,106.990,102.000,63223900,6537351260,297928000000,2.19,,,2026-02-25T05:46:25.448Z
mm1m34tk4gtc46cva,603259,药明康德,2026-01-15,1,103.010,103.560,105.880,102.520,36722900,3803023524,297928000000,1.28,,,2026-02-25T05:46:25.448Z
mm1m34tku1b4skurb,603259,药明康德,2026-01-16,1,103.580,104.300,106.300,102.890,44775200,4670053360,297928000000,1.57,,,2026-02-25T05:46:25.448Z
mm1m34tkkbuffh7sr,603259,药明康德,2026-01-19,1,104.400,102.390,105.730,100.500,47908300,4905330837,297928000000,1.65,,,2026-02-25T05:46:25.448Z
mm1m34tkb10vy8pci,603259,药明康德,2026-01-20,1,101.880,99.460,102.300,97.870,48113100,4785328926,297928000000,1.61,,,2026-02-25T05:46:25.448Z
mm1m34tkq1dlvfjq5,603259,药明康德,2026-01-21,1,99.000,98.550,100.760,98.200,38689800,3812879790,297928000000,1.28,,,2026-02-25T05:46:25.448Z
mm1m34tkqcnkj9fhj,603259,药明康德,2026-01-22,1,99.000,97.600,99.660,96.560,41518800,4052234880,297928000000,1.36,,,2026-02-25T05:46:25.448Z
mm1m34tkvizqfeice,603259,药明康德,2026-01-23,1,98.010,97.600,99.380,96.940,38684100,3775568160,297928000000,1.27,,,2026-02-25T05:46:25.448Z
mm1m34tk1ojajsw5r,603259,药明康德,2026-01-26,1,97.850,96.720,97.980,95.810,40233900,3891422808,297928000000,1.31,,,2026-02-25T05:46:25.448Z
mm1m34tkj0vy05b0q,603259,药明康德,2026-01-27,1,96.870,95.790,97.750,95.330,38180900,3657348411,297928000000,1.23,,,2026-02-25T05:46:25.448Z
mm1m34tkevgyaitp8,603259,药明康德,2026-01-28,1,96.000,95.700,96.300,94.630,45746800,4377968760,297928000000,1.47,,,2026-02-25T05:46:25.448Z
mm1m34tkruo09aq51,603259,药明康德,2026-01-29,1,95.620,98.020,98.550,94.650,53559100,5249862982,297928000000,1.76,,,2026-02-25T05:46:25.448Z
mm1m34tkq0wzc1wgb,603259,药明康德,2026-01-30,1,97.850,95.200,98.780,95.200,40250600,3831857120,297928000000,1.29,,,2026-02-25T05:46:25.448Z
mm1m34tk4ub09du3t,603259,药明康德,2026-02-02,1,95.210,93.200,96.180,92.910,36299300,3383094760,297928000000,1.14,,,2026-02-25T05:46:25.448Z
mm1m34tkw89che4zl,603259,药明康德,2026-02-03,1,93.400,94.600,94.850,92.430,29167600,2759254960,297928000000,0.93,,,2026-02-25T05:46:25.448Z
mm1m35bowfb98wvam,002812,恩捷股份,2026-01-06,1,56.410,55.980,57.180,55.500,36156600,2024046468,64493000000,3.14,,,2026-02-25T05:46:26.100Z
mm1m35boapt7mxl7l,002812,恩捷股份,2026-01-07,1,56.000,55.190,57.300,54.490,31830900,1756747371,64493000000,2.72,,,2026-02-25T05:46:26.100Z
mm1m35bonetmsdyxc,002812,恩捷股份,2026-01-08,1,54.790,54.050,55.160,53.210,31737800,1715428090,64493000000,2.66,,,2026-02-25T05:46:26.100Z
mm1m35bokza5pt9ow,002812,恩捷股份,2026-01-09,1,53.420,53.810,55.480,52.550,28239200,1519551352,64493000000,2.36,,,2026-02-25T05:46:26.100Z
mm1m35bohyn8ha7lw,002812,恩捷股份,2026-01-12,1,52.550,52.690,54.240,51.850,34503300,1817978877,64493000000,2.82,,,2026-02-25T05:46:26.100Z
mm1m35bonzfydasfp,002812,恩捷股份,2026-01-13,1,52.690,52.840,54.390,52.640,34337100,1814372364,64493000000,2.81,,,2026-02-25T05:46:26.100Z
mm1m35bopve7x9522,002812,恩捷股份,2026-01-14,1,52.790,52.840,54.400,52.010,37345700,1973346788,64493000000,3.06,,,2026-02-25T05:46:26.100Z
mm1m35boa0q9d0z3l,002812,恩捷股份,2026-01-15,1,52.490,54.070,55.290,52.440,40529500,2191430065,64493000000,3.40,,,2026-02-25T05:46:26.100Z
mm1m35boyno4zscnq,002812,恩捷股份,2026-01-16,1,55.100,54.760,57.180,53.900,37659300,2062223268,64493000000,3.20,,,2026-02-25T05:46:26.100Z
mm1m35bo3dxrrt6ip,002812,恩捷股份,2026-01-19,1,54.220,55.580,56.000,53.000,32624900,1813291942,64493000000,2.81,,,2026-02-25T05:46:26.100Z
mm1m35bowtpkjmbzj,002812,恩捷股份,2026-01-20,1,55.700,50.980,55.990,50.320,50802600,2589916548,64493000000,4.02,,,2026-02-25T05:46:26.100Z
mm1m35bo4wuh2emx3,002812,恩捷股份,2026-01-21,1,50.870,51.870,52.200,50.500,22888800,1187242056,64493000000,1.84,,,2026-02-25T05:46:26.100Z
mm1m35bosa315xea2,002812,恩捷股份,2026-01-22,1,51.490,50.960,52.950,49.880,28982400,1476943104,64493000000,2.29,,,2026-02-25T05:46:26.100Z
mm1m35bopfwd9q0s2,002812,恩捷股份,2026-01-23,1,51.000,52.880,52.930,50.820,27715900,1465616792,64493000000,2.27,,,2026-02-25T05:46:26.100Z
mm1m35boam11ny9ku,002812,恩捷股份,2026-01-26,1,53.280,51.420,53.580,51.220,19765500,1016342010,64493000000,1.58,,,2026-02-25T05:46:26.100Z
mm1m35bogwz4v386w,002812,恩捷股份,2026-01-27,1,51.170,49.430,51.340,48.000,30021000,1483938030,64493000000,2.30,,,2026-02-25T05:46:26.100Z
mm1m35bo5odmkf79o,002812,恩捷股份,2026-01-28,1,49.560,48.990,49.600,48.510,19474800,954070452,64493000000,1.48,,,2026-02-25T05:46:26.100Z
mm1m35bofe2or5ztq,002812,恩捷股份,2026-01-29,1,49.050,48.650,49.590,47.840,15079800,733632270,64493000000,1.14,,,2026-02-25T05:46:26.100Z
mm1m35boj8w7dufde,002812,恩捷股份,2026-01-30,1,49.860,50.990,51.700,49.220,39302000,2004008980,64493000000,3.11,,,2026-02-25T05:46:26.100Z
mm1m35bocspzlkniy,002812,恩捷股份,2026-02-02,1,50.900,50.920,52.470,50.300,22604500,1151021140,64493000000,1.78,,,2026-02-25T05:46:26.100Z
mm1m35bovzwbll0d5,002812,恩捷股份,2026-02-03,1,51.130,51.700,52.750,51.130,23144800,1196586160,64493000000,1.86,,,2026-02-25T05:46:26.100Z
mm1m35tsb5e2awwmr,02097,蜜雪集团,2026-01-09,1,441.000,422.200,464.000,420.200,75747800,31980721160,138712710000,23.06,,,2026-02-25T05:46:26.752Z
mm1m35tsngiqzh3lp,02097,蜜雪集团,2026-01-12,1,422.600,428.600,429.200,411.000,36154800,15495947280,138712710000,11.17,,,2026-02-25T05:46:26.752Z
mm1m35tsr460iuaxr,02097,蜜雪集团,2026-01-13,1,428.800,425.400,430.000,419.000,24614000,10470795600,138712710000,7.55,,,2026-02-25T05:46:26.752Z
mm1m35tsih8uzkyle,02097,蜜雪集团,2026-01-14,1,424.800,419.600,426.800,418.000,43269100,18155714360,138712710000,13.09,,,2026-02-25T05:46:26.752Z
mm1m35tsqiopw3ybz,02097,蜜雪集团,2026-01-15,1,419.000,425.000,432.000,416.200,27104400,11519370000,138712710000,8.30,,,2026-02-25T05:46:26.752Z
mm1m35tsq4zk68ok1,02097,蜜雪集团,2026-01-16,1,423.000,419.800,428.000,413.200,37395700,15698714860,138712710000,11.32,,,2026-02-25T05:46:26.752Z
mm1m35tsrwprknxyy,02097,蜜雪集团,2026-01-19,1,419.400,428.600,440.000,413.600,39107600,16761517360,138712710000,12.08,,,2026-02-25T05:46:26.752Z
mm1m35tsggj0x9jkn,02097,蜜雪集团,2026-01-20,1,429.000,444.200,450.000,429.000,70806500,31452247300,138712710000,22.67,,,2026-02-25T05:46:26.752Z
mm1m35ts5v00cggi2,02097,蜜雪集团,2026-01-21,1,444.200,441.400,453.800,422.600,50123600,22124557040,138712710000,15.95,,,2026-02-25T05:46:26.752Z
mm1m35tsjp65dm3ln,02097,蜜雪集团,2026-01-22,1,438.200,431.600,441.200,426.400,21920700,9460974120,138712710000,6.82,,,2026-02-25T05:46:26.752Z
mm1m35tsfv1b9m0l1,02097,蜜雪集团,2026-01-23,1,430.000,430.400,440.000,423.000,27420300,11801697120,138712710000,8.51,,,2026-02-25T05:46:26.752Z
mm1m35tsy5w1djgo2,02097,蜜雪集团,2026-01-26,1,435.200,446.600,449.000,426.800,49008100,21887017460,138712710000,15.78,,,2026-02-25T05:46:26.752Z
mm1m35tstbopzphqo,02097,蜜雪集团,2026-01-27,1,448.400,446.200,461.800,439.000,57871600,25822307920,138712710000,18.62,,,2026-02-25T05:46:26.752Z
mm1m35tssl7s0lg9j,02097,蜜雪集团,2026-01-28,1,435.000,397.600,437.000,396.000,3193375.000,1269685900,138712710000,0.92,,,2026-02-25T05:46:26.752Z
mm1m35tst7ushq7pw,02097,蜜雪集团,2026-01-29,1,400.000,399.800,404.000,387.000,1084842.000,433719832,138712710000,0.31,,,2026-02-25T05:46:26.752Z
mm1m35tswr3fp9rec,02097,蜜雪集团,2026-01-30,1,400.200,397.600,404.000,394.000,27146100,10793289360,138712710000,7.78,,,2026-02-25T05:46:26.752Z
mm1m35ts00pdnsnzh,02097,蜜雪集团,2026-02-02,1,397.600,388.000,397.600,385.800,40322300,15645052400,138712710000,11.28,,,2026-02-25T05:46:26.752Z
mm1m35ts7tvgsq1a1,02097,蜜雪集团,2026-02-03,1,393.000,389.000,393.000,383.000,24363400,9477362600,138712710000,6.83,,,2026-02-25T05:46:26.752Z
mm1m35tszr884wdr9,02097,蜜雪集团,2026-02-04,1,389.200,385.800,392.200,382.000,30837400,11897068920,138712710000,8.58,,,2026-02-25T05:46:26.752Z
mm1m35tsl3821tztj,02097,蜜雪集团,2026-02-05,1,385.800,397.000,398.200,382.200,44868800,17812913600,138712710000,12.84,,,2026-02-25T05:46:26.752Z
mm1m35tsalgdt51rb,02097,蜜雪集团,2026-02-06,1,397.000,400.000,403.800,394.200,41543200,16617280000,138712710000,11.98,,,2026-02-25T05:46:26.752Z
mm1m36bxa51lmu3wb,09868,小鹏汽车-W,2026-01-09,1,79.800,78.550,80.400,77.950,12422950.000,975822723,135784140000,0.72,,,2026-02-25T05:46:27.405Z
mm1m36bxfmx696hh1,09868,小鹏汽车-W,2026-01-12,1,78.050,80.350,80.350,76.600,19842203.000,1594321011,135784140000,1.17,,,2026-02-25T05:46:27.405Z
mm1m36bxsj6qgcrwq,09868,小鹏汽车-W,2026-01-13,1,83.950,82.100,84.600,81.750,25290088.000,2076316225,135784140000,1.53,,,2026-02-25T05:46:27.405Z
mm1m36bxh2rmzuozf,09868,小鹏汽车-W,2026-01-14,1,82.000,82.200,83.950,80.500,15811384.000,1299695765,135784140000,0.96,,,2026-02-25T05:46:27.405Z
mm1m36bx2mila722m,09868,小鹏汽车-W,2026-01-15,1,80.500,80.950,82.700,80.100,10197263.000,825468440,135784140000,0.61,,,2026-02-25T05:46:27.405Z
mm1m36bxlxd6mk4uu,09868,小鹏汽车-W,2026-01-16,1,81.600,80.450,82.650,80.150,9470714.000,761918941,135784140000,0.56,,,2026-02-25T05:46:27.405Z
mm1m36bx00lvsnep6,09868,小鹏汽车-W,2026-01-19,1,78.850,80.100,80.650,78.800,6939910.000,555886791,135784140000,0.41,,,2026-02-25T05:46:27.405Z
mm1m36bxbiwhfkcel,09868,小鹏汽车-W,2026-01-20,1,80.550,79.500,81.000,78.700,7575843.000,602279519,135784140000,0.44,,,2026-02-25T05:46:27.405Z
mm1m36bxkwwh3bvuf,09868,小鹏汽车-W,2026-01-21,1,78.150,79.300,79.650,77.650,13292351.000,1054083434,135784140000,0.78,,,2026-02-25T05:46:27.405Z
mm1m36bxd5snoi025,09868,小鹏汽车-W,2026-01-22,1,79.550,76.950,79.900,76.250,16761817.000,1289821818,135784140000,0.95,,,2026-02-25T05:46:27.405Z
mm1m36bxer4j366zf,09868,小鹏汽车-W,2026-01-23,1,77.700,76.800,77.700,75.600,11960713.000,918582758,135784140000,0.68,,,2026-02-25T05:46:27.405Z
mm1m36bxg1a633hez,09868,小鹏汽车-W,2026-01-26,1,75.400,73.600,75.400,73.050,18442417.000,1357361891,135784140000,1.00,,,2026-02-25T05:46:27.405Z
mm1m36bxfnh755qaf,09868,小鹏汽车-W,2026-01-27,1,73.450,72.650,73.800,72.500,11345328.000,824238079,135784140000,0.61,,,2026-02-25T05:46:27.405Z
mm1m36bx81ds0zi0h,09868,小鹏汽车-W,2026-01-28,1,72.850,74.800,75.200,71.650,18398424.000,1376202115,135784140000,1.01,,,2026-02-25T05:46:27.405Z
mm1m36bxmkdq2ml85,09868,小鹏汽车-W,2026-01-29,1,73.500,72.900,73.800,72.450,14459423.000,1054091937,135784140000,0.78,,,2026-02-25T05:46:27.405Z
mm1m36bxf8to0u917,09868,小鹏汽车-W,2026-01-30,1,72.300,71.650,72.800,71.150,11667972.000,836010194,135784140000,0.62,,,2026-02-25T05:46:27.405Z
mm1m36bx4sfy1tonw,09868,小鹏汽车-W,2026-02-02,1,68.000,66.800,68.000,64.600,43125004.000,2880750267,135784140000,2.12,,,2026-02-25T05:46:27.405Z
mm1m36bx4x3fcldgs,09868,小鹏汽车-W,2026-02-03,1,65.400,66.700,67.050,64.600,19143498.000,1276871317,135784140000,0.94,,,2026-02-25T05:46:27.405Z
mm1m36bxzch1luyqd,09868,小鹏汽车-W,2026-02-04,1,66.950,66.550,68.200,66.100,16171536.000,1076215721,135784140000,0.79,,,2026-02-25T05:46:27.405Z
mm1m36bxff9565vbg,09868,小鹏汽车-W,2026-02-05,1,65.500,67.300,67.600,64.800,14343219.000,965298639,135784140000,0.71,,,2026-02-25T05:46:27.405Z
mm1m36bxszd4s9x4s,09868,小鹏汽车-W,2026-02-06,1,65.350,67.050,68.400,65.350,14096238.000,945152758,135784140000,0.70,,,2026-02-25T05:46:27.405Z
mm1m37cczy70piqva,09633,农夫山泉,2026-01-09,1,47.480,46.760,48.060,46.700,5903538.000,276049437,534432080000,0.05,,,2026-02-25T05:46:28.716Z
mm1m37cc21xrl924x,09633,农夫山泉,2026-01-12,1,47.160,48.120,48.120,46.400,6466899.000,311187180,534432080000,0.06,,,2026-02-25T05:46:28.716Z
mm1m37cch6us3u36s,09633,农夫山泉,2026-01-13,1,48.120,47.820,48.500,47.460,4989142.000,238580770,534432080000,0.04,,,2026-02-25T05:46:28.716Z
mm1m37ccu3q58ns2b,09633,农夫山泉,2026-01-14,1,49.440,50.700,51.200,49.160,13226379.000,670577415,534432080000,0.13,,,2026-02-25T05:46:28.716Z
mm1m37ccmy8rl3twc,09633,农夫山泉,2026-01-15,1,50.700,51.050,51.200,50.100,7642605.000,390154985,534432080000,0.07,,,2026-02-25T05:46:28.716Z
mm1m37ccfqghnguhw,09633,农夫山泉,2026-01-16,1,51.300,50.850,51.850,50.700,2960107.000,150521441,534432080000,0.03,,,2026-02-25T05:46:28.716Z
mm1m37ccgykvn58og,09633,农夫山泉,2026-01-19,1,50.300,49.480,50.850,49.340,3121000.000,154427080,534432080000,0.03,,,2026-02-25T05:46:28.716Z
mm1m37cc63p3s955b,09633,农夫山泉,2026-01-20,1,49.500,49.600,50.300,49.140,3692600.000,183152960,534432080000,0.03,,,2026-02-25T05:46:28.716Z
mm1m37ccabxwhy3do,09633,农夫山泉,2026-01-21,1,49.720,50.300,50.600,49.720,4178612.000,210184184,534432080000,0.04,,,2026-02-25T05:46:28.716Z
mm1m37ccxz7f3yzyy,09633,农夫山泉,2026-01-22,1,50.100,50.250,51.400,50.100,4664605.000,234396401,534432080000,0.04,,,2026-02-25T05:46:28.716Z
mm1m37ccl0uaj5tvo,09633,农夫山泉,2026-01-23,1,50.750,50.300,50.900,50.050,4551365.000,228933660,534432080000,0.04,,,2026-02-25T05:46:28.716Z
mm1m37ccbo2aglpht,09633,农夫山泉,2026-01-26,1,50.100,48.660,50.350,48.240,7218928.000,351273036,534432080000,0.07,,,2026-02-25T05:46:28.716Z
mm1m37ccrn5919u3o,09633,农夫山泉,2026-01-27,1,48.500,49.100,49.640,48.500,3509762.000,172329314,534432080000,0.03,,,2026-02-25T05:46:28.716Z
mm1m37ccom33nu5qn,09633,农夫山泉,2026-01-28,1,49.100,50.200,50.350,49.040,7585336.000,380783867,534432080000,0.07,,,2026-02-25T05:46:28.716Z
mm1m37cc4o0unvlm2,09633,农夫山泉,2026-01-29,1,49.300,49.780,49.960,49.160,6121849.000,304745643,534432080000,0.06,,,2026-02-25T05:46:28.716Z
mm1m37ccd49phtt1i,09633,农夫山泉,2026-01-30,1,49.160,47.940,49.720,47.780,7302709.000,350091869,534432080000,0.07,,,2026-02-25T05:46:28.716Z
mm1m37ccon3zohirq,09633,农夫山泉,2026-02-02,1,47.800,46.980,48.200,46.560,8300960.000,389979101,534432080000,0.07,,,2026-02-25T05:46:28.716Z
mm1m37cc1cip4a625,09633,农夫山泉,2026-02-03,1,47.360,46.960,48.440,46.680,5502285.000,258387304,534432080000,0.05,,,2026-02-25T05:46:28.716Z
mm1m37ccuwi9ojk0v,09633,农夫山泉,2026-02-04,1,46.960,48.280,48.640,46.900,6669941.000,322024751,534432080000,0.06,,,2026-02-25T05:46:28.716Z
mm1m37ccs89zxy72s,09633,农夫山泉,2026-02-05,1,47.500,48.960,49.500,47.500,7794674.000,381627239,534432080000,0.07,,,2026-02-25T05:46:28.716Z
mm1m37cclo7uko5jp,09633,农夫山泉,2026-02-06,1,48.140,48.380,48.960,48.100,5015268.000,242638666,534432080000,0.05,,,2026-02-25T05:46:28.716Z
mm1m37uc9721kylju,002311,海大集团,2026-01-06,1,54.800,54.900,55.100,54.350,8887600,487929240,90441000000,0.54,,,2026-02-25T05:46:29.364Z
mm1m37uc4xry1nane,002311,海大集团,2026-01-07,1,54.990,54.020,55.000,53.690,10341300,558637026,90441000000,0.62,,,2026-02-25T05:46:29.364Z
mm1m37ucgf9qp0eg8,002311,海大集团,2026-01-08,1,53.970,52.990,54.300,52.680,9466400,501624536,90441000000,0.55,,,2026-02-25T05:46:29.364Z
mm1m37uco0deh48iy,002311,海大集团,2026-01-09,1,52.890,53.510,53.680,52.440,9484200,507499542,90441000000,0.56,,,2026-02-25T05:46:29.364Z
mm1m37ucfbhs2nna3,002311,海大集团,2026-01-12,1,53.410,52.980,53.680,52.520,7952800,421339344,90441000000,0.47,,,2026-02-25T05:46:29.364Z
mm1m37ucqx86fw8jo,002311,海大集团,2026-01-13,1,52.990,52.760,53.560,52.610,6759500,356631220,90441000000,0.39,,,2026-02-25T05:46:29.364Z
mm1m37ucs4wwtrru9,002311,海大集团,2026-01-14,1,52.710,53.020,53.630,52.580,8381900,444408338,90441000000,0.49,,,2026-02-25T05:46:29.364Z
mm1m37ucw01twgrdq,002311,海大集团,2026-01-15,1,53.040,53.630,54.400,53.040,8425900,451881017,90441000000,0.50,,,2026-02-25T05:46:29.364Z
mm1m37uchk13q44c6,002311,海大集团,2026-01-16,1,53.740,53.000,54.190,52.910,8004700,424249100,90441000000,0.47,,,2026-02-25T05:46:29.364Z
mm1m37uchcusy3z72,002311,海大集团,2026-01-19,1,53.100,53.070,53.370,52.600,9483200,503273424,90441000000,0.56,,,2026-02-25T05:46:29.364Z
mm1m37ucxduejxp7h,002311,海大集团,2026-01-20,1,53.000,52.350,53.590,52.230,8815800,461507130,90441000000,0.51,,,2026-02-25T05:46:29.364Z
mm1m37uc8x54jzog3,002311,海大集团,2026-01-21,1,52.350,51.740,52.420,51.630,11245100,581821474,90441000000,0.64,,,2026-02-25T05:46:29.364Z
mm1m37ucwuq1v81dl,002311,海大集团,2026-01-22,1,51.730,51.440,52.800,51.380,10119200,520531648,90441000000,0.58,,,2026-02-25T05:46:29.364Z
mm1m37uche8oxhncd,002311,海大集团,2026-01-23,1,51.470,51.030,51.780,50.990,11779200,601092576,90441000000,0.66,,,2026-02-25T05:46:29.364Z
mm1m37uc8j08p30zh,002311,海大集团,2026-01-26,1,51.280,51.920,52.190,50.480,12768500,662940520,90441000000,0.73,,,2026-02-25T05:46:29.364Z
mm1m37uc7jl8ohvwk,002311,海大集团,2026-01-27,1,51.860,50.600,52.250,50.600,8894800,450076880,90441000000,0.50,,,2026-02-25T05:46:29.364Z
mm1m37ucvj9nmwbil,002311,海大集团,2026-01-28,1,50.520,50.210,50.860,49.200,16976900,852410149,90441000000,0.94,,,2026-02-25T05:46:29.364Z
mm1m37uccantybwth,002311,海大集团,2026-01-29,1,50.210,51.900,51.900,50.000,14142200,733980180,90441000000,0.81,,,2026-02-25T05:46:29.364Z
mm1m37ucjk6n68x3o,002311,海大集团,2026-01-30,1,51.640,51.510,52.880,51.400,9928900,511437639,90441000000,0.57,,,2026-02-25T05:46:29.364Z
mm1m37ucs2630irwq,002311,海大集团,2026-02-02,1,51.550,51.210,52.950,51.100,8945700,458109297,90441000000,0.51,,,2026-02-25T05:46:29.364Z
mm1m37uclcvto5nmc,002311,海大集团,2026-02-03,1,51.150,51.530,51.600,50.380,6751200,347889336,90441000000,0.38,,,2026-02-25T05:46:29.364Z
mm1m38cj915isnkl8,09988,阿里巴巴-W,2026-01-09,1,148.000,146.500,149.500,145.900,115234256.000,16881818504,2832426560000,0.60,,,2026-02-25T05:46:30.019Z
mm1m38cj3bssxav05,09988,阿里巴巴-W,2026-01-12,1,146.900,154.300,154.600,146.000,164580300.000,25394740290,2832426560000,0.90,,,2026-02-25T05:46:30.019Z
mm1m38cj3p0ui6lof,09988,阿里巴巴-W,2026-01-13,1,162.000,159.900,164.000,157.400,153153842.000,24489299336,2832426560000,0.86,,,2026-02-25T05:46:30.019Z
mm1m38cjkq6xgd5kx,09988,阿里巴巴-W,2026-01-14,1,163.800,169.000,169.800,162.100,244622843.000,41341260467,2832426560000,1.46,,,2026-02-25T05:46:30.019Z
mm1m38cjsjbcb3w32,09988,阿里巴巴-W,2026-01-15,1,168.900,164.600,170.100,163.100,133061563.000,21901933270,2832426560000,0.77,,,2026-02-25T05:46:30.019Z
mm1m38cjq931mu8un,09988,阿里巴巴-W,2026-01-16,1,167.900,166.200,168.700,165.000,79370877.000,13191439757,2832426560000,0.47,,,2026-02-25T05:46:30.019Z
mm1m38cjkyrhmzkyh,09988,阿里巴巴-W,2026-01-19,1,162.000,160.400,162.500,160.100,72500898.000,11629144039,2832426560000,0.41,,,2026-02-25T05:46:30.019Z
mm1m38cjleoi9p1nt,09988,阿里巴巴-W,2026-01-20,1,159.800,159.700,162.200,158.600,55456218.000,8856358015,2832426560000,0.31,,,2026-02-25T05:46:30.019Z
mm1m38cjzo7ir3ase,09988,阿里巴巴-W,2026-01-21,1,158.300,163.200,164.900,158.300,67441221.000,11006407267,2832426560000,0.39,,,2026-02-25T05:46:30.019Z
mm1m38cj8zfxgembq,09988,阿里巴巴-W,2026-01-22,1,166.000,164.800,166.500,162.800,59810988.000,9856850822,2832426560000,0.35,,,2026-02-25T05:46:30.019Z
mm1m38cjaclw5suga,09988,阿里巴巴-W,2026-01-23,1,171.200,168.500,172.000,168.300,93252549.000,15713054507,2832426560000,0.55,,,2026-02-25T05:46:30.019Z
mm1m38cjenrc9izar,09988,阿里巴巴-W,2026-01-26,1,169.500,165.200,170.200,164.500,67819829.000,11203835751,2832426560000,0.40,,,2026-02-25T05:46:30.019Z
mm1m38cj965dv4cyk,09988,阿里巴巴-W,2026-01-27,1,166.800,169.900,169.900,164.900,73661350.000,12515063365,2832426560000,0.44,,,2026-02-25T05:46:30.019Z
mm1m38cjfxhvkch7e,09988,阿里巴巴-W,2026-01-28,1,170.500,173.500,173.800,168.600,102209414.000,17733333329,2832426560000,0.63,,,2026-02-25T05:46:30.019Z
mm1m38cjyrjps0v9x,09988,阿里巴巴-W,2026-01-29,1,171.100,173.300,174.200,170.300,67539478.000,11704591537,2832426560000,0.41,,,2026-02-25T05:46:30.019Z
mm1m38cjccywzlkxj,09988,阿里巴巴-W,2026-01-30,1,170.000,169.200,170.700,167.000,75134065.000,12712683798,2832426560000,0.45,,,2026-02-25T05:46:30.019Z
mm1m38cjf72ufvi6o,09988,阿里巴巴-W,2026-02-02,1,164.700,163.300,167.900,161.000,100747598.000,16452082753,2832426560000,0.58,,,2026-02-25T05:46:30.019Z
mm1m38cjnyho1h7lz,09988,阿里巴巴-W,2026-02-03,1,165.400,161.000,166.000,155.200,111086312.000,17884896232,2832426560000,0.63,,,2026-02-25T05:46:30.019Z
mm1m38ckyoxug6mu3,09988,阿里巴巴-W,2026-02-04,1,159.400,159.500,162.300,157.100,71689072.000,11434406984,2832426560000,0.40,,,2026-02-25T05:46:30.019Z
mm1m38ckjhf79881w,09988,阿里巴巴-W,2026-02-05,1,155.500,159.600,160.400,154.000,89720504.000,14319392438,2832426560000,0.51,,,2026-02-25T05:46:30.019Z
mm1m38cke3arco5fs,09988,阿里巴巴-W,2026-02-06,1,153.500,155.000,156.800,153.200,78125091.000,12109389105,2832426560000,0.43,,,2026-02-25T05:46:30.019Z
mm1m38uwlslsjpyr4,09660,地平线机器人-W,2026-01-09,1,9.760,9.550,9.790,9.500,119136940.000,1137757777,124687540000,0.91,,,2026-02-25T05:46:30.680Z
mm1m38uwi1h7wez2t,09660,地平线机器人-W,2026-01-12,1,9.640,9.150,9.700,8.800,346268616.000,3168357836,124687540000,2.54,,,2026-02-25T05:46:30.680Z
mm1m38uwnc3qfoqci,09660,地平线机器人-W,2026-01-13,1,9.250,9.400,9.430,9.030,138949323.000,1306123636,124687540000,1.05,,,2026-02-25T05:46:30.680Z
mm1m38uw7slx1l2fi,09660,地平线机器人-W,2026-01-14,1,9.420,9.210,9.490,9.040,160022761.000,1473809629,124687540000,1.18,,,2026-02-25T05:46:30.680Z
mm1m38uwkv0hzeqyy,09660,地平线机器人-W,2026-01-15,1,9.290,9.380,9.550,9.160,118501458.000,1111543676,124687540000,0.89,,,2026-02-25T05:46:30.680Z
mm1m38uw5zocrnefk,09660,地平线机器人-W,2026-01-16,1,9.520,9.370,9.650,9.310,123470023.000,1156914116,124687540000,0.93,,,2026-02-25T05:46:30.680Z
mm1m38uw3bsj8ioal,09660,地平线机器人-W,2026-01-19,1,9.330,9.390,9.490,9.250,70958737.000,666302540,124687540000,0.53,,,2026-02-25T05:46:30.680Z
mm1m38uwxp1e3ijot,09660,地平线机器人-W,2026-01-20,1,9.490,9.210,9.620,9.150,101521008.000,935008484,124687540000,0.75,,,2026-02-25T05:46:30.680Z
mm1m38uwhbl60o75t,09660,地平线机器人-W,2026-01-21,1,9.190,9.290,9.320,9.000,93971558.000,872995774,124687540000,0.70,,,2026-02-25T05:46:30.680Z
mm1m38uwj3vki5mbs,09660,地平线机器人-W,2026-01-22,1,9.350,8.890,9.440,8.680,217016881.000,1929280072,124687540000,1.55,,,2026-02-25T05:46:30.680Z
mm1m38uwtf4ie0pon,09660,地平线机器人-W,2026-01-23,1,9.000,9.050,9.120,8.750,125879932.000,1139213385,124687540000,0.91,,,2026-02-25T05:46:30.680Z
mm1m38uwmj8jeg55o,09660,地平线机器人-W,2026-01-26,1,9.120,8.900,9.130,8.780,88885594.000,791081787,124687540000,0.63,,,2026-02-25T05:46:30.680Z
mm1m38uwk1eub3r2s,09660,地平线机器人-W,2026-01-27,1,8.930,8.880,8.940,8.570,95036743.000,843926278,124687540000,0.68,,,2026-02-25T05:46:30.680Z
mm1m38uwkkth81p9i,09660,地平线机器人-W,2026-01-28,1,8.910,8.920,8.970,8.780,77345974.000,689926088,124687540000,0.55,,,2026-02-25T05:46:30.680Z
mm1m38uwdthboj03s,09660,地平线机器人-W,2026-01-29,1,8.900,8.390,8.910,8.360,243779614.000,2045310961,124687540000,1.64,,,2026-02-25T05:46:30.680Z
mm1m38uwzingunm5k,09660,地平线机器人-W,2026-01-30,1,8.340,8.230,8.340,8.020,186385182.000,1533950048,124687540000,1.23,,,2026-02-25T05:46:30.680Z
mm1m38uwhl5lvo4a0,09660,地平线机器人-W,2026-02-02,1,8.230,7.980,8.230,7.900,148084136.000,1181711405,124687540000,0.95,,,2026-02-25T05:46:30.680Z
mm1m38uw9fusj0mu9,09660,地平线机器人-W,2026-02-03,1,8.000,8.090,8.190,7.900,143026981.000,1157088276,124687540000,0.93,,,2026-02-25T05:46:30.680Z
mm1m38uwy3kkja3xo,09660,地平线机器人-W,2026-02-04,1,8.090,7.960,8.100,7.790,120616416.000,960106671,124687540000,0.77,,,2026-02-25T05:46:30.680Z
mm1m38uw2000lenav,09660,地平线机器人-W,2026-02-05,1,7.880,8.250,8.260,7.760,204296556.000,1685446587,124687540000,1.35,,,2026-02-25T05:46:30.680Z
mm1m38uw2a6iwt7by,09660,地平线机器人-W,2026-02-06,1,8.000,8.060,8.180,7.980,70402680.000,567445601,124687540000,0.46,,,2026-02-25T05:46:30.680Z
mm1m39dem1xfi5iq7,01801,信达生物,2026-01-09,1,87.900,89.300,89.700,87.250,10355540.000,924749722,153390450000,0.60,,,2026-02-25T05:46:31.346Z
mm1m39debyw16x9n4,01801,信达生物,2026-01-12,1,89.200,89.450,90.450,88.000,13377301.000,1196599574,153390450000,0.78,,,2026-02-25T05:46:31.346Z
mm1m39deld5nz0nnk,01801,信达生物,2026-01-13,1,90.600,89.350,92.750,88.200,15968502.000,1426785654,153390450000,0.93,,,2026-02-25T05:46:31.346Z
mm1m39dec1d6dqq05,01801,信达生物,2026-01-14,1,90.000,89.450,91.850,88.400,9961587.000,891063957,153390450000,0.58,,,2026-02-25T05:46:31.346Z
mm1m39de0a1l18kmh,01801,信达生物,2026-01-15,1,90.850,89.000,91.450,88.400,11496890.000,1023223210,153390450000,0.67,,,2026-02-25T05:46:31.346Z
mm1m39de17mf1c7ta,01801,信达生物,2026-01-16,1,89.050,89.500,90.450,88.350,6745760.000,603745520,153390450000,0.39,,,2026-02-25T05:46:31.346Z
mm1m39de6u5g1uvf3,01801,信达生物,2026-01-19,1,88.200,85.350,89.350,83.600,14220211.000,1213695009,153390450000,0.79,,,2026-02-25T05:46:31.346Z
mm1m39deznhanjqiz,01801,信达生物,2026-01-20,1,85.100,83.200,86.050,82.750,9115621.000,758419667,153390450000,0.49,,,2026-02-25T05:46:31.346Z
mm1m39derusu8bzye,01801,信达生物,2026-01-21,1,83.500,82.700,83.750,81.550,9690567.000,801409891,153390450000,0.52,,,2026-02-25T05:46:31.346Z
mm1m39deeb88zyg07,01801,信达生物,2026-01-22,1,83.800,81.400,83.800,80.450,11677219.000,950525627,153390450000,0.62,,,2026-02-25T05:46:31.346Z
mm1m39dedt7ycq366,01801,信达生物,2026-01-23,1,82.000,83.700,84.200,81.200,12098345.000,1012631477,153390450000,0.66,,,2026-02-25T05:46:31.346Z
mm1m39de8fk0rhjf7,01801,信达生物,2026-01-26,1,83.500,81.650,84.150,80.750,7616737.000,621906576,153390450000,0.41,,,2026-02-25T05:46:31.346Z
mm1m39dehej41lrsd,01801,信达生物,2026-01-27,1,81.900,81.850,82.400,80.300,6794942.000,556166003,153390450000,0.36,,,2026-02-25T05:46:31.346Z
mm1m39de3ijouh8ux,01801,信达生物,2026-01-28,1,83.000,84.550,84.550,81.900,11596536.000,980487119,153390450000,0.64,,,2026-02-25T05:46:31.346Z
mm1m39dey62fqlfv0,01801,信达生物,2026-01-29,1,83.400,82.500,83.850,82.100,8373093.000,690780173,153390450000,0.45,,,2026-02-25T05:46:31.346Z
mm1m39deg24ll1qub,01801,信达生物,2026-01-30,1,82.500,81.100,84.500,80.750,8276823.000,671250345,153390450000,0.44,,,2026-02-25T05:46:31.346Z
mm1m39debn8bkdq76,01801,信达生物,2026-02-02,1,81.000,78.700,81.600,77.800,8446227.000,664718065,153390450000,0.43,,,2026-02-25T05:46:31.346Z
mm1m39deius7xet5x,01801,信达生物,2026-02-03,1,78.700,78.800,79.400,77.150,6865767.000,541022440,153390450000,0.35,,,2026-02-25T05:46:31.346Z
mm1m39detis9wodnr,01801,信达生物,2026-02-04,1,79.200,80.650,81.850,77.300,9258513.000,746699073,153390450000,0.49,,,2026-02-25T05:46:31.346Z
mm1m39de0hgxlpgse,01801,信达生物,2026-02-05,1,79.300,79.900,81.550,76.750,15014522.000,1199660308,153390450000,0.78,,,2026-02-25T05:46:31.346Z
mm1m39derey225lnt,01801,信达生物,2026-02-06,1,77.100,79.500,80.950,77.100,8294071.000,659378645,153390450000,0.43,,,2026-02-25T05:46:31.346Z
mm1m39vppr08885up,06969,思摩尔国际,2026-01-09,1,12.040,11.790,12.050,11.740,17882234.000,210831539,76131100000,0.28,,,2026-02-25T05:46:32.005Z
mm1m39vpfkhc4ujep,06969,思摩尔国际,2026-01-12,1,11.620,11.700,11.770,10.970,28714819.000,335963382,76131100000,0.44,,,2026-02-25T05:46:32.005Z
mm1m39vpxaga1ws83,06969,思摩尔国际,2026-01-13,1,11.710,11.230,11.850,11.080,25284834.000,283948686,76131100000,0.37,,,2026-02-25T05:46:32.005Z
mm1m39vpb1rb6apdd,06969,思摩尔国际,2026-01-14,1,11.230,11.150,11.250,10.940,23187000.000,258535050,76131100000,0.34,,,2026-02-25T05:46:32.005Z
mm1m39vppfoop9bgd,06969,思摩尔国际,2026-01-15,1,11.160,11.180,11.200,11.020,10729000.000,119950220,76131100000,0.16,,,2026-02-25T05:46:32.005Z
mm1m39vp8yfxh7al9,06969,思摩尔国际,2026-01-16,1,11.220,10.930,11.250,10.860,16285735.000,178003084,76131100000,0.23,,,2026-02-25T05:46:32.005Z
mm1m39vpiwn5xc9y8,06969,思摩尔国际,2026-01-19,1,10.890,10.670,10.940,10.550,20273747.000,216320880,76131100000,0.28,,,2026-02-25T05:46:32.005Z
mm1m39vpv9xqw8tan,06969,思摩尔国际,2026-01-20,1,10.590,10.980,11.200,10.590,15773900.000,173197422,76131100000,0.23,,,2026-02-25T05:46:32.005Z
mm1m39vpqodkl8c8j,06969,思摩尔国际,2026-01-21,1,11.000,10.760,11.000,10.600,11096794.000,119401503,76131100000,0.16,,,2026-02-25T05:46:32.005Z
mm1m39vp167re3ohh,06969,思摩尔国际,2026-01-22,1,10.800,11.000,11.030,10.700,12364252.000,136006772,76131100000,0.18,,,2026-02-25T05:46:32.005Z
mm1m39vp7j6yiemu8,06969,思摩尔国际,2026-01-23,1,11.000,10.890,11.090,10.860,7167763.000,78056939,76131100000,0.10,,,2026-02-25T05:46:32.005Z
mm1m39vp5yi55xu92,06969,思摩尔国际,2026-01-26,1,10.890,10.750,10.950,10.570,7888379.000,84800074,76131100000,0.11,,,2026-02-25T05:46:32.005Z
mm1m39vpicqur56r9,06969,思摩尔国际,2026-01-27,1,10.720,10.660,10.800,10.560,6667704.000,71077725,76131100000,0.09,,,2026-02-25T05:46:32.005Z
mm1m39vpzmzefugus,06969,思摩尔国际,2026-01-28,1,10.610,10.840,10.950,10.550,10169856.000,110241239,76131100000,0.14,,,2026-02-25T05:46:32.005Z
mm1m39vphtfrt4yqh,06969,思摩尔国际,2026-01-29,1,10.920,11.390,11.550,10.680,41454107.000,472162279,76131100000,0.62,,,2026-02-25T05:46:32.005Z
mm1m39vpb3222n2w9,06969,思摩尔国际,2026-01-30,1,11.390,11.320,11.440,11.080,20923503.000,236854054,76131100000,0.31,,,2026-02-25T05:46:32.005Z
mm1m39vp1zy4f0b2g,06969,思摩尔国际,2026-02-02,1,11.260,11.130,11.590,11.050,13111000.000,145925430,76131100000,0.19,,,2026-02-25T05:46:32.005Z
mm1m39vpyxajkca1s,06969,思摩尔国际,2026-02-03,1,11.140,10.830,11.360,10.700,13227410.000,143252850,76131100000,0.19,,,2026-02-25T05:46:32.005Z
mm1m39vp9cvm5yusq,06969,思摩尔国际,2026-02-04,1,10.780,11.010,11.080,10.640,7774999.000,85602739,76131100000,0.11,,,2026-02-25T05:46:32.005Z
mm1m39vpa4f9vxq9o,06969,思摩尔国际,2026-02-05,1,11.010,12.000,12.260,10.870,52663904.000,631966848,76131100000,0.83,,,2026-02-25T05:46:32.005Z
mm1m39vpdnrriilqj,06969,思摩尔国际,2026-02-06,1,11.830,12.130,12.340,11.320,43077977.000,522535861,76131100000,0.69,,,2026-02-25T05:46:32.005Z
mm1m3adwi0hegfh1g,000034,神州数码,2026-01-06,1,39.620,39.960,39.990,39.350,21162700,845661492,27035000000,3.13,,,2026-02-25T05:46:32.660Z
mm1m3adw5kifszozf,000034,神州数码,2026-01-07,1,40.100,39.570,40.180,39.440,19345700,765509349,27035000000,2.83,,,2026-02-25T05:46:32.660Z
mm1m3adw928z9oza5,000034,神州数码,2026-01-08,1,39.490,40.230,40.880,39.440,31635000,1272676050,27035000000,4.71,,,2026-02-25T05:46:32.660Z
mm1m3adwwe8d7sflg,000034,神州数码,2026-01-09,1,40.050,41.100,41.110,39.930,29186500,1199565150,27035000000,4.44,,,2026-02-25T05:46:32.660Z
mm1m3adwstsp270jd,000034,神州数码,2026-01-12,1,41.400,42.400,42.480,41.120,41573700,1762724880,27035000000,6.52,,,2026-02-25T05:46:32.660Z
mm1m3adwxlfct16bd,000034,神州数码,2026-01-13,1,42.580,40.830,42.610,40.760,33021000,1348247430,27035000000,4.99,,,2026-02-25T05:46:32.660Z
mm1m3adws4q1wr60a,000034,神州数码,2026-01-14,1,41.350,41.880,42.680,41.080,39197800,1641603864,27035000000,6.07,,,2026-02-25T05:46:32.660Z
mm1m3adw2tlmjw220,000034,神州数码,2026-01-15,1,42.060,41.720,42.580,41.400,26440600,1103101832,27035000000,4.08,,,2026-02-25T05:46:32.660Z
mm1m3adwl1a1ldf4v,000034,神州数码,2026-01-16,1,41.500,41.120,41.890,40.220,28737700,1181694224,27035000000,4.37,,,2026-02-25T05:46:32.660Z
mm1m3adwimrcvg2cg,000034,神州数码,2026-01-19,1,40.860,40.390,41.080,40.220,19104600,771634794,27035000000,2.85,,,2026-02-25T05:46:32.660Z
mm1m3adwvhinuuphe,000034,神州数码,2026-01-20,1,40.390,39.790,40.680,39.410,18408900,732490131,27035000000,2.71,,,2026-02-25T05:46:32.660Z
mm1m3adw9tzc1r11z,000034,神州数码,2026-01-21,1,39.220,40.000,40.480,39.220,14831600,593264000,27035000000,2.19,,,2026-02-25T05:46:32.660Z
mm1m3adw6fxydqjkt,000034,神州数码,2026-01-22,1,40.500,40.620,41.950,40.300,24808200,1007709084,27035000000,3.73,,,2026-02-25T05:46:32.660Z
mm1m3adwti5kiyzi0,000034,神州数码,2026-01-23,1,40.600,40.380,40.720,40.060,17962500,725325750,27035000000,2.68,,,2026-02-25T05:46:32.660Z
mm1m3adw1rxbtvzbb,000034,神州数码,2026-01-26,1,40.500,39.770,41.640,39.240,25664300,1020669211,27035000000,3.78,,,2026-02-25T05:46:32.660Z
mm1m3adwmasw4rm8o,000034,神州数码,2026-01-27,1,39.770,39.440,40.070,38.580,20444000,806311360,27035000000,2.98,,,2026-02-25T05:46:32.660Z
mm1m3adwss1ow5ka6,000034,神州数码,2026-01-28,1,40.040,39.800,40.800,39.750,27561500,1096947700,27035000000,4.06,,,2026-02-25T05:46:32.660Z
mm1m3adwe5tauobbx,000034,神州数码,2026-01-29,1,39.460,38.840,40.100,38.500,20503700,796363708,27035000000,2.95,,,2026-02-25T05:46:32.660Z
mm1m3adwk2sxru3rv,000034,神州数码,2026-01-30,1,38.600,38.040,39.200,37.710,17083500,649856340,27035000000,2.40,,,2026-02-25T05:46:32.660Z
mm1m3adw10i3xy08s,000034,神州数码,2026-02-02,1,37.880,36.750,38.200,36.720,18820400,691649700,27035000000,2.56,,,2026-02-25T05:46:32.660Z
mm1m3adwyymd91icb,000034,神州数码,2026-02-03,1,37.170,37.530,37.590,36.530,17853900,670056867,27035000000,2.48,,,2026-02-25T05:46:32.660Z
mm1m3awej7fysk5ma,600276,恒瑞医药,2026-01-06,1,63.360,63.060,63.480,62.400,46352500,2922988650,384028000000,0.76,,,2026-02-25T05:46:33.326Z
mm1m3aweb2kyyymac,600276,恒瑞医药,2026-01-07,1,63.010,63.850,64.800,63.000,52465200,3349903020,384028000000,0.87,,,2026-02-25T05:46:33.326Z
mm1m3awewzmz8mh4n,600276,恒瑞医药,2026-01-08,1,65.000,63.600,65.050,63.030,44774900,2847683640,384028000000,0.74,,,2026-02-25T05:46:33.326Z
mm1m3awezphd3gnj8,600276,恒瑞医药,2026-01-09,1,63.580,63.780,64.200,62.800,42635800,2719311324,384028000000,0.71,,,2026-02-25T05:46:33.326Z
mm1m3awen3prhd7lx,600276,恒瑞医药,2026-01-12,1,64.100,63.850,64.300,63.210,42877000,2737696450,384028000000,0.71,,,2026-02-25T05:46:33.326Z
mm1m3awe96uf0wbr9,600276,恒瑞医药,2026-01-13,1,64.300,64.520,65.830,64.050,74034000,4776673680,384028000000,1.24,,,2026-02-25T05:46:33.326Z
mm1m3awebvyfw87ey,600276,恒瑞医药,2026-01-14,1,64.550,63.610,65.600,63.200,62925500,4002691055,384028000000,1.04,,,2026-02-25T05:46:33.326Z
mm1m3awe8zclokxv9,600276,恒瑞医药,2026-01-15,1,63.180,63.170,63.830,62.700,46761200,2953905004,384028000000,0.77,,,2026-02-25T05:46:33.326Z
mm1m3awesmgmzc0le,600276,恒瑞医药,2026-01-16,1,63.350,61.940,63.520,61.660,52378600,3244330484,384028000000,0.84,,,2026-02-25T05:46:33.326Z
mm1m3awean577b8c4,600276,恒瑞医药,2026-01-19,1,61.800,61.120,62.380,60.660,47389100,2896421792,384028000000,0.75,,,2026-02-25T05:46:33.326Z
mm1m3awe0031tnvva,600276,恒瑞医药,2026-01-20,1,61.130,60.500,61.650,60.400,42775500,2587917750,384028000000,0.67,,,2026-02-25T05:46:33.326Z
mm1m3aweycqfx44mg,600276,恒瑞医药,2026-01-21,1,60.510,60.100,60.880,59.860,54603500,3281670350,384028000000,0.85,,,2026-02-25T05:46:33.326Z
mm1m3aweioerywf06,600276,恒瑞医药,2026-01-22,1,60.360,59.440,60.360,59.300,53706800,3192332192,384028000000,0.83,,,2026-02-25T05:46:33.326Z
mm1m3awevvfexxna1,600276,恒瑞医药,2026-01-23,1,59.730,58.990,60.270,58.760,80804300,4766645657,384028000000,1.24,,,2026-02-25T05:46:33.326Z
mm1m3awec5ppnn9r9,600276,恒瑞医药,2026-01-26,1,58.990,58.160,59.160,58.050,72732900,4230145464,384028000000,1.10,,,2026-02-25T05:46:33.326Z
mm1m3awelttq3n3rn,600276,恒瑞医药,2026-01-27,1,58.390,57.200,58.490,57.140,63725500,3645098600,384028000000,0.95,,,2026-02-25T05:46:33.326Z
mm1m3aweaztnhm74q,600276,恒瑞医药,2026-01-28,1,57.440,56.550,57.800,56.300,87875000,4969331250,384028000000,1.29,,,2026-02-25T05:46:33.326Z
mm1m3aweyxwky8jf1,600276,恒瑞医药,2026-01-29,1,56.350,58.110,58.370,56.080,1137825.000,66119011,384028000000,0.02,,,2026-02-25T05:46:33.326Z
mm1m3awe9q6euss7v,600276,恒瑞医药,2026-01-30,1,58.000,58.160,59.790,57.760,85204500,4955493720,384028000000,1.29,,,2026-02-25T05:46:33.326Z
mm1m3aweypfa6f6d3,600276,恒瑞医药,2026-02-02,1,57.760,56.490,58.330,56.310,60958000,3443517420,384028000000,0.90,,,2026-02-25T05:46:33.326Z
mm1m3awedinqj1wrz,600276,恒瑞医药,2026-02-03,1,57.000,57.470,57.690,56.500,49883500,2866804745,384028000000,0.75,,,2026-02-25T05:46:33.326Z
mm1m3bf8xphgjd6vr,03690,美团-W,2026-01-09,1,100.000,98.500,100.600,98.200,71605201.000,7053112299,505460990000,1.40,,,2026-02-25T05:46:34.003Z
mm1m3bf8b3rnjdocy,03690,美团-W,2026-01-12,1,101.300,105.000,106.400,100.800,108743770.000,11418095850,505460990000,2.26,,,2026-02-25T05:46:34.003Z
mm1m3bf8e1bie4cb2,03690,美团-W,2026-01-13,1,106.500,104.900,107.000,103.900,52013088.000,5456172931,505460990000,1.08,,,2026-02-25T05:46:34.003Z
mm1m3bf88jkqlu9fr,03690,美团-W,2026-01-14,1,104.900,101.500,104.900,100.400,80092305.000,8129368958,505460990000,1.61,,,2026-02-25T05:46:34.003Z
mm1m3bf80dopog34w,03690,美团-W,2026-01-15,1,102.000,100.800,102.300,100.200,39093176.000,3940592141,505460990000,0.78,,,2026-02-25T05:46:34.003Z
mm1m3bf8008fla8s0,03690,美团-W,2026-01-16,1,101.900,100.000,102.500,99.350,37523001.000,3752300100,505460990000,0.74,,,2026-02-25T05:46:34.003Z
mm1m3bf8vr1vt5f90,03690,美团-W,2026-01-19,1,98.800,98.500,99.900,98.300,37288820.000,3672948770,505460990000,0.73,,,2026-02-25T05:46:34.003Z
mm1m3bf8wfi3s06af,03690,美团-W,2026-01-20,1,98.300,97.350,99.450,97.050,45401371.000,4419823467,505460990000,0.87,,,2026-02-25T05:46:34.003Z
mm1m3bf8791lm8263,03690,美团-W,2026-01-21,1,97.000,97.300,98.000,96.300,38515912.000,3747598238,505460990000,0.74,,,2026-02-25T05:46:34.003Z
mm1m3bf82pzs71ekk,03690,美团-W,2026-01-22,1,97.350,97.000,98.100,96.200,34480371.000,3344595987,505460990000,0.66,,,2026-02-25T05:46:34.003Z
mm1m3bf8dbldc1eka,03690,美团-W,2026-01-23,1,97.300,97.550,98.800,97.000,37200891.000,3628946917,505460990000,0.72,,,2026-02-25T05:46:34.003Z
mm1m3bf8oiqzpuykk,03690,美团-W,2026-01-26,1,97.950,97.100,97.950,96.200,31250095.000,3034384225,505460990000,0.60,,,2026-02-25T05:46:34.003Z
mm1m3bf84yp7djv74,03690,美团-W,2026-01-27,1,97.100,96.550,97.550,96.200,27407450.000,2646189298,505460990000,0.52,,,2026-02-25T05:46:34.003Z
mm1m3bf8d7ahicyv6,03690,美团-W,2026-01-28,1,97.000,98.350,98.400,96.100,39950423.000,3929124102,505460990000,0.78,,,2026-02-25T05:46:34.003Z
mm1m3bf8hzzr6vnpw,03690,美团-W,2026-01-29,1,97.300,98.600,98.900,97.050,27680308.000,2729278369,505460990000,0.54,,,2026-02-25T05:46:34.003Z
mm1m3bf8p3sg7iq7x,03690,美团-W,2026-01-30,1,98.050,97.200,98.950,97.200,28956959.000,2814616415,505460990000,0.56,,,2026-02-25T05:46:34.003Z
mm1m3bf8hboztb24c,03690,美团-W,2026-02-02,1,96.500,94.850,96.950,94.050,54620063.000,5180712976,505460990000,1.02,,,2026-02-25T05:46:34.003Z
mm1m3bf8ky6b9t2ue,03690,美团-W,2026-02-03,1,95.100,93.200,95.650,91.150,50436330.000,4700665956,505460990000,0.93,,,2026-02-25T05:46:34.003Z
mm1m3bf8a3zd6aior,03690,美团-W,2026-02-04,1,91.500,92.150,92.650,90.700,53329150.000,4914281173,505460990000,0.97,,,2026-02-25T05:46:34.003Z
mm1m3bf8slgbeee8q,03690,美团-W,2026-02-05,1,90.200,93.800,93.950,90.200,39784843.000,3731818273,505460990000,0.74,,,2026-02-25T05:46:34.003Z
mm1m3bf8o18klhvcy,03690,美团-W,2026-02-06,1,92.550,91.400,94.500,91.150,39226920.000,3585340488,505460990000,0.71,,,2026-02-25T05:46:34.003Z
mm1m3bxtxbhuwvlr6,600563,法拉电子,2026-01-06,1,107.480,108.090,108.380,106.000,3846000,415714140,25949000000,1.60,,,2026-02-25T05:46:34.673Z
mm1m3bxta0mijo6oj,600563,法拉电子,2026-01-07,1,108.150,107.250,108.580,106.700,3334600,357635850,25949000000,1.38,,,2026-02-25T05:46:34.673Z
mm1m3bxt6fk66lldk,600563,法拉电子,2026-01-08,1,106.980,106.730,108.060,106.250,3395400,362391042,25949000000,1.40,,,2026-02-25T05:46:34.673Z
mm1m3bxt3g4mxjgdc,600563,法拉电子,2026-01-09,1,106.260,108.050,108.490,106.080,4054300,438067115,25949000000,1.69,,,2026-02-25T05:46:34.673Z
mm1m3bxtvp3rcmgv3,600563,法拉电子,2026-01-12,1,108.400,108.580,109.000,106.760,4229200,459206536,25949000000,1.77,,,2026-02-25T05:46:34.673Z
mm1m3bxtowv0faeyb,600563,法拉电子,2026-01-13,1,108.580,107.000,108.590,105.750,4705300,503467100,25949000000,1.94,,,2026-02-25T05:46:34.673Z
mm1m3bxt3wl0ydcfx,600563,法拉电子,2026-01-14,1,106.980,105.630,107.530,105.000,4945100,522350913,25949000000,2.01,,,2026-02-25T05:46:34.673Z
mm1m3bxt8njaard0l,600563,法拉电子,2026-01-15,1,105.210,105.500,106.370,104.640,3148800,332198400,25949000000,1.28,,,2026-02-25T05:46:34.673Z
mm1m3bxtvdfiwztw2,600563,法拉电子,2026-01-16,1,106.300,108.490,109.900,105.800,7722900,837857421,25949000000,3.23,,,2026-02-25T05:46:34.673Z
mm1m3bxtppsuc34kc,600563,法拉电子,2026-01-19,1,109.500,110.480,111.620,109.110,6063800,669928624,25949000000,2.58,,,2026-02-25T05:46:34.673Z
mm1m3bxt8kkhwsw9s,600563,法拉电子,2026-01-20,1,112.190,111.810,113.930,110.620,6598000,737722380,25949000000,2.84,,,2026-02-25T05:46:34.673Z
mm1m3bxt6ag6xryxn,600563,法拉电子,2026-01-21,1,110.610,115.590,116.280,110.200,8085500,934602945,25949000000,3.60,,,2026-02-25T05:46:34.673Z
mm1m3bxt77qkozhof,600563,法拉电子,2026-01-22,1,115.980,114.450,116.000,113.700,4918800,562956660,25949000000,2.17,,,2026-02-25T05:46:34.673Z
mm1m3bxti2ajvjzuo,600563,法拉电子,2026-01-23,1,115.150,117.560,118.300,115.100,5887900,692181524,25949000000,2.67,,,2026-02-25T05:46:34.673Z
mm1m3bxtcs94qy3up,600563,法拉电子,2026-01-26,1,117.580,115.990,117.690,114.410,6956700,806907633,25949000000,3.11,,,2026-02-25T05:46:34.673Z
mm1m3bxtaxgkg79p9,600563,法拉电子,2026-01-27,1,115.110,115.000,116.850,112.670,4935200,567548000,25949000000,2.19,,,2026-02-25T05:46:34.673Z
mm1m3bxtua561krfq,600563,法拉电子,2026-01-28,1,115.100,114.720,115.920,113.970,4599900,527700528,25949000000,2.03,,,2026-02-25T05:46:34.673Z
mm1m3bxtk50m70yox,600563,法拉电子,2026-01-29,1,114.700,110.700,114.700,110.440,5502800,609159960,25949000000,2.35,,,2026-02-25T05:46:34.673Z
mm1m3bxtizwdulm7h,600563,法拉电子,2026-01-30,1,110.240,108.690,111.120,106.600,4761400,517516566,25949000000,1.99,,,2026-02-25T05:46:34.673Z
mm1m3bxtfj9ul3j7o,600563,法拉电子,2026-02-02,1,107.900,103.690,108.880,103.680,5930600,614943914,25949000000,2.37,,,2026-02-25T05:46:34.673Z
mm1m3bxtrk2udsscr,600563,法拉电子,2026-02-03,1,105.000,107.350,107.370,104.870,4073100,437247285,25949000000,1.69,,,2026-02-25T05:46:34.673Z
mm1m3cg1tk9ez66h6,02015,理想汽车-W,2026-01-09,1,65.450,65.050,66.200,64.850,9191815.000,597927566,145039070000,0.41,,,2026-02-25T05:46:35.329Z
mm1m3cg1w8os5fg4e,02015,理想汽车-W,2026-01-12,1,64.600,65.050,65.100,63.000,15608119.000,1015308141,145039070000,0.70,,,2026-02-25T05:46:35.329Z
mm1m3cg1at2otgbeo,02015,理想汽车-W,2026-01-13,1,66.000,65.050,66.900,64.800,11705769.000,761460273,145039070000,0.53,,,2026-02-25T05:46:35.329Z
mm1m3cg1mwfhp9tqs,02015,理想汽车-W,2026-01-14,1,65.050,63.900,65.450,63.450,12037002.000,769164428,145039070000,0.53,,,2026-02-25T05:46:35.329Z
mm1m3cg191wo4hca6,02015,理想汽车-W,2026-01-15,1,63.800,64.250,65.050,63.400,8415486.000,540694976,145039070000,0.37,,,2026-02-25T05:46:35.329Z
mm1m3cg1ihmtup3sk,02015,理想汽车-W,2026-01-16,1,64.800,62.800,65.300,62.700,10717108.000,673034382,145039070000,0.46,,,2026-02-25T05:46:35.329Z
mm1m3cg17uprufa69,02015,理想汽车-W,2026-01-19,1,62.150,62.550,63.200,61.700,7763326.000,485596041,145039070000,0.33,,,2026-02-25T05:46:35.329Z
mm1m3cg1uu1e28vrk,02015,理想汽车-W,2026-01-20,1,62.750,61.850,63.300,61.850,8220565.000,508441945,145039070000,0.35,,,2026-02-25T05:46:35.329Z
mm1m3cg1jny5b4p7n,02015,理想汽车-W,2026-01-21,1,61.500,62.950,63.250,61.150,8465968.000,532932686,145039070000,0.37,,,2026-02-25T05:46:35.329Z
mm1m3cg1orn849osi,02015,理想汽车-W,2026-01-22,1,63.100,65.550,65.800,63.100,20120545.000,1318901725,145039070000,0.91,,,2026-02-25T05:46:35.329Z
mm1m3cg1ppib5hm9q,02015,理想汽车-W,2026-01-23,1,66.000,65.850,67.450,65.500,17818055.000,1173318922,145039070000,0.81,,,2026-02-25T05:46:35.329Z
mm1m3cg19xc9l2oaq,02015,理想汽车-W,2026-01-26,1,65.800,65.750,66.550,64.250,12928113.000,850023430,145039070000,0.59,,,2026-02-25T05:46:35.329Z
mm1m3cg1wgufco1go,02015,理想汽车-W,2026-01-27,1,66.050,65.300,66.850,65.300,6158334.000,402139210,145039070000,0.28,,,2026-02-25T05:46:35.329Z
mm1m3cg1jyjbqor4j,02015,理想汽车-W,2026-01-28,1,65.700,68.500,68.750,64.650,20336254.000,1393033399,145039070000,0.96,,,2026-02-25T05:46:35.329Z
mm1m3cg171d1ezhzr,02015,理想汽车-W,2026-01-29,1,68.000,67.700,68.050,66.550,14440261.000,977605670,145039070000,0.67,,,2026-02-25T05:46:35.329Z
mm1m3cg1ym12tc84y,02015,理想汽车-W,2026-01-30,1,67.500,65.950,67.500,65.650,10476879.000,690950170,145039070000,0.48,,,2026-02-25T05:46:35.329Z
mm1m3cg1g4u8kmg4a,02015,理想汽车-W,2026-02-02,1,65.000,64.450,65.650,63.400,12502037.000,805756285,145039070000,0.56,,,2026-02-25T05:46:35.329Z
mm1m3cg1hn36pzxfv,02015,理想汽车-W,2026-02-03,1,64.450,65.650,66.150,63.800,10110758.000,663771263,145039070000,0.46,,,2026-02-25T05:46:35.329Z
mm1m3cg1wjopo3adi,02015,理想汽车-W,2026-02-04,1,66.250,67.900,69.350,65.950,16295162.000,1106441500,145039070000,0.76,,,2026-02-25T05:46:35.329Z
mm1m3cg1qxh0c1uhq,02015,理想汽车-W,2026-02-05,1,67.500,69.200,69.750,67.300,14535218.000,1005837086,145039070000,0.69,,,2026-02-25T05:46:35.329Z
mm1m3cg1vkuh3s2hn,02015,理想汽车-W,2026-02-06,1,68.700,71.700,73.050,68.550,29398184.000,2107849793,145039070000,1.45,,,2026-02-25T05:46:35.329Z
mm1m3cyb37seriuui,600519,贵州茅台,2026-01-06,1,1432.550,1428.010,1436.970,1416.530,3958600,5652920386,1867961000000,0.30,,,2026-02-25T05:46:35.987Z
mm1m3cybr922kqxbe,600519,贵州茅台,2026-01-07,1,1432.880,1423.360,1435.000,1420.200,2968400,4225101824,1867961000000,0.23,,,2026-02-25T05:46:35.987Z
mm1m3cybzb4pa5lus,600519,贵州茅台,2026-01-08,1,1423.330,1412.300,1423.360,1408.140,2913500,4114736050,1867961000000,0.22,,,2026-02-25T05:46:35.987Z
mm1m3cyb6e6ma92no,600519,贵州茅台,2026-01-09,1,1417.000,1419.100,1428.600,1416.010,2984800,4235729680,1867961000000,0.23,,,2026-02-25T05:46:35.987Z
mm1m3cybmmz661a0r,600519,贵州茅台,2026-01-12,1,1419.100,1423.230,1431.000,1417.100,3608300,5135440809,1867961000000,0.27,,,2026-02-25T05:46:35.987Z
mm1m3cyb769ov99i7,600519,贵州茅台,2026-01-13,1,1426.790,1411.000,1429.520,1408.990,3916900,5526745900,1867961000000,0.30,,,2026-02-25T05:46:35.987Z
mm1m3cyboc7h861nf,600519,贵州茅台,2026-01-14,1,1411.000,1398.010,1422.250,1396.180,5175800,7235820158,1867961000000,0.39,,,2026-02-25T05:46:35.987Z
mm1m3cybwffayalq3,600519,贵州茅台,2026-01-15,1,1396.020,1388.890,1402.830,1388.580,4090700,5681532323,1867961000000,0.30,,,2026-02-25T05:46:35.987Z
mm1m3cybets3gwb17,600519,贵州茅台,2026-01-16,1,1395.000,1382.000,1397.500,1380.000,5512100,7617722200,1867961000000,0.41,,,2026-02-25T05:46:35.987Z
mm1m3cyb5ix2ao84h,600519,贵州茅台,2026-01-19,1,1381.900,1376.000,1387.490,1375.000,4228600,5818553600,1867961000000,0.31,,,2026-02-25T05:46:35.987Z
mm1m3cybwfw2vd5p9,600519,贵州茅台,2026-01-20,1,1379.500,1373.550,1381.580,1372.050,3648400,5011259820,1867961000000,0.27,,,2026-02-25T05:46:35.987Z
mm1m3cybbceow89an,600519,贵州茅台,2026-01-21,1,1373.560,1351.060,1374.400,1350.000,6451600,8716498696,1867961000000,0.47,,,2026-02-25T05:46:35.987Z
mm1m3cyb0pl5jigvt,600519,贵州茅台,2026-01-22,1,1352.010,1340.060,1361.760,1337.480,5901100,7907828066,1867961000000,0.42,,,2026-02-25T05:46:35.987Z
mm1m3cybv58mnknr3,600519,贵州茅台,2026-01-23,1,1340.100,1337.000,1348.000,1332.470,6194900,8282581300,1867961000000,0.44,,,2026-02-25T05:46:35.987Z
mm1m3cyblvyj19nd7,600519,贵州茅台,2026-01-26,1,1340.510,1342.000,1355.000,1325.120,8016600,10758277200,1867961000000,0.58,,,2026-02-25T05:46:35.987Z
mm1m3cybhiv0e61wr,600519,贵州茅台,2026-01-27,1,1344.980,1343.010,1353.700,1338.000,4841600,6502317216,1867961000000,0.35,,,2026-02-25T05:46:35.987Z
mm1m3cyb356immkf9,600519,贵州茅台,2026-01-28,1,1343.040,1323.690,1346.710,1322.010,7621800,10088900442,1867961000000,0.54,,,2026-02-25T05:46:35.987Z
mm1m3cyb5u8lrjadn,600519,贵州茅台,2026-01-29,1,1335.000,1437.720,1445.000,1329.060,18953400,27249682248,1867961000000,1.46,,,2026-02-25T05:46:35.987Z
mm1m3cyb8o2f39jzz,600519,贵州茅台,2026-01-30,1,1435.000,1401.000,1435.000,1401.000,9448000,13236648000,1867961000000,0.71,,,2026-02-25T05:46:35.987Z
mm1m3cybmsx84eih6,600519,贵州茅台,2026-02-02,1,1425.000,1427.000,1458.580,1411.620,8572400,12232814800,1867961000000,0.65,,,2026-02-25T05:46:35.987Z
mm1m3cybn5vp5ifdh,600519,贵州茅台,2026-02-03,1,1445.000,1474.920,1476.810,1443.030,8632100,12731656932,1867961000000,0.68,,,2026-02-25T05:46:35.987Z
mm1m3dgojkhbefd8l,600845,宝信软件,2026-01-06,1,20.820,21.000,21.000,20.710,16196800,340132800,67463000000,0.50,,,2026-02-25T05:46:36.648Z
mm1m3dgo72vn39qor,600845,宝信软件,2026-01-07,1,21.000,20.780,21.030,20.730,11882600,246920428,67463000000,0.37,,,2026-02-25T05:46:36.648Z
mm1m3dgo5mlrv7h74,600845,宝信软件,2026-01-08,1,21.610,22.860,22.860,21.600,46774500,1069265070,67463000000,1.58,,,2026-02-25T05:46:36.648Z
mm1m3dgoz8gyjagv9,600845,宝信软件,2026-01-09,1,23.230,23.730,24.170,22.850,92724100,2200342893,67463000000,3.26,,,2026-02-25T05:46:36.648Z
mm1m3dgoomp0szz78,600845,宝信软件,2026-01-12,1,23.900,24.940,25.160,23.900,81401100,2030143434,67463000000,3.01,,,2026-02-25T05:46:36.648Z
mm1m3dgo33sxh9cas,600845,宝信软件,2026-01-13,1,24.930,23.800,24.930,23.710,66575300,1584492140,67463000000,2.35,,,2026-02-25T05:46:36.648Z
mm1m3dgo4bncg2y9f,600845,宝信软件,2026-01-14,1,25.000,24.970,26.080,24.440,98469000,2458770930,67463000000,3.64,,,2026-02-25T05:46:36.648Z
mm1m3dgowuy6xdhsm,600845,宝信软件,2026-01-15,1,24.420,24.660,25.280,24.350,49810400,1228324464,67463000000,1.82,,,2026-02-25T05:46:36.648Z
mm1m3dgoqr7g7cp3n,600845,宝信软件,2026-01-16,1,24.620,23.890,24.910,23.810,43448700,1037989443,67463000000,1.54,,,2026-02-25T05:46:36.648Z
mm1m3dgo56aqt2sff,600845,宝信软件,2026-01-19,1,23.890,23.500,23.890,23.320,32850300,771982050,67463000000,1.14,,,2026-02-25T05:46:36.648Z
mm1m3dgo5qn0e12x0,600845,宝信软件,2026-01-20,1,23.790,23.430,23.860,23.250,22364800,524007264,67463000000,0.78,,,2026-02-25T05:46:36.648Z
mm1m3dgowktdq0rjx,600845,宝信软件,2026-01-21,1,23.280,23.540,23.880,23.150,29068300,684267782,67463000000,1.01,,,2026-02-25T05:46:36.648Z
mm1m3dgo7mbmkwanu,600845,宝信软件,2026-01-22,1,23.660,23.510,23.880,23.400,22376200,526064462,67463000000,0.78,,,2026-02-25T05:46:36.648Z
mm1m3dgoawx5grdag,600845,宝信软件,2026-01-23,1,23.700,23.860,23.990,23.600,27664500,660074970,67463000000,0.98,,,2026-02-25T05:46:36.648Z
mm1m3dgokqzzw4kzt,600845,宝信软件,2026-01-26,1,23.950,23.950,24.380,23.600,29703300,711394035,67463000000,1.05,,,2026-02-25T05:46:36.648Z
mm1m3dgodvhov97lr,600845,宝信软件,2026-01-27,1,24.050,23.510,24.200,23.500,21184500,498047595,67463000000,0.74,,,2026-02-25T05:46:36.648Z
mm1m3dgo2kf4gy3sp,600845,宝信软件,2026-01-28,1,23.880,23.940,24.440,23.720,36074800,863630712,67463000000,1.28,,,2026-02-25T05:46:36.648Z
mm1m3dgopjjkvlac6,600845,宝信软件,2026-01-29,1,23.790,23.650,24.450,23.350,35753500,845570275,67463000000,1.25,,,2026-02-25T05:46:36.648Z
mm1m3dgo9q7ihjf83,600845,宝信软件,2026-01-30,1,23.530,22.860,23.630,22.860,28214800,644990328,67463000000,0.96,,,2026-02-25T05:46:36.648Z
mm1m3dgo9ovopiuqo,600845,宝信软件,2026-02-02,1,22.980,22.630,23.290,22.620,18754000,424403020,67463000000,0.63,,,2026-02-25T05:46:36.648Z
mm1m3dgofri7mmg0f,600845,宝信软件,2026-02-03,1,22.850,23.140,23.150,22.700,15499900,358667686,67463000000,0.53,,,2026-02-25T05:46:36.648Z
mm1m3dytfn7psi8ge,300188,国投智能,2026-01-06,1,14.910,14.870,14.950,14.720,18197400,270595338,12119000000,2.23,,,2026-02-25T05:46:37.301Z
mm1m3dyt5puca31z1,300188,国投智能,2026-01-07,1,14.890,14.610,14.900,14.590,17484400,255447084,12119000000,2.11,,,2026-02-25T05:46:37.301Z
mm1m3dyts63x2awz1,300188,国投智能,2026-01-08,1,14.670,14.800,15.040,14.610,22741700,336577160,12119000000,2.78,,,2026-02-25T05:46:37.301Z
mm1m3dyty823y7pro,300188,国投智能,2026-01-09,1,14.770,15.190,15.190,14.730,26835200,407626688,12119000000,3.36,,,2026-02-25T05:46:37.301Z
mm1m3dytkq2cvk35l,300188,国投智能,2026-01-12,1,15.250,16.150,16.260,15.250,51014900,823890635,12119000000,6.80,,,2026-02-25T05:46:37.301Z
mm1m3dytgfvxztcxa,300188,国投智能,2026-01-13,1,16.420,15.430,16.540,15.370,42609500,657464585,12119000000,5.43,,,2026-02-25T05:46:37.301Z
mm1m3dyt5jb8ovodh,300188,国投智能,2026-01-14,1,15.400,15.880,16.280,15.390,49991100,793858668,12119000000,6.55,,,2026-02-25T05:46:37.301Z
mm1m3dytwnu73qkgh,300188,国投智能,2026-01-15,1,16.360,15.770,16.990,15.500,55377400,873301598,12119000000,7.21,,,2026-02-25T05:46:37.301Z
mm1m3dyt2ubw5ey79,300188,国投智能,2026-01-16,1,15.630,15.440,15.810,15.020,35553200,548941408,12119000000,4.53,,,2026-02-25T05:46:37.301Z
mm1m3dytn2id8zcca,300188,国投智能,2026-01-19,1,15.350,15.200,15.510,15.120,19080600,290025120,12119000000,2.39,,,2026-02-25T05:46:37.301Z
mm1m3dytpoctyofa1,300188,国投智能,2026-01-20,1,15.230,14.930,15.350,14.760,18894100,282088913,12119000000,2.33,,,2026-02-25T05:46:37.301Z
mm1m3dytqfph2j838,300188,国投智能,2026-01-21,1,14.830,14.700,15.030,14.700,19865900,292028730,12119000000,2.41,,,2026-02-25T05:46:37.301Z
mm1m3dyt4b0hsxfl5,300188,国投智能,2026-01-22,1,14.700,14.830,15.030,14.700,14065700,208594331,12119000000,1.72,,,2026-02-25T05:46:37.301Z
mm1m3dyt2qpwfzcq3,300188,国投智能,2026-01-23,1,14.890,15.200,15.520,14.810,24615800,374160160,12119000000,3.09,,,2026-02-25T05:46:37.301Z
mm1m3dytxn4di9ltd,300188,国投智能,2026-01-26,1,15.200,14.700,15.260,14.560,23161400,340472580,12119000000,2.81,,,2026-02-25T05:46:37.301Z
mm1m3dytr2a06dmhg,300188,国投智能,2026-01-27,1,14.660,14.510,14.790,14.240,17391300,252347763,12119000000,2.08,,,2026-02-25T05:46:37.301Z
mm1m3dytblsj7427s,300188,国投智能,2026-01-28,1,14.560,14.360,14.650,14.350,13307600,191097136,12119000000,1.58,,,2026-02-25T05:46:37.301Z
mm1m3dytkz24ap1b3,300188,国投智能,2026-01-29,1,14.300,14.340,14.700,14.080,21416300,307109742,12119000000,2.53,,,2026-02-25T05:46:37.301Z
mm1m3dyt4wtjfxu49,300188,国投智能,2026-01-30,1,14.330,13.920,14.350,13.910,20148400,280465728,12119000000,2.31,,,2026-02-25T05:46:37.301Z
mm1m3dyt2nv99g1nj,300188,国投智能,2026-02-02,1,13.600,13.680,14.000,13.510,14553100,199086408,12119000000,1.64,,,2026-02-25T05:46:37.301Z
mm1m3dytpfet6pulp,300188,国投智能,2026-02-03,1,13.730,13.880,13.910,13.650,10657400,147924712,12119000000,1.22,,,2026-02-25T05:46:37.301Z
mm1m3eh3fde8ro4bf,002063,远光软件,2026-01-06,1,6.160,6.210,6.220,6.140,37064800,230172408,12683000000,1.81,,,2026-02-25T05:46:37.959Z
mm1m3eh399u8irjdx,002063,远光软件,2026-01-07,1,6.210,6.150,6.210,6.130,31735400,195172710,12683000000,1.54,,,2026-02-25T05:46:37.959Z
mm1m3eh3q8ohzexgb,002063,远光软件,2026-01-08,1,6.150,6.300,6.420,6.120,67731800,426710340,12683000000,3.36,,,2026-02-25T05:46:37.959Z
mm1m3eh378qsakyms,002063,远光软件,2026-01-09,1,6.290,6.410,6.410,6.260,56802900,364106589,12683000000,2.87,,,2026-02-25T05:46:37.959Z
mm1m3eh34aen0ont0,002063,远光软件,2026-01-12,1,6.440,6.680,6.680,6.440,97992500,654589900,12683000000,5.16,,,2026-02-25T05:46:37.959Z
mm1m3eh3ycbxy8ekz,002063,远光软件,2026-01-13,1,6.660,6.530,6.670,6.520,83349000,544268970,12683000000,4.29,,,2026-02-25T05:46:37.959Z
mm1m3eh30wxd44h26,002063,远光软件,2026-01-14,1,6.600,6.760,6.910,6.600,1570215.000,10614653,12683000000,0.08,,,2026-02-25T05:46:37.959Z
mm1m3eh363901ydix,002063,远光软件,2026-01-15,1,6.700,6.680,6.770,6.610,72349200,483292656,12683000000,3.81,,,2026-02-25T05:46:37.959Z
mm1m3eh3sy2qenjmu,002063,远光软件,2026-01-16,1,6.900,6.670,6.980,6.650,97676500,651502255,12683000000,5.14,,,2026-02-25T05:46:37.959Z
mm1m3eh3ef1v7nz0f,002063,远光软件,2026-01-19,1,6.600,6.700,6.820,6.590,72866400,488204880,12683000000,3.85,,,2026-02-25T05:46:37.959Z
mm1m3eh3cqwxebbfz,002063,远光软件,2026-01-20,1,6.720,6.810,6.870,6.710,95321800,649141458,12683000000,5.12,,,2026-02-25T05:46:37.959Z
mm1m3eh34owox5e4z,002063,远光软件,2026-01-21,1,6.760,6.690,6.860,6.680,74632800,499293432,12683000000,3.94,,,2026-02-25T05:46:37.959Z
mm1m3eh3kszztd2ao,002063,远光软件,2026-01-22,1,6.740,6.770,6.810,6.710,53167400,359943298,12683000000,2.84,,,2026-02-25T05:46:37.959Z
mm1m3eh3tyhh4tdbz,002063,远光软件,2026-01-23,1,6.800,6.890,6.970,6.780,68558100,472365309,12683000000,3.72,,,2026-02-25T05:46:37.959Z
mm1m3eh3o1y0rg0at,002063,远光软件,2026-01-26,1,6.890,6.750,6.920,6.670,62404000,421227000,12683000000,3.32,,,2026-02-25T05:46:37.959Z
mm1m3eh39p7owghil,002063,远光软件,2026-01-27,1,6.720,6.690,6.770,6.580,48912700,327225963,12683000000,2.58,,,2026-02-25T05:46:37.959Z
mm1m3eh3abpe5hrse,002063,远光软件,2026-01-28,1,6.680,6.630,6.740,6.610,36262400,240419712,12683000000,1.90,,,2026-02-25T05:46:37.959Z
mm1m3eh347euf16tb,002063,远光软件,2026-01-29,1,6.610,6.580,6.740,6.500,50120600,329793548,12683000000,2.60,,,2026-02-25T05:46:37.959Z
mm1m3eh3bifllcpqc,002063,远光软件,2026-01-30,1,6.540,6.450,6.560,6.370,46692200,301164690,12683000000,2.37,,,2026-02-25T05:46:37.959Z
mm1m3eh3moy55499h,002063,远光软件,2026-02-02,1,6.430,6.390,6.580,6.380,48250600,308321334,12683000000,2.43,,,2026-02-25T05:46:37.959Z
mm1m3eh30zjscv3h1,002063,远光软件,2026-02-03,1,6.450,6.530,6.530,6.410,39111300,255396789,12683000000,2.01,,,2026-02-25T05:46:37.959Z
mm1m3ezcgtwvki7se,000032,深桑达A,2026-01-06,1,20.380,20.950,21.080,20.380,29467400,617342030,24146000000,2.56,,,2026-02-25T05:46:38.616Z
mm1m3ezc1yavgidri,000032,深桑达A,2026-01-07,1,20.950,20.960,21.380,20.740,33658300,705477968,24146000000,2.92,,,2026-02-25T05:46:38.616Z
mm1m3ezc8ix335noq,000032,深桑达A,2026-01-08,1,21.000,21.160,21.680,20.900,30930500,654489380,24146000000,2.71,,,2026-02-25T05:46:38.616Z
mm1m3ezc8ojcgdl45,000032,深桑达A,2026-01-09,1,21.150,21.770,21.990,21.010,38658100,841586837,24146000000,3.49,,,2026-02-25T05:46:38.616Z
mm1m3ezcuotibfhh9,000032,深桑达A,2026-01-12,1,21.920,22.820,22.970,21.520,58314500,1330736890,24146000000,5.51,,,2026-02-25T05:46:38.616Z
mm1m3ezcrtzqguita,000032,深桑达A,2026-01-13,1,23.010,22.090,23.010,22.000,42936400,948465076,24146000000,3.93,,,2026-02-25T05:46:38.616Z
mm1m3ezc08p9qrscn,000032,深桑达A,2026-01-14,1,22.460,23.260,24.180,22.270,77304700,1798107322,24146000000,7.45,,,2026-02-25T05:46:38.616Z
mm1m3ezc1kuqv7ynu,000032,深桑达A,2026-01-15,1,22.490,21.830,22.600,21.660,49533500,1081316305,24146000000,4.48,,,2026-02-25T05:46:38.616Z
mm1m3ezch1ki5uiz2,000032,深桑达A,2026-01-16,1,21.730,21.680,22.120,20.970,39359900,853322632,24146000000,3.53,,,2026-02-25T05:46:38.616Z
mm1m3ezc2toipk2pq,000032,深桑达A,2026-01-19,1,21.580,21.380,21.980,21.200,26957000,576340660,24146000000,2.39,,,2026-02-25T05:46:38.616Z
mm1m3ezc2f63pqs3u,000032,深桑达A,2026-01-20,1,21.490,20.840,21.650,20.570,24811900,517079996,24146000000,2.14,,,2026-02-25T05:46:38.616Z
mm1m3ezcnfmqacvu4,000032,深桑达A,2026-01-21,1,20.630,20.720,21.200,20.500,20221100,418981192,24146000000,1.74,,,2026-02-25T05:46:38.616Z
mm1m3ezc4638iuo0r,000032,深桑达A,2026-01-22,1,20.700,21.750,22.300,20.700,48167300,1047638775,24146000000,4.34,,,2026-02-25T05:46:38.616Z
mm1m3ezc5juk8wafu,000032,深桑达A,2026-01-23,1,21.610,21.800,21.960,21.380,25575900,557554620,24146000000,2.31,,,2026-02-25T05:46:38.616Z
mm1m3ezc2kfrr1f8x,000032,深桑达A,2026-01-26,1,21.780,21.710,22.300,21.150,27433600,595583456,24146000000,2.47,,,2026-02-25T05:46:38.616Z
mm1m3ezc90atbwkek,000032,深桑达A,2026-01-27,1,21.710,22.000,22.270,21.070,33579600,738751200,24146000000,3.06,,,2026-02-25T05:46:38.616Z
mm1m3ezc11mqvgrvr,000032,深桑达A,2026-01-28,1,22.400,21.630,22.600,21.560,32401700,700848771,24146000000,2.90,,,2026-02-25T05:46:38.616Z
mm1m3ezcx1yi4pfpe,000032,深桑达A,2026-01-29,1,21.250,21.410,22.380,20.980,51905500,1111296755,24146000000,4.60,,,2026-02-25T05:46:38.616Z
mm1m3ezcuqhtu6mj9,000032,深桑达A,2026-01-30,1,21.370,20.810,21.660,20.570,32467000,675638270,24146000000,2.80,,,2026-02-25T05:46:38.616Z
mm1m3ezcpevpesv6d,000032,深桑达A,2026-02-02,1,20.610,19.790,20.840,19.760,26547100,525367109,24146000000,2.18,,,2026-02-25T05:46:38.616Z
mm1m3ezc94i37ugi6,000032,深桑达A,2026-02-03,1,20.110,20.640,20.680,19.900,25080900,517669776,24146000000,2.14,,,2026-02-25T05:46:38.616Z
mm1m3ezchtsi8es17,000032,深桑达A,2026-02-04,1,20.520,20.360,20.660,19.830,24682300,502531628,24146000000,2.08,,,2026-02-25T05:46:38.616Z
mm1m3ezcjfadpkj24,000032,深桑达A,2026-02-05,1,20.100,19.860,20.160,19.660,15839200,314566512,24146000000,1.30,,,2026-02-25T05:46:38.616Z
mm1m3ezcgct0dhntp,000032,深桑达A,2026-02-06,1,19.620,19.580,19.950,19.360,16838600,329699788,24146000000,1.37,,,2026-02-25T05:46:38.616Z
mm1m3ezcy7secn0hw,000032,深桑达A,2026-02-09,1,19.900,20.330,20.560,19.830,25195000,512214350,24146000000,2.12,,,2026-02-25T05:46:38.616Z
mm1m3ezcc8agck8sw,000032,深桑达A,2026-02-10,1,20.450,20.550,20.710,20.240,17551400,360681270,24146000000,1.49,,,2026-02-25T05:46:38.616Z
mm1m3ezcsalum0kzx,000032,深桑达A,2026-02-11,1,20.500,20.420,20.850,20.400,12342800,252039976,24146000000,1.04,,,2026-02-25T05:46:38.616Z
mm1m3ezc9vkfihdtn,000032,深桑达A,2026-02-12,1,20.800,20.830,21.070,20.460,22327200,465075576,24146000000,1.93,,,2026-02-25T05:46:38.616Z
mm1m3ezcko0w6om96,000032,深桑达A,2026-02-13,1,20.540,20.800,21.100,20.530,20956700,435899360,24146000000,1.81,,,2026-02-25T05:46:38.616Z
mm1m3ezcl0b9rx8jx,000032,深桑达A,2026-02-24,1,20.800,19.900,21.000,19.850,27385500,544971450,24146000000,2.26,,,2026-02-25T05:46:38.616Z
mm25rf78qgq3bivyi,000032,深桑达A,2026-02-25,1,19.900,19.870,20.060,19.750,13791600,274039092,24146000000,1.13,,,2026-02-25T14:57:11.347Z
mm1m3fhfa3iciv0pb,603659,璞泰来,2026-01-06,1,27.880,27.880,28.360,27.750,30991900,864054172,63472000000,1.36,,,2026-02-25T05:46:39.267Z
mm1m3fhfl129n5q11,603659,璞泰来,2026-01-07,1,27.940,28.080,28.590,27.800,25904900,727409592,63472000000,1.15,,,2026-02-25T05:46:39.267Z
mm1m3fhfyxg4hadea,603659,璞泰来,2026-01-08,1,27.860,27.400,28.220,27.170,29711100,814084140,63472000000,1.28,,,2026-02-25T05:46:39.267Z
mm1m3fhf4mtzq3jm6,603659,璞泰来,2026-01-09,1,27.380,27.710,28.150,27.100,26605100,737227321,63472000000,1.16,,,2026-02-25T05:46:39.267Z
mm1m3fhf5ddyogm0d,603659,璞泰来,2026-01-12,1,27.280,26.950,27.880,26.350,48214900,1299391555,63472000000,2.05,,,2026-02-25T05:46:39.267Z
mm1m3fhfg2soxnwlf,603659,璞泰来,2026-01-13,1,26.960,26.680,27.380,26.570,30690400,818819872,63472000000,1.29,,,2026-02-25T05:46:39.267Z
mm1m3fhfo3hu8q0g7,603659,璞泰来,2026-01-14,1,26.690,26.860,27.550,26.480,36069100,968816026,63472000000,1.53,,,2026-02-25T05:46:39.267Z
mm1m3fhfid6fqh2bk,603659,璞泰来,2026-01-15,1,26.860,28.180,28.680,26.730,62275400,1754920772,63472000000,2.76,,,2026-02-25T05:46:39.267Z
mm1m3fhfxg22cw19c,603659,璞泰来,2026-01-16,1,28.980,28.170,29.000,28.060,38426200,1082466054,63472000000,1.71,,,2026-02-25T05:46:39.267Z
mm1m3fhfi6667gn6v,603659,璞泰来,2026-01-19,1,28.200,28.270,28.570,27.780,29543100,835183437,63472000000,1.32,,,2026-02-25T05:46:39.267Z
mm1m3fhfl46ldkw29,603659,璞泰来,2026-01-20,1,28.390,27.520,28.640,26.920,41302700,1136650304,63472000000,1.79,,,2026-02-25T05:46:39.267Z
mm1m3fhfvhmvf9iv5,603659,璞泰来,2026-01-21,1,28.350,29.410,29.730,28.350,72081800,2119925738,63472000000,3.34,,,2026-02-25T05:46:39.267Z
mm1m3fhf8vgyvfou0,603659,璞泰来,2026-01-22,1,29.420,28.830,29.820,28.690,50156600,1446014778,63472000000,2.28,,,2026-02-25T05:46:39.267Z
mm1m3fhfok5l20e3t,603659,璞泰来,2026-01-23,1,28.850,30.010,30.560,28.850,60050100,1802103501,63472000000,2.84,,,2026-02-25T05:46:39.267Z
mm1m3fhfhq8f40xud,603659,璞泰来,2026-01-26,1,30.680,29.300,30.690,28.900,54676200,1602012660,63472000000,2.52,,,2026-02-25T05:46:39.267Z
mm1m3fhfmg5zdq3k2,603659,璞泰来,2026-01-27,1,29.100,28.720,29.390,27.600,46087300,1323627256,63472000000,2.09,,,2026-02-25T05:46:39.267Z
mm1m3fhftxn2uyzsd,603659,璞泰来,2026-01-28,1,28.460,28.440,28.680,27.940,33323200,947711808,63472000000,1.49,,,2026-02-25T05:46:39.267Z
mm1m3fhfz61yrlgvb,603659,璞泰来,2026-01-29,1,28.100,27.790,28.620,27.760,30510200,847878458,63472000000,1.34,,,2026-02-25T05:46:39.267Z
mm1m3fhf4ai12qhj0,603659,璞泰来,2026-01-30,1,27.630,27.710,27.900,26.800,31727500,879169025,63472000000,1.39,,,2026-02-25T05:46:39.267Z
mm1m3fhfhud9ae1jq,603659,璞泰来,2026-02-02,1,27.550,27.030,27.900,26.830,26710700,721990221,63472000000,1.14,,,2026-02-25T05:46:39.267Z
mm1m3fhfk25frwpph,603659,璞泰来,2026-02-03,1,27.450,28.100,28.100,27.190,27399400,769923140,63472000000,1.21,,,2026-02-25T05:46:39.267Z
mm1m3fhf901esmbvd,603659,璞泰来,2026-02-04,1,27.730,28.180,28.250,27.600,21983100,619483758,63472000000,0.98,,,2026-02-25T05:46:39.267Z
mm1m3fhfy83o1ocvp,603659,璞泰来,2026-02-05,1,27.880,27.580,28.300,27.300,18960600,522933348,63472000000,0.82,,,2026-02-25T05:46:39.267Z
mm1m3fhfye1j4z0oy,603659,璞泰来,2026-02-06,1,27.130,28.330,28.750,26.960,36559800,1035739134,63472000000,1.63,,,2026-02-25T05:46:39.267Z
mm1m3fhft4xb789xw,603659,璞泰来,2026-02-09,1,28.720,28.650,28.880,28.480,23802100,681930165,63472000000,1.07,,,2026-02-25T05:46:39.267Z
mm1m3fhfcdtlcjrqa,603659,璞泰来,2026-02-10,1,28.580,28.210,28.860,28.100,22719100,640905811,63472000000,1.01,,,2026-02-25T05:46:39.267Z
mm1m3fhfibf6i74z4,603659,璞泰来,2026-02-11,1,28.130,28.280,28.530,28.080,19378900,548035292,63472000000,0.86,,,2026-02-25T05:46:39.267Z
mm1m3fhfby5g5e3mm,603659,璞泰来,2026-02-12,1,28.300,28.520,28.540,28.100,20156600,574866232,63472000000,0.91,,,2026-02-25T05:46:39.267Z
mm1m3fhfpv4y59dj1,603659,璞泰来,2026-02-13,1,28.350,28.280,28.910,28.180,23901400,675931592,63472000000,1.06,,,2026-02-25T05:46:39.267Z
mm1m3fhfweqmnsebc,603659,璞泰来,2026-02-24,1,28.990,29.190,29.490,28.430,31226200,911492778,63472000000,1.44,,,2026-02-25T05:46:39.267Z
mm25rfp3j1t945dk7,603659,璞泰来,2026-02-25,1,29.150,29.710,30.100,29.030,30623800,909833098,63472000000,1.43,,,2026-02-25T14:57:11.991Z
mm1m3fztfx00b23vm,300059,东方财富,2026-01-06,1,23.680,25.110,25.370,23.650,9060921.000,227519726,359384000000,0.06,,,2026-02-25T05:46:39.929Z
mm1m3fzt51886ne5i,300059,东方财富,2026-01-07,1,24.880,24.530,24.970,24.260,5193860.000,127405386,359384000000,0.04,,,2026-02-25T05:46:39.929Z
mm1m3fztxbcjo4n1g,300059,东方财富,2026-01-08,1,24.290,24.000,24.290,23.870,4013454.000,96322896,359384000000,0.03,,,2026-02-25T05:46:39.929Z
mm1m3fzt82x6uac9f,300059,东方财富,2026-01-09,1,24.000,24.130,24.360,23.990,3409884.000,82280501,359384000000,0.02,,,2026-02-25T05:46:39.929Z
mm1m3fzt2v3dg2i4u,300059,东方财富,2026-01-12,1,24.060,25.050,25.050,24.010,7006227.000,175505986,359384000000,0.05,,,2026-02-25T05:46:39.929Z
mm1m3fzt3yejslpba,300059,东方财富,2026-01-13,1,25.300,24.490,25.480,24.410,5734424.000,140436044,359384000000,0.04,,,2026-02-25T05:46:39.929Z
mm1m3fzt2t9snkbw8,300059,东方财富,2026-01-14,1,24.360,24.720,25.710,24.360,9371079.000,231653073,359384000000,0.06,,,2026-02-25T05:46:39.929Z
mm1m3fztk6wcmu6o6,300059,东方财富,2026-01-15,1,24.210,24.060,24.520,23.910,4963534.000,119422628,359384000000,0.03,,,2026-02-25T05:46:39.929Z
mm1m3fztpdmjidxk8,300059,东方财富,2026-01-16,1,24.290,23.890,24.430,23.830,3251692.000,77682922,359384000000,0.02,,,2026-02-25T05:46:39.929Z
mm1m3fztglyr4gil2,300059,东方财富,2026-01-19,1,23.800,23.500,23.820,23.450,2997355.000,70437843,359384000000,0.02,,,2026-02-25T05:46:39.929Z
mm1m3fztpwowu60hx,300059,东方财富,2026-01-20,1,23.490,23.440,23.660,23.320,2585704.000,60608902,359384000000,0.02,,,2026-02-25T05:46:39.929Z
mm1m3fztq6h0xhfiy,300059,东方财富,2026-01-21,1,23.430,23.310,23.530,23.250,2307018.000,53776590,359384000000,0.01,,,2026-02-25T05:46:39.929Z
mm1m3fztx9fgawbcp,300059,东方财富,2026-01-22,1,23.310,23.310,23.520,23.240,2157398.000,50288947,359384000000,0.01,,,2026-02-25T05:46:39.929Z
mm1m3fztfsxzgzoj1,300059,东方财富,2026-01-23,1,23.360,23.300,23.450,23.250,2589457.000,60334348,359384000000,0.02,,,2026-02-25T05:46:39.929Z
mm1m3fzt8inyl4xnx,300059,东方财富,2026-01-26,1,23.250,23.310,23.730,23.130,4255350.000,99192209,359384000000,0.03,,,2026-02-25T05:46:39.929Z
mm1m3fzt1ir0oo0c9,300059,东方财富,2026-01-27,1,23.280,22.900,23.300,22.730,3164758.000,72472958,359384000000,0.02,,,2026-02-25T05:46:39.929Z
mm1m3fztxtpeb5r1q,300059,东方财富,2026-01-28,1,22.900,22.780,23.020,22.770,2551353.000,58119821,359384000000,0.02,,,2026-02-25T05:46:39.929Z
mm1m3fzthgnyn5w64,300059,东方财富,2026-01-29,1,22.660,23.140,23.300,22.390,4177875.000,96676028,359384000000,0.03,,,2026-02-25T05:46:39.929Z
mm1m3fztnihgrk009,300059,东方财富,2026-01-30,1,23.100,22.700,23.100,22.680,2698550.000,61257085,359384000000,0.02,,,2026-02-25T05:46:39.929Z
mm1m3fzt6nsybi3yh,300059,东方财富,2026-02-02,1,22.610,22.530,23.050,22.450,2397881.000,54024259,359384000000,0.02,,,2026-02-25T05:46:39.929Z
mm1m3fzty37xrau6x,300059,东方财富,2026-02-03,1,22.680,22.700,22.730,22.480,1799504.000,40848741,359384000000,0.01,,,2026-02-25T05:46:39.929Z
mm1m3fzt4zxj0cn6k,300059,东方财富,2026-02-04,1,22.600,22.890,23.120,22.520,2975684.000,68113407,359384000000,0.02,,,2026-02-25T05:46:39.929Z
mm1m3fztazkcc085m,300059,东方财富,2026-02-05,1,22.750,22.930,23.130,22.710,2720392.000,62378589,359384000000,0.02,,,2026-02-25T05:46:39.929Z
mm1m3fzttbradnh0y,300059,东方财富,2026-02-06,1,22.780,22.660,22.910,22.650,1978229.000,44826669,359384000000,0.01,,,2026-02-25T05:46:39.929Z
mm1m3fzt0ew6ajet1,300059,东方财富,2026-02-09,1,22.810,22.950,22.950,22.720,2088064.000,47921069,359384000000,0.01,,,2026-02-25T05:46:39.929Z
mm1m3fzteb4kiowpx,300059,东方财富,2026-02-10,1,22.920,22.890,23.090,22.850,1522516.000,34850391,359384000000,0.01,,,2026-02-25T05:46:39.929Z
mm1m3fztglcf65hkr,300059,东方财富,2026-02-11,1,22.850,22.770,22.940,22.730,1494661.000,34033431,359384000000,0.01,,,2026-02-25T05:46:39.929Z
mm1m3fztlyfa3fjwj,300059,东方财富,2026-02-12,1,22.750,22.660,22.770,22.650,1533620.000,34751829,359384000000,0.01,,,2026-02-25T05:46:39.929Z
mm1m3fztwjujc2k77,300059,东方财富,2026-02-13,1,22.700,22.370,22.820,22.360,2054685.000,45963303,359384000000,0.01,,,2026-02-25T05:46:39.929Z
mm1m3fzta3n4e61tk,300059,东方财富,2026-02-24,1,22.490,22.410,22.570,22.330,1412138.000,31646013,359384000000,0.01,,,2026-02-25T05:46:39.929Z
mm25rg7745h4tzw4q,300059,东方财富,2026-02-25,1,22.470,22.740,22.890,22.430,2559644,58206305,359384000000,0.02,,,2026-02-25T14:57:12.643Z
mm1m3ghytnglvoxgn,002268,电科网安,2026-01-06,1,21.300,21.340,21.480,21.010,49241700,1050817878,16862000000,6.23,,,2026-02-25T05:46:40.582Z
mm1m3ghy2y00xm3pi,002268,电科网安,2026-01-07,1,21.360,21.230,21.630,20.860,43317600,919632648,16862000000,5.45,,,2026-02-25T05:46:40.582Z
mm1m3ghy7od25ldsm,002268,电科网安,2026-01-08,1,21.000,21.420,21.580,20.720,45157200,967267224,16862000000,5.74,,,2026-02-25T05:46:40.582Z
mm1m3ghygr54p3ie4,002268,电科网安,2026-01-09,1,21.440,21.620,21.780,21.150,47056600,1017363692,16862000000,6.03,,,2026-02-25T05:46:40.582Z
mm1m3ghykwfi7rpaj,002268,电科网安,2026-01-12,1,22.910,23.760,23.780,22.560,86959100,2066148216,16862000000,12.25,,,2026-02-25T05:46:40.582Z
mm1m3ghyoxp5nmvmg,002268,电科网安,2026-01-13,1,23.580,22.290,23.590,22.010,68223800,1520708502,16862000000,9.02,,,2026-02-25T05:46:40.582Z
mm1m3ghyaw5vpuhy8,002268,电科网安,2026-01-14,1,22.300,21.850,22.890,21.420,65420200,1429431370,16862000000,8.48,,,2026-02-25T05:46:40.582Z
mm1m3ghytjqeix0nb,002268,电科网安,2026-01-15,1,22.500,21.300,22.750,21.050,46590100,992369130,16862000000,5.89,,,2026-02-25T05:46:40.582Z
mm1m3ghygeok78s5r,002268,电科网安,2026-01-16,1,21.100,20.770,21.340,20.480,34217400,710695398,16862000000,4.21,,,2026-02-25T05:46:40.582Z
mm1m3ghyoka0s4dx6,002268,电科网安,2026-01-19,1,20.510,20.640,20.880,20.400,21691700,447716688,16862000000,2.66,,,2026-02-25T05:46:40.582Z
mm1m3ghykrs8wyogg,002268,电科网安,2026-01-20,1,20.740,20.070,20.880,19.900,27510400,552133728,16862000000,3.27,,,2026-02-25T05:46:40.582Z
mm1m3ghygz3lbdzes,002268,电科网安,2026-01-21,1,19.910,20.030,20.320,19.800,18753700,375636611,16862000000,2.23,,,2026-02-25T05:46:40.582Z
mm1m3ghy7icmcpba0,002268,电科网安,2026-01-22,1,20.080,20.190,20.420,20.080,18711100,377777109,16862000000,2.24,,,2026-02-25T05:46:40.582Z
mm1m3ghyck33fy60k,002268,电科网安,2026-01-23,1,20.360,20.610,20.850,20.270,25918500,534180285,16862000000,3.17,,,2026-02-25T05:46:40.582Z
mm1m3ghy74ep9u6lp,002268,电科网安,2026-01-26,1,20.590,19.960,20.810,19.740,28793200,574712272,16862000000,3.41,,,2026-02-25T05:46:40.582Z
mm1m3ghym0ntndt9l,002268,电科网安,2026-01-27,1,19.910,19.900,20.030,19.410,18810400,374326960,16862000000,2.22,,,2026-02-25T05:46:40.582Z
mm1m3ghyd03umubzv,002268,电科网安,2026-01-28,1,19.980,20.060,20.160,19.810,17525100,351553506,16862000000,2.08,,,2026-02-25T05:46:40.582Z
mm1m3ghyek4f97vcv,002268,电科网安,2026-01-29,1,19.950,19.720,20.260,19.570,16640800,328156576,16862000000,1.95,,,2026-02-25T05:46:40.582Z
mm1m3ghy0n5rawsx3,002268,电科网安,2026-01-30,1,19.570,19.260,19.730,19.100,15515100,298820826,16862000000,1.77,,,2026-02-25T05:46:40.582Z
mm1m3ghy878nmpwnl,002268,电科网安,2026-02-02,1,19.110,19.060,19.480,19.000,13558800,258430728,16862000000,1.53,,,2026-02-25T05:46:40.582Z
mm1m3ghy1edivmrp3,002268,电科网安,2026-02-03,1,19.240,19.540,19.540,19.130,12769100,249508214,16862000000,1.48,,,2026-02-25T05:46:40.582Z
mm1m3ghyxkv1suwr2,002268,电科网安,2026-02-04,1,19.400,19.500,19.680,19.310,12550700,244738650,16862000000,1.45,,,2026-02-25T05:46:40.582Z
mm1m3ghy2lmguen9j,002268,电科网安,2026-02-05,1,19.320,19.460,19.870,19.280,14396700,280159782,16862000000,1.66,,,2026-02-25T05:46:40.582Z
mm1m3ghyg7ulcbjtq,002268,电科网安,2026-02-06,1,19.310,19.450,19.670,19.250,12871200,250344840,16862000000,1.48,,,2026-02-25T05:46:40.582Z
mm1m3ghyhzs23nr07,002268,电科网安,2026-02-09,1,19.660,19.910,19.910,19.500,15642000,311432220,16862000000,1.85,,,2026-02-25T05:46:40.582Z
mm1m3ghy69sdnzmja,002268,电科网安,2026-02-10,1,19.950,19.980,20.250,19.800,14666900,293044662,16862000000,1.74,,,2026-02-25T05:46:40.582Z
mm1m3ghymwagke5rc,002268,电科网安,2026-02-11,1,19.980,20.130,20.270,19.910,13964100,281097333,16862000000,1.67,,,2026-02-25T05:46:40.582Z
mm1m3ghyp2xx129qn,002268,电科网安,2026-02-12,1,20.130,19.920,20.280,19.800,12724400,253470048,16862000000,1.50,,,2026-02-25T05:46:40.582Z
mm1m3ghyrrjgf9a38,002268,电科网安,2026-02-13,1,19.890,20.370,21.120,19.890,28213900,574717143,16862000000,3.41,,,2026-02-25T05:46:40.582Z
mm1m3ghynto99cpbp,002268,电科网安,2026-02-24,1,20.380,20.010,20.500,19.890,20061500,401430615,16862000000,2.38,,,2026-02-25T05:46:40.582Z
mm25rgp55x1f8ii7j,002268,电科网安,2026-02-25,1,19.950,19.940,20.090,19.870,14534300,289813942,16862000000,1.72,,,2026-02-25T14:57:13.288Z
mm1m3h0aqdgfv3o0f,300413,芒果超媒,2026-01-06,1,24.700,25.370,25.430,24.580,35439700,899105189,46843000000,1.92,,,2026-02-25T05:46:41.242Z
mm1m3h0axec1vf36n,300413,芒果超媒,2026-01-07,1,25.200,24.980,25.460,24.880,30758600,768349828,46843000000,1.64,,,2026-02-25T05:46:41.242Z
mm1m3h0asjqoegk90,300413,芒果超媒,2026-01-08,1,24.850,25.050,25.460,24.720,23348800,584887440,46843000000,1.25,,,2026-02-25T05:46:41.242Z
mm1m3h0a0zwcasiu8,300413,芒果超媒,2026-01-09,1,24.990,26.340,26.490,24.910,43029400,1133394396,46843000000,2.42,,,2026-02-25T05:46:41.242Z
mm1m3h0arlej3c3wj,300413,芒果超媒,2026-01-12,1,26.760,29.650,29.980,26.760,81075600,2403891540,46843000000,5.13,,,2026-02-25T05:46:41.242Z
mm1m3h0alnjejmnp4,300413,芒果超媒,2026-01-13,1,29.790,28.100,29.850,27.700,67791700,1904946770,46843000000,4.07,,,2026-02-25T05:46:41.242Z
mm1m3h0ah6kf7ib0g,300413,芒果超媒,2026-01-14,1,27.810,28.230,29.300,27.680,65477700,1848435471,46843000000,3.95,,,2026-02-25T05:46:41.242Z
mm1m3h0afhdkfzy2s,300413,芒果超媒,2026-01-15,1,27.870,27.570,29.000,27.340,44663600,1231375452,46843000000,2.63,,,2026-02-25T05:46:41.242Z
mm1m3h0a5m3hg8os2,300413,芒果超媒,2026-01-16,1,27.410,26.340,27.500,26.280,41953700,1105060458,46843000000,2.36,,,2026-02-25T05:46:41.242Z
mm1m3h0aapgng250s,300413,芒果超媒,2026-01-19,1,26.220,26.310,26.530,25.920,21391100,562799841,46843000000,1.20,,,2026-02-25T05:46:41.242Z
mm1m3h0ae67ee67o0,300413,芒果超媒,2026-01-20,1,26.450,26.200,26.600,25.880,24682800,646689360,46843000000,1.38,,,2026-02-25T05:46:41.242Z
mm1m3h0a5hv0mrl50,300413,芒果超媒,2026-01-21,1,26.000,25.920,26.440,25.830,21667700,561626784,46843000000,1.20,,,2026-02-25T05:46:41.242Z
mm1m3h0ap62im70w8,300413,芒果超媒,2026-01-22,1,25.920,26.030,26.190,25.850,20383700,530587711,46843000000,1.13,,,2026-02-25T05:46:41.242Z
mm1m3h0a8c9qnf34x,300413,芒果超媒,2026-01-23,1,26.140,26.570,26.850,25.840,33567500,891888475,46843000000,1.90,,,2026-02-25T05:46:41.242Z
mm1m3h0asbezcyz8u,300413,芒果超媒,2026-01-26,1,26.590,25.610,26.690,25.380,32878000,842005580,46843000000,1.80,,,2026-02-25T05:46:41.242Z
mm1m3h0a0qe2dahv7,300413,芒果超媒,2026-01-27,1,25.550,25.610,25.890,24.890,24528000,628162080,46843000000,1.34,,,2026-02-25T05:46:41.242Z
mm1m3h0amrkih2cnp,300413,芒果超媒,2026-01-28,1,25.500,25.120,25.740,25.110,19760700,496388784,46843000000,1.06,,,2026-02-25T05:46:41.242Z
mm1m3h0adrrm13w20,300413,芒果超媒,2026-01-29,1,24.960,25.830,26.380,24.680,36202600,935113158,46843000000,2.00,,,2026-02-25T05:46:41.242Z
mm1m3h0a9n5lcm6sj,300413,芒果超媒,2026-01-30,1,25.800,25.470,25.820,25.160,23897800,608676966,46843000000,1.30,,,2026-02-25T05:46:41.242Z
mm1m3h0adt0ydg241,300413,芒果超媒,2026-02-02,1,25.660,25.460,26.180,25.450,27292500,694867050,46843000000,1.48,,,2026-02-25T05:46:41.242Z
mm1m3h0aa5fk8yvlk,300413,芒果超媒,2026-02-03,1,25.750,26.840,27.020,25.710,46610700,1251031188,46843000000,2.67,,,2026-02-25T05:46:41.242Z
mm1m3h0aih3i4gnr7,300413,芒果超媒,2026-02-04,1,26.560,26.430,26.600,26.050,24792600,655268418,46843000000,1.40,,,2026-02-25T05:46:41.242Z
mm1m3h0awjxsov7uf,300413,芒果超媒,2026-02-05,1,26.150,26.650,26.950,26.150,27262300,726540295,46843000000,1.55,,,2026-02-25T05:46:41.242Z
mm1m3h0alxsz9ve7j,300413,芒果超媒,2026-02-06,1,26.340,25.930,26.460,25.380,21028600,545271598,46843000000,1.16,,,2026-02-25T05:46:41.242Z
mm1m3h0afzd8u8syh,300413,芒果超媒,2026-02-09,1,26.420,27.180,27.200,26.190,35283600,959008248,46843000000,2.05,,,2026-02-25T05:46:41.242Z
mm1m3h0a17aqvb4as,300413,芒果超媒,2026-02-10,1,27.700,28.500,29.700,27.500,84366000,2404431000,46843000000,5.13,,,2026-02-25T05:46:41.242Z
mm1m3h0akk7p6b7jk,300413,芒果超媒,2026-02-11,1,28.000,26.840,28.000,26.800,52437000,1407409080,46843000000,3.00,,,2026-02-25T05:46:41.242Z
mm1m3h0aconbug64l,300413,芒果超媒,2026-02-12,1,26.700,26.890,27.210,26.330,34687000,932733430,46843000000,1.99,,,2026-02-25T05:46:41.242Z
mm1m3h0a2zmba7tpj,300413,芒果超媒,2026-02-13,1,26.690,26.250,27.110,26.230,25704100,674732625,46843000000,1.44,,,2026-02-25T05:46:41.242Z
mm1m3h0agz0f6d14q,300413,芒果超媒,2026-02-24,1,26.150,24.990,26.250,24.790,31983900,799277661,46843000000,1.71,,,2026-02-25T05:46:41.242Z
mm25rh79xubjt3gev,300413,芒果超媒,2026-02-25,1,25.140,25.040,25.200,24.820,19889800,498040592,46843000000,1.06,,,2026-02-25T14:57:13.941Z
mm26jj4dnciadb05t,002027,分众传媒,2026-02-25,1,7.270,7.220,7.290,7.200,85660000,618465200,104273000000,0.59,,,2026-02-25T15:19:02.796Z
mm393vvme0iqugpoj,002027,分众传媒,2026-02-26,1,7.21,7.14,7.21,7.11,1294584,9243330,103117000000,0.01,6.55,7.94,2026-02-26T09:18:37.856Z
mm393wf2epybessj8,002558,巨人网络,2026-02-26,1,38.78,37.54,38.97,37.16,55332500,2077182050,72631000000,2.86,4.79,42.52,2026-02-26T09:18:38.558Z
mm393wy94hkqn1nu6,603986,兆易创新,2026-02-26,1,316.00,309.40,316.00,306.05,23105300,7148779820,216921000000,3.30,11.85,342.45,2026-02-26T09:18:39.249Z
mm393xhivkzkcv57y,300002,神州泰岳,2026-02-26,1,12.02,11.78,12.05,11.76,55214600,650427988,23173000000,2.81,3.06,14.36,2026-02-26T09:18:39.942Z
mm393y08pzvto35ua,002517,恺英网络,2026-02-26,1,23.12,22.51,23.45,22.37,53634200,1207305842,48091000000,2.51,4.71,25.36,2026-02-26T09:18:40.616Z
mm393yj7df7kvq6ji,603444,吉比特,2026-02-26,1,423.59,420.37,424.50,416.60,1266500,532398605,30284000000,1.76,6.12,465.95,2026-02-26T09:18:41.299Z
mm393z8rh9js96o3d,002624,完美世界,2026-02-26,1,22.60,21.34,23.30,21.30,1168969,24945798,41399000000,0.06,5.84,23.31,2026-02-26T09:18:42.219Z
mm393zyb20kwpy37p,300251,光线传媒,2026-02-26,1,20.56,19.86,20.61,19.83,2142182,42543735,58261000000,0.07,5.42,24.74,2026-02-26T09:18:43.139Z
mm3940i1bbopa5ctq,601595,上海电影,2026-02-26,1,29.87,28.94,30.43,28.80,18006500,521108110,12971000000,4.02,7.59,32.87,2026-02-26T09:18:43.849Z
mm39411h6clgq4wfk,688052,纳芯微,2026-02-26,1,171.40,175.01,177.77,171.00,3597985,629683355,28461000000,2.21,4.84,205.38,2026-02-26T09:18:44.549Z
mm3941l3inbja6s4r,688484,南芯科技,2026-02-26,1,43.10,43.30,43.64,42.31,7706329,333684046,18518000000,1.80,4.5,51.67,2026-02-26T09:18:45.255Z
mm39424n4i2nkoz0k,688213,思特威,2026-02-26,1,95.18,96.36,96.69,94.01,8583975,827151831,38766000000,2.13,7.41,113.92,2026-02-26T09:18:45.959Z
mm3942nsrgbb49h24,002475,立讯精密,2026-02-26,1,51.59,51.16,51.63,51.04,1064251,54447081,372751000000,0.01,4.74,56.74,2026-02-26T09:18:46.648Z
mm39437430k0y5did,002292,奥飞娱乐,2026-02-26,1,9.24,9.16,9.27,9.11,51900600,475409496,13545000000,3.51,4.59,10.2,2026-02-26T09:18:47.344Z
mm3943qs7zwrf0xv3,688368,晶丰明源,2026-02-26,1,134.79,133.71,135.79,131.57,1692978,226368088,11833000000,1.91,10.09,161.75,2026-02-26T09:18:48.052Z
mm39449rb5bls8c6z,300666,江丰电子,2026-02-26,1,159.34,163.00,163.80,156.00,20594600,3356919800,43247000000,7.76,8.89,191.16,2026-02-26T09:18:48.735Z
mm3944tgdzv0cw1ld,688361,中科飞测,2026-02-26,1,201.58,205.00,208.58,195.18,5523809,1132380845,71783000000,1.58,14.27,241.92,2026-02-26T09:18:49.444Z
mm3945c4e73hhf0c7,002371,北方华创,2026-02-26,1,496.000,488.880,498.630,483.300,6789000,3319006320,354356000000,0.94,9.83,545.6,2026-02-26T09:18:50.116Z
mm3945uu73xwrmxin,603160,汇顶科技,2026-02-26,1,79.07,78.88,79.35,78.19,4787400,377630112,36706000000,1.03,3.92,86.78,2026-02-26T09:18:50.790Z
mm3946dytygiydftc,688012,中微公司,2026-02-26,1,367.50,367.30,373.38,356.00,11652736,4280049933,229983000000,1.86,10.71,442.92,2026-02-26T09:18:51.478Z
mm3946wsfka3qpqmr,301269,华大九天,2026-02-26,1,102.30,101.33,102.50,100.75,4358000,441596140,55269000000,0.80,10.64,122.64,2026-02-26T09:18:52.156Z
mm3947fb4e3dmw60b,300567,精测电子,2026-02-26,1,153.17,155.00,156.00,146.50,14321400,2219817000,43361000000,5.12,12.27,186,2026-02-26T09:18:52.823Z
mm3947y1hz5t08oup,688981,中芯国际,2026-02-26,1,116.130,116.650,117.230,114.290,32702183,3814709647,933261000000,0.41,6.19,139.36,2026-02-26T09:18:53.497Z
mm3948grdryg56czd,300661,圣邦股份,2026-02-26,1,70.60,70.20,70.94,69.62,11760600,825594120,43387000000,1.90,8.84,84.65,2026-02-26T09:18:54.171Z
mm39490dyzfzbz4no,000526,学大教育,2026-02-26,1,37.58,36.80,37.58,36.72,2080400,76558720,4484000000,1.71,4.5,41.21,2026-02-26T09:18:54.876Z
mm3949k21r8vs5p60,688234,天岳先进,2026-02-26,1,95.280,96.450,96.450,93.510,6170514,595146075,46741000000,1.27,6.32,114.38,2026-02-26T09:18:55.585Z
mm394a34nsb3xej5b,002415,海康威视,2026-02-26,1,31.87,31.56,31.99,31.20,65740400,2074767024,289243000000,0.72,3.47,35.12,2026-02-26T09:18:56.272Z
mm394alyxrxfpg8cy,300033,同花顺,2026-02-26,1,334.39,330.01,335.79,329.01,6051100,1996923511,177413000000,1.13,23.65,403.09,2026-02-26T09:18:56.950Z
mm394b4ygwtess32r,002315,焦点科技,2026-02-26,1,45.05,45.27,45.48,44.82,6072800,274915656,14361000000,1.91,5.24,49.56,2026-02-26T09:18:57.634Z
mm394bnzm4skm7ya5,688083,中望软件,2026-02-26,1,66.05,66.18,66.53,65.78,1885244,124765448,11227000000,1.11,4.32,79.26,2026-02-26T09:18:58.319Z
mm394c6zoumswej32,002236,大华股份,2026-02-26,1,19.05,19.26,19.34,18.97,44776200,862389612,63303000000,1.36,1.66,20.92,2026-02-26T09:18:59.003Z
mm394cqirjl7943qt,688111,金山办公,2026-02-26,1,295.60,301.00,301.00,292.71,6261134,1884601334,139475000000,1.35,11.48,354.72,2026-02-26T09:18:59.706Z
mm394d9wxmt0twm3o,002230,科大讯飞,2026-02-26,1,56.13,55.69,56.18,55.40,45654000,2542471260,128747000000,1.97,7.23,61.73,2026-02-26T09:19:00.404Z
mm394dt6yy2rjn8a6,300624,万兴科技,2026-02-26,1,84.80,83.93,85.45,83.52,11241700,943515881,16227000000,5.81,15.03,101.76,2026-02-26T09:19:01.097Z
mm394ec6e7mbf0b54,300378,鼎捷数智,2026-02-26,1,46.96,47.53,47.87,46.54,10261800,487743354,12907000000,3.78,5.67,56.35,2026-02-26T09:19:01.782Z
mm394evoemw91no4a,688369,致远互联,2026-02-26,1,26.06,25.41,26.06,25.25,3144161,79893131,2928000000,2.73,3.46,31.01,2026-02-26T09:19:02.484Z
mm394feunm4hos01d,603039,泛微网络,2026-02-26,1,47.43,46.68,47.43,46.34,6752200,315192696,12165000000,2.59,5.45,52.35,2026-02-26T09:19:03.174Z
mm394fxd3ihmyv3pk,300459,汤姆猫,2026-02-26,1,4.98,4.90,5.00,4.90,1205146,5905215,17227000000,0.03,8.22,5.96,2026-02-26T09:19:03.840Z
mm394gg0ac3udouiy,300170,汉得信息,2026-02-26,1,22.98,24.50,24.98,22.93,1338687,32797832,25045000000,0.13,4.54,27.47,2026-02-26T09:19:04.512Z
mm394gysf77ornvc5,688041,海光信息,2026-02-26,1,251.41,252.70,257.98,244.47,27317852,6903221200,587360000000,1.18,26.11,295.78,2026-02-26T09:19:05.187Z
mm394hi1fcim5wr9c,300750,宁德时代,2026-02-26,1,356.05,346.00,358.20,343.50,43541400,15065324400,1579095000000,0.95,5.02,434.62,2026-02-26T09:19:05.881Z
mm394i0mirkvl5jfp,603019,中科曙光,2026-02-26,1,90.83,92.03,92.51,89.90,38537600,3546615328,134651000000,2.63,6.07,99.68,2026-02-26T09:19:06.549Z
mm394ijc3n9n8zji4,603259,药明康德,2026-02-26,1,99.53,98.01,99.78,97.80,24430900,2394472509,292438000000,0.82,4.12,109.84,2026-02-26T09:19:07.224Z
mm394j25ikbkaf1uw,002812,恩捷股份,2026-02-26,1,66.90,62.49,66.99,62.38,44569800,2785166802,61379000000,4.54,2.48,72.23,2026-02-26T09:19:07.901Z
mm394jkmixhckepfv,02097,蜜雪集团,2026-02-26,1,366.000,371.000,371.600,366.000,29212700,10837911700,140838570000,7.70,0,0,2026-02-26T09:19:08.566Z
mm394k365uzhsb5qz,09868,小鹏汽车-W,2026-02-26,1,71.500,67.500,71.600,67.250,17507868,1181781090,128908990000,0.92,0,0,2026-02-26T09:19:09.234Z
mm394ksayvxmju0v8,00700,腾讯控股,2026-02-26,1,529.000,512.000,529.500,512.000,25547825,13080486400,4662454340000,0.28,0,0.89,2026-02-26T09:19:10.138Z
mm394lawi4blyrlmx,09633,农夫山泉,2026-02-26,1,47.980,46.780,48.280,46.760,5979816,279735792,526109700000,0.05,0,1.75,2026-02-26T09:19:10.808Z
mm394ltrwdolzmaf4,002311,海大集团,2026-02-26,1,54.31,53.58,54.64,53.35,6153700,329715246,89144000000,0.37,3.53,59.8,2026-02-26T09:19:11.487Z
mm394mcd2e8uzwa9t,09988,阿里巴巴-W,2026-02-26,1,148.300,143.000,148.800,143.000,98872855,14138818265,2731200260000,0.52,0,1.37,2026-02-26T09:19:12.157Z
mm394mvh891yldtpp,09660,地平线机器人-W,2026-02-26,1,8.530,8.160,8.540,8.110,159094515,1298211242,119559380000,1.09,0,0,2026-02-26T09:19:12.845Z
mm394nkrmieph43bp,01801,信达生物,2026-02-26,1,89.050,84.350,89.800,84.100,10911829,920412776,146362940000,0.63,0,0,2026-02-26T09:19:13.755Z
mm394o3r02f377jra,06969,思摩尔国际,2026-02-26,1,12.400,11.920,12.510,11.730,19864562,236785579,73839120000,0.32,0,2.1,2026-02-26T09:19:14.439Z
mm394ooh3lnnmk7zs,000034,神州数码,2026-02-26,1,37.490,38.470,38.800,37.310,25911100,996800017,27831000000,3.58,2.51,41.11,2026-02-26T09:19:15.185Z
mm394p7crjx62wntk,600276,恒瑞医药,2026-02-26,1,57.86,56.72,58.10,56.60,50898700,2886974264,376462000000,0.77,6.33,63.65,2026-02-26T09:19:15.864Z
mm394pq7268rdxtho,03690,美团-W,2026-02-26,1,82.700,80.450,83.200,80.350,40036885,3220967398,491709030000,0.66,0,0,2026-02-26T09:19:16.543Z
mm394q97ourlmtwue,600563,法拉电子,2026-02-26,1,115.30,118.20,119.49,114.70,6898300,815379060,26595000000,3.07,4.64,126.86,2026-02-26T09:19:17.227Z
mm394qs2nk92avz4c,02015,理想汽车-W,2026-02-26,1,71.000,68.650,71.800,68.550,16321825,1120493286,138579430000,0.81,0,0,2026-02-26T09:19:17.906Z
mm394rag680bu9om9,600519,贵州茅台,2026-02-26,1,1486.60,1466.21,1489.49,1464.67,3295800,4832334918,1836091000000,0.26,8.09,1640.83,2026-02-26T09:19:18.568Z
mm394rtqe0eqolpny,600845,宝信软件,2026-02-26,1,23.54,24.18,24.30,23.26,37238000,900414840,69415000000,1.30,6.31,25.85,2026-02-26T09:19:19.262Z
mm394scv6gyt39ub7,300188,国投智能,2026-02-26,1,14.12,13.93,14.15,13.88,28878800,402281684,11973000000,3.36,3.87,16.92,2026-02-26T09:19:19.950Z
mm394t23v75r81amy,002063,远光软件,2026-02-26,1,6.64,6.69,6.74,6.64,45736300,305975847,12778000000,2.39,3.39,7.3,2026-02-26T09:19:20.859Z
mm394tlgsg4ir2b99,000032,深桑达A,2026-02-26,1,19.89,19.69,19.93,19.58,16554700,325962043,23927000000,1.36,3.27,21.86,2026-02-26T09:19:21.556Z
mm394u4hw9pjfe0wn,603659,璞泰来,2026-02-26,1,30.10,28.60,30.10,28.40,42573800,1217610680,61101000000,1.99,3.09,32.68,2026-02-26T09:19:22.241Z
mm394ungces3pxr3x,300059,东方财富,2026-02-26,1,22.690,22.500,22.700,22.430,1891532,42559470,355591000000,0.01,4,27.29,2026-02-26T09:19:22.923Z
mm394v6mnqhvg4cj8,002268,电科网安,2026-02-26,1,19.99,19.91,20.13,19.86,13521700,269217047,16837000000,1.60,3.13,21.93,2026-02-26T09:19:23.614Z
mm394vpma1s05yagy,300413,芒果超媒,2026-02-26,1,25.13,24.44,25.15,24.33,24549500,599989780,45720000000,1.31,1.97,30.05,2026-02-26T09:19:24.298Z
mm394w8mcp785qczg,688498,源杰科技,2026-02-26,1,800.00,816.80,824.00,780.01,3655118,2985500382,70202000000,4.25,32.33,942.96,2026-02-26T09:19:24.982Z
mm394wxwm2hmiv9yx,300308,中际旭创,2026-02-26,1,566.070,572.220,574.000,559.000,25280000,14465721600,635804000000,2.28,24.51,679.28,2026-02-26T09:19:25.891Z
mm394xgk56g5q0wuw,300394,天孚通信,2026-02-26,1,344.00,362.02,377.31,344.00,43393500,15709314870,281440000000,5.58,57.7,409.81,2026-02-26T09:19:26.564Z
mm394xzzwj422n6de,600183,生益科技,2026-02-26,1,69.31,73.00,74.50,67.83,74763900,5457764700,177326000000,3.08,11.42,76.12,2026-02-26T09:19:27.263Z
mm394yjgt3m0k6075,001309,德明利,2026-02-26,1,251.03,256.48,256.58,246.27,8082900,2073102192,58181000000,3.56,23.75,275.8,2026-02-26T09:19:27.964Z
mm394z2smiwpi2zwj,688313,仕佳光子,2026-02-26,1,85.51,87.95,89.00,83.11,35715144,3141146915,39752000000,7.90,28.29,102.01,2026-02-26T09:19:28.660Z
mm394zllamgc1p7gt,002463,沪电股份,2026-02-26,1,78.99,85.36,85.36,78.20,1386605,118360603,164264000000,0.07,10.87,85.36,2026-02-26T09:19:29.337Z
mm39504a3zzty6v8y,301308,江波龙,2026-02-26,1,297.00,299.81,304.00,290.00,11064100,3317127821,125664000000,2.64,16.69,357.3,2026-02-26T09:19:30.010Z
mm3950nlleiry2coj,300223,北京君正,2026-02-26,1,142.000,138.610,144.500,136.660,23303600,3230111996,66885000000,4.83,5.39,168.55,2026-02-26T09:19:30.705Z
mm395170c2rsgav0d,688205,德科立,2026-02-26,1,168.15,169.99,171.97,164.67,9021408,1533549146,26907000000,5.70,11.88,200.39,2026-02-26T09:19:31.404Z
mm3951ptzd5hclfzi,603712,七一二,2026-02-26,1,19.89,20.02,20.08,19.74,11542000,231070840,15455000000,1.50,3.7,21.88,2026-02-26T09:19:32.081Z
mm39528cjyyu4uwmm,600893,航发动力,2026-02-26,1,57.21,59.68,60.30,55.60,73384700,4379598896,159083000000,2.75,4,63.7,2026-02-26T09:19:32.748Z
mm3952rz4u9unx0b3,688388,嘉元科技,2026-02-26,1,45.80,45.51,46.38,43.72,26988564,1228249548,19399000000,6.33,2.79,55.25,2026-02-26T09:19:33.455Z
mm3953amwazt3ga80,300548,长芯博创,2026-02-26,1,157.92,156.98,159.78,153.36,21329100,3348242118,45771000000,7.32,24.41,189.83,2026-02-26T09:19:34.125Z
mm39541uee4k3nlg5,600391,航发科技,2026-02-26,1,49.80,53.20,54.22,48.90,30212000,1607278400,17563000000,9.15,10,54.81,2026-02-26T09:19:35.106Z
mm3954kjrgq5adp5i,000880,潍柴重机,2026-02-26,1,34.70,37.50,37.66,34.20,36194700,1357301250,17394000000,7.80,8.45,38.02,2026-02-26T09:19:35.779Z
mm395541lxoagl4fp,002389,航天彩虹,2026-02-26,1,24.15,24.15,24.33,23.89,24608100,594285615,23786000000,2.50,2.98,26.7,2026-02-26T09:19:36.481Z
mm3955naptewujqvf,600760,中航沈飞,2026-02-26,1,56.20,55.83,56.38,55.51,15904200,887931486,158283000000,0.56,7.39,61.88,2026-02-26T09:19:37.174Z
mm39566amsgy9trq8,688256,寒武纪,2026-02-26,1,1095.150,1168.800,1188.880,1068.740,14083847,16461200374,492866000000,3.34,43.57,1299.18,2026-02-26T09:19:37.858Z
mm3956pquvzaavpmz,300870,欧陆通,2026-02-26,1,238.60,260.54,265.60,233.66,10056800,2620198672,28838000000,9.09,11.05,286.2,2026-02-26T09:19:38.558Z
mm39578of2jqno9pb,600589,大位科技,2026-02-26,1,12.100,12.550,13.000,11.860,4986857,62585055,18633000000,0.34,26.2,13.05,2026-02-26T09:19:39.240Z
mm3957r39k0vdv55s,601801,皖新传媒,2026-02-26,1,6.89,6.92,6.93,6.87,12388500,85728420,13549000000,0.63,1.13,7.58,2026-02-26T09:19:39.903Z
mm39589gqh6l3wo93,300738,奥飞数据,2026-02-26,1,23.34,25.76,27.26,23.34,1603662,41310333,25378000000,0.16,7.22,28.01,2026-02-26T09:19:40.564Z
mm3958s6w35soitv3,603799,华友钴业,2026-02-26,1,80.10,76.88,80.10,76.68,59820300,4598984664,145820000000,3.15,3.06,85.22,2026-02-26T09:19:41.238Z
mm3959b025c6d7o3i,301392,汇成真空,2026-02-26,1,115.20,114.49,117.11,112.21,3244600,371474254,11449000000,3.24,15.79,138.12,2026-02-26T09:19:41.915Z
mm3959u0r84qazw4d,600764,中国海防,2026-02-26,1,29.00,29.06,29.26,28.78,9617200,279475832,20651000000,1.35,2.51,32.01,2026-02-26T09:19:42.600Z
mm395acwx6st5470t,600435,北方导航,2026-02-26,1,17.31,17.24,17.34,17.11,30891000,532560840,26073000000,2.04,8.92,19.02,2026-02-26T09:19:43.280Z
mm395avzpc86ap3j1,002245,蔚蓝锂芯,2026-02-26,1,17.68,17.52,17.81,17.40,40221800,704685936,20215000000,3.49,2.73,19.44,2026-02-26T09:19:43.967Z
mm395bf05uq73aih1,002149,西部材料,2026-02-26,1,48.10,50.45,50.58,47.70,77050700,3887207815,24630000000,15.78,8.45,53.93,2026-02-26T09:19:44.652Z
mm395bxlh8ijdkcpc,300168,万达信息,2026-02-26,1,6.64,6.58,6.70,6.56,19256000,126704480,9479000000,1.34,7.69,7.98,2026-02-26T09:19:45.321Z
mm395coiqip8y1h4o,688076,诺泰生物,2026-02-26,1,33.06,32.16,33.09,32.10,4141546,133192119,10164000000,1.31,3.27,39.66,2026-02-26T09:19:46.290Z
mm395d72b08z36cgy,002851,麦格米特,2026-02-26,1,120.70,125.56,127.35,116.59,21165300,2657515068,73013000000,3.64,8.21,130.16,2026-02-26T09:19:46.958Z
mm395dppffp2c2hos,600104,上汽集团,2026-02-26,1,14.42,14.30,14.43,14.26,46873300,670288190,164382000000,0.41,0.56,15.85,2026-02-26T09:19:47.629Z
mm395earqf9qpw0wj,688503,聚和材料,2026-02-26,1,88.00,92.69,93.36,85.51,14757270,1367851356,22434000000,6.10,4.63,106.5,2026-02-26T09:19:48.387Z
mm395etn5viqtwvwy,688018,乐鑫科技,2026-02-26,1,167.12,170.40,172.49,164.00,3747543,638581327,28481000000,2.24,6.6,201.36,2026-02-26T09:19:49.067Z
mm395fcrmhzrxme27,603236,移远通信,2026-02-26,1,84.91,86.95,86.96,84.29,8185200,711703140,25026000000,2.84,3.71,93.4,2026-02-26T09:19:49.755Z
mm395fvfxo0bvy3en,600438,通威股份,2026-01-06,1,21.110,21.590,21.630,21.000,71351700,1540483203,81756000000,1.88,1.96,19.98,2026-02-26T09:19:50.427Z
mm395fvfsqc2w3gui,600438,通威股份,2026-01-07,1,21.560,21.650,22.000,21.380,65022100,1407728465,81756000000,1.72,1.96,19.98,2026-02-26T09:19:50.427Z
mm395fvf1fjx6t4vj,600438,通威股份,2026-01-08,1,21.400,21.660,21.900,21.260,76939000,1666498740,81756000000,2.04,1.96,19.98,2026-02-26T09:19:50.427Z
mm395fvf49skrum2l,600438,通威股份,2026-01-09,1,21.000,20.830,21.260,20.700,1573425,32774443,81756000000,0.04,1.96,19.98,2026-02-26T09:19:50.427Z
mm395fvf3pq12svm5,600438,通威股份,2026-01-12,1,20.530,21.270,21.590,20.520,1219433,25937340,81756000000,0.03,1.96,19.98,2026-02-26T09:19:50.427Z
mm395fvfvi6vno2gy,600438,通威股份,2026-01-13,1,21.220,20.450,21.260,20.380,1209937,24743212,81756000000,0.03,1.96,19.98,2026-02-26T09:19:50.427Z
mm395fvfdr68bvxei,600438,通威股份,2026-01-14,1,20.650,20.570,21.050,20.330,1108647,22804869,81756000000,0.03,1.96,19.98,2026-02-26T09:19:50.427Z
mm395fvf2duw7qdew,600438,通威股份,2026-01-15,1,20.450,20.020,20.650,19.880,97305900,1948064118,81756000000,2.38,1.96,19.98,2026-02-26T09:19:50.427Z
mm395fvfemcd6szlv,600438,通威股份,2026-01-16,1,20.150,20.020,20.320,19.900,70379000,1408987580,81756000000,1.72,1.96,19.98,2026-02-26T09:19:50.427Z
mm395fvfise8p28q1,600438,通威股份,2026-01-19,1,19.000,19.270,19.490,18.880,99396600,1915372482,81756000000,2.34,1.96,19.98,2026-02-26T09:19:50.427Z
mm395fvf3wjpu5jd2,600438,通威股份,2026-01-20,1,19.260,18.590,19.440,18.500,91504000,1701059360,81756000000,2.08,1.96,19.98,2026-02-26T09:19:50.427Z
mm395fvfjfzj7ftcn,600438,通威股份,2026-01-21,1,18.510,18.490,18.690,18.300,52780400,975909596,81756000000,1.19,1.96,19.98,2026-02-26T09:19:50.427Z
mm395fvfc0a9my296,600438,通威股份,2026-01-22,1,18.470,18.820,19.160,18.460,76904800,1447348336,81756000000,1.77,1.96,19.98,2026-02-26T09:19:50.427Z
mm395fvfwdust4iug,600438,通威股份,2026-01-23,1,19.000,20.280,20.500,18.950,1876351,38052398,81756000000,0.05,1.96,19.98,2026-02-26T09:19:50.427Z
mm395fvfs5xfzgtjg,600438,通威股份,2026-01-26,1,20.360,19.600,20.500,19.550,1010834,19812346,81756000000,0.02,1.96,19.98,2026-02-26T09:19:50.427Z
mm395fvfacer1jhji,600438,通威股份,2026-01-27,1,19.480,19.500,19.780,18.750,92994700,1813396650,81756000000,2.22,1.96,19.98,2026-02-26T09:19:50.427Z
mm395fvfof0eidd4a,600438,通威股份,2026-01-28,1,19.400,19.020,19.590,18.880,88527500,1683793050,81756000000,2.06,1.96,19.98,2026-02-26T09:19:50.427Z
mm395fvf77wdvcr2t,600438,通威股份,2026-01-29,1,19.000,19.060,19.440,18.810,73383600,1398691416,81756000000,1.71,1.96,19.98,2026-02-26T09:19:50.427Z
mm395fvf0d9wq677y,600438,通威股份,2026-01-30,1,18.800,18.200,19.000,18.010,93786600,1706916120,81756000000,2.09,1.96,19.98,2026-02-26T09:19:50.427Z
mm395fvfscvatt1zv,600438,通威股份,2026-02-02,1,18.500,17.840,18.580,17.790,56452300,1007109032,81756000000,1.23,1.96,19.98,2026-02-26T09:19:50.427Z
mm395fvf7qg40f6yj,600438,通威股份,2026-02-03,1,18.200,18.660,18.690,18.020,81040900,1512223194,81756000000,1.85,1.96,19.98,2026-02-26T09:19:50.427Z
mm395fvf32qb8q84t,600438,通威股份,2026-02-04,1,18.680,19.560,19.580,18.600,1283786,25110854,81756000000,0.03,1.96,19.98,2026-02-26T09:19:50.427Z
mm395fvftrfujk2w5,600438,通威股份,2026-02-05,1,19.340,18.370,19.340,18.300,1049962,19287802,81756000000,0.02,1.96,19.98,2026-02-26T09:19:50.427Z
mm395fvfdd1ww03z5,600438,通威股份,2026-02-06,1,18.190,18.570,18.810,18.020,60267300,1119163761,81756000000,1.37,1.96,19.98,2026-02-26T09:19:50.427Z
mm395fvfwkdozh5pr,600438,通威股份,2026-02-09,1,18.800,19.080,19.490,18.790,97431000,1858983480,81756000000,2.27,1.96,19.98,2026-02-26T09:19:50.427Z
mm395fvfvzpnrgz16,600438,通威股份,2026-02-10,1,18.920,18.850,19.180,18.790,49363900,930509515,81756000000,1.14,1.96,19.98,2026-02-26T09:19:50.427Z
mm395fvf2pyv0s38q,600438,通威股份,2026-02-11,1,18.750,18.670,18.960,18.640,33688000,628954960,81756000000,0.77,1.96,19.98,2026-02-26T09:19:50.427Z
mm395fvf2u9fuvpxp,600438,通威股份,2026-02-12,1,18.670,18.420,18.730,18.410,37580000,692223600,81756000000,0.85,1.96,19.98,2026-02-26T09:19:50.427Z
mm395fvfno433fmid,600438,通威股份,2026-02-13,1,18.330,18.010,18.360,18.000,54526800,982027668,81756000000,1.20,1.96,19.98,2026-02-26T09:19:50.427Z
mm395fvf260m6gwks,600438,通威股份,2026-02-24,1,18.230,18.160,18.360,18.070,39867100,723986536,81756000000,0.89,1.96,19.98,2026-02-26T09:19:50.427Z
mm395gej8zxaczg8t,301004,嘉益股份,2026-02-26,1,59.63,58.52,59.80,58.30,902800,52831856,8533000000,0.62,4.87,71.57,2026-02-26T09:19:51.115Z
mm395gx8818us58xp,600292,远达环保,2026-02-26,1,15.95,15.45,16.09,15.35,33753400,521490030,67674000000,0.77,2.35,17.61,2026-02-26T09:19:51.788Z
mm395hmyh1hx6fofk,300502,新易盛,2026-02-26,1,384.01,385.90,388.58,375.31,31663400,12218906060,383588000000,3.19,26.41,458.4,2026-02-26T09:19:52.713Z
mm395i608hbm2rd4a,688037,芯源微,2026-02-26,1,215.99,219.38,224.88,208.50,5836358,1280380218,44233000000,2.89,16.34,254.64,2026-02-26T09:19:53.400Z
mm395ip499cenuxuo,688072,拓荆科技,2026-02-26,1,360.57,376.75,380.00,351.59,9530209,3590506241,106373000000,3.38,17.29,432,2026-02-26T09:19:54.088Z
mm395j84xcryelt9v,600584,长电科技,2026-02-26,1,46.90,48.72,49.98,46.60,1009398,49177871,87180000000,0.06,3.1,51.61,2026-02-26T09:19:54.772Z
mm395jrnmf9ywh1j1,601138,工业富联,2026-02-26,1,57.40,57.95,58.54,56.30,1627260,94299717,1150782000000,0.01,7.43,63.13,2026-02-26T09:19:55.475Z
mm395kayqd2dcg4y1,605589,圣泉集团,2026-02-26,1,34.00,34.73,35.00,33.65,29297400,1017498702,29395000000,3.46,2.86,37.63,2026-02-26T09:19:56.170Z
mm395l0qx3k864xjw,002837,英维克,2026-02-26,1,111.08,113.70,115.72,106.22,67195600,7640139720,111034000000,6.88,33.51,120.69,2026-02-26T09:19:57.098Z
mm395llwshnu98xze,688301,奕瑞科技,2026-02-26,1,119.47,120.89,122.58,118.30,2466874,298220398,25562000000,1.17,4.14,143.89,2026-02-26T09:19:57.860Z
mm395m6519781as7d,688279,峰岹科技,2026-02-26,1,197.29,195.11,197.85,193.00,67867300,13241588903,22460000000,58.96,4.46,235.36,2026-02-26T09:19:58.589Z
mm395mpn32kn17lll,688283,坤恒顺维,2026-02-26,1,51.04,52.58,52.66,50.20,82499900,4337844742,6404000000,67.74,6.5,61.32,2026-02-26T09:19:59.291Z
mm395n9pvbory3ulp,601865,福莱特,2026-02-26,1,17.20,16.75,17.22,16.71,16769800,280894150,39243000000,0.72,1.81,18.87,2026-02-26T09:20:00.013Z
mm395ntpecmctj6i4,688188,柏楚电子,2026-02-26,1,150.90,153.50,155.36,149.08,1610320,247184120,44320000000,0.56,7.61,180.79,2026-02-26T09:20:00.733Z
mm395ocjxldk2jxjb,603197,保隆科技,2026-02-26,1,37.24,37.03,37.31,36.88,3171700,117448051,7912000000,1.48,2.47,40.98,2026-02-26T09:20:01.411Z
mm395ovl1o0182ofh,603296,华勤技术,2026-02-26,1,88.33,92.20,92.66,88.15,15475700,1426859540,93651000000,1.52,3.77,97.15,2026-02-26T09:20:02.097Z
mm395pf2odzajy05t,601100,恒立液压,2026-02-26,1,113.90,114.59,117.00,113.23,8371800,959324562,153645000000,0.62,9.23,126.68,2026-02-26T09:20:02.798Z
mm395pz23wie47f0j,002594,比亚迪,2026-02-26,1,91.40,89.85,91.40,89.61,29101900,2614805715,819180000000,0.32,3.73,100.6,2026-02-26T09:20:03.518Z
mm395qi8b5kdvw81q,300124,汇川技术,2026-02-26,1,73.94,73.80,74.08,73.38,20891300,1541777940,199793000000,0.77,5.81,89.04,2026-02-26T09:20:04.208Z
mm395r1ny8qq5ia77,002179,中航光电,2026-02-26,1,35.40,35.86,36.02,34.96,40841200,1464565432,75961000000,1.93,3.1,38.74,2026-02-26T09:20:04.907Z
mm395rkjs7ssbjt3r,000938,紫光股份,2026-02-26,1,25.31,25.73,25.86,25.31,54800800,1410024584,73590000000,1.92,5.09,27.81,2026-02-26T09:20:05.587Z
mm395s9u4z88ceinx,002555,三七互娱,2026-02-26,1,24.93,24.29,24.99,24.20,63597300,1544778417,53735000000,2.87,4.13,27.36,2026-02-26T09:20:06.497Z
mm395stebg0gs3wef,600761,安徽合力,2026-02-26,1,22.94,22.63,22.96,22.46,12968100,293468103,20156000000,1.46,1.89,25.22,2026-02-26T09:20:07.202Z
mm395tcm4kq5mtw21,002410,广联达,2026-02-26,1,13.80,13.69,13.84,13.63,28983900,396789591,22615000000,1.75,3.8,15.13,2026-02-26T09:20:07.894Z
mm395u2r2caf52jki,688122,西部超导,2026-02-26,1,85.99,86.88,87.60,84.53,19410915,1686420295,56443000000,2.99,8.16,102.78,2026-02-26T09:20:08.835Z
mm395ummy4sjd4e6z,300760,迈瑞医疗,2026-02-26,1,187.60,187.28,189.99,186.50,5776000,1081729280,227066000000,0.48,6.03,224.35,2026-02-26T09:20:09.550Z
mm395v5m55z9w8851,688120,华海清科,2026-02-26,1,199.01,196.64,200.46,191.90,5032911,989671619,69542000000,1.42,9.64,237.58,2026-02-26T09:20:10.234Z
mm395vp6k92paa5gb,688409,富创精密,2026-02-26,1,109.03,111.60,112.86,107.26,7827285,873525006,34173000000,2.56,7.42,131.4,2026-02-26T09:20:10.938Z
mm395w8btawq9g9w2,00981,中芯国际,2026-02-26,1,70.650,67.600,70.650,67.600,56464703,3817013923,540835190000,0.71,0,0,2026-02-26T09:20:11.627Z
mm395wtqkjql2qcsf,01347,华虹半导体,2026-02-26,1,103.800,97.850,105.000,97.150,26746792,2617173597,170027310000,1.54,0,0,2026-02-26T09:20:12.398Z
mm395xd99cp2yyjuc,688347,华虹公司,2026-02-26,1,133.00,128.73,133.69,128.39,15600893,2008302956,223685000000,0.90,5.03,158.16,2026-02-26T09:20:13.101Z
mm395xwf9wmbenyj7,600641,万业企业,2026-02-26,1,19.51,19.45,19.61,19.06,26551300,516422785,18101000000,2.85,2.22,21.46,2026-02-26T09:20:13.791Z
mm395ysis0e603z83,300604,长川科技,2026-02-26,1,139.84,148.20,151.10,133.88,38516200,5708100840,94018000000,6.07,21.5,167.98,2026-02-26T09:20:14.946Z
mm395zbk072p5z5oy,603690,至纯科技,2026-01-07,1,32.900,33.410,33.670,32.530,46707600,1560500916,11240000000,13.88,2.24,31.63,2026-02-26T09:20:15.632Z
mm395zbkx6rmzjozq,603690,至纯科技,2026-01-08,1,33.120,32.730,33.650,32.550,31066200,1016796726,11240000000,9.05,2.24,31.63,2026-02-26T09:20:15.632Z
mm395zbkq5rton2e3,603690,至纯科技,2026-01-09,1,32.560,32.640,32.850,32.260,25897300,845287872,11240000000,7.52,2.24,31.63,2026-02-26T09:20:15.632Z
mm395zbl82autue2i,603690,至纯科技,2026-01-12,1,32.640,32.550,32.840,32.310,26623800,866604690,11240000000,7.71,2.24,31.63,2026-02-26T09:20:15.632Z
mm395zbl1tvi03b6f,603690,至纯科技,2026-01-13,1,32.510,31.450,32.690,31.310,24070800,757026660,11240000000,6.74,2.24,31.63,2026-02-26T09:20:15.632Z
mm395zbl6yx3s3wew,603690,至纯科技,2026-01-14,1,31.550,31.700,32.300,31.250,21775800,690292860,11240000000,6.14,2.24,31.63,2026-02-26T09:20:15.632Z
mm395zblzpmtecgek,603690,至纯科技,2026-01-15,1,31.420,32.670,32.680,31.370,29583800,966502746,11240000000,8.60,2.24,31.63,2026-02-26T09:20:15.632Z
mm395zblpdbj4bjcv,603690,至纯科技,2026-01-16,1,33.280,34.230,35.070,32.660,57324400,1962214212,11240000000,17.46,2.24,31.63,2026-02-26T09:20:15.632Z
mm395zbl2bhdhyxo7,603690,至纯科技,2026-01-19,1,34.580,33.870,35.200,33.710,38350200,1298921274,11240000000,11.56,2.24,31.63,2026-02-26T09:20:15.632Z
mm395zbloa1otqisw,603690,至纯科技,2026-01-20,1,33.610,34.230,35.260,33.480,41361700,1415810991,11240000000,12.60,2.24,31.63,2026-02-26T09:20:15.632Z
mm395zblgtxrh494i,603690,至纯科技,2026-01-21,1,33.850,34.610,34.920,33.540,39315500,1360709455,11240000000,12.11,2.24,31.63,2026-02-26T09:20:15.632Z
mm395zblf45ryalcb,603690,至纯科技,2026-01-22,1,34.860,33.760,34.970,33.600,29698700,1002628112,11240000000,8.92,2.24,31.63,2026-02-26T09:20:15.632Z
mm395zblu0x6yzcpb,603690,至纯科技,2026-01-23,1,33.600,34.230,34.500,33.400,27225200,931918596,11240000000,8.29,2.24,31.63,2026-02-26T09:20:15.632Z
mm395zbl01o1sc73c,603690,至纯科技,2026-01-26,1,30.810,30.810,31.330,30.810,14560000,448593600,11240000000,3.99,2.24,31.63,2026-02-26T09:20:15.632Z
mm395zbl5secf3tfz,603690,至纯科技,2026-01-27,1,28.500,29.120,29.500,28.250,53055800,1544984896,11240000000,13.75,2.24,31.63,2026-02-26T09:20:15.632Z
mm395zblt0z3neoig,603690,至纯科技,2026-01-28,1,28.800,29.010,29.670,28.620,32824200,952230042,11240000000,8.47,2.24,31.63,2026-02-26T09:20:15.632Z
mm395zblmqyq5pztq,603690,至纯科技,2026-01-29,1,28.990,28.520,29.660,28.500,24883100,709666012,11240000000,6.31,2.24,31.63,2026-02-26T09:20:15.632Z
mm395zblxeaeq076l,603690,至纯科技,2026-01-30,1,28.310,28.170,28.600,27.690,19584000,551681280,11240000000,4.91,2.24,31.63,2026-02-26T09:20:15.632Z
mm395zblumbmm2sbg,603690,至纯科技,2026-02-02,1,28.000,27.180,28.100,27.080,16266300,442118034,11240000000,3.93,2.24,31.63,2026-02-26T09:20:15.632Z
mm395zbl676112duz,603690,至纯科技,2026-02-03,1,27.430,27.890,27.920,27.350,12559900,350295611,11240000000,3.12,2.24,31.63,2026-02-26T09:20:15.632Z
mm395zbl732ksuqeo,603690,至纯科技,2026-02-04,1,27.650,27.700,27.850,27.350,9860700,273141390,11240000000,2.43,2.24,31.63,2026-02-26T09:20:15.632Z
mm395zbli3dtvcljn,603690,至纯科技,2026-02-05,1,27.500,27.470,27.630,27.220,9916800,272414496,11240000000,2.42,2.24,31.63,2026-02-26T09:20:15.632Z
mm395zblgcbrj264h,603690,至纯科技,2026-02-06,1,27.280,27.300,27.660,27.130,8458800,230925240,11240000000,2.05,2.24,31.63,2026-02-26T09:20:15.632Z
mm395zbl4qmokxg22,603690,至纯科技,2026-02-09,1,27.600,27.960,27.970,27.530,11599200,324313632,11240000000,2.89,2.24,31.63,2026-02-26T09:20:15.632Z
mm395zbl3sflag36x,603690,至纯科技,2026-02-10,1,27.900,27.760,28.020,27.760,7838800,217605088,11240000000,1.94,2.24,31.63,2026-02-26T09:20:15.632Z
mm395zbly4dzxfewy,603690,至纯科技,2026-02-11,1,27.750,27.580,27.870,27.550,6567900,181142682,11240000000,1.61,2.24,31.63,2026-02-26T09:20:15.632Z
mm395zbl6x9nby8m7,603690,至纯科技,2026-02-12,1,27.660,27.920,28.000,27.530,9521100,265829112,11240000000,2.37,2.24,31.63,2026-02-26T09:20:15.632Z
mm395zblk5l0v7aak,603690,至纯科技,2026-02-13,1,27.710,27.970,28.380,27.710,11010700,307969279,11240000000,2.74,2.24,31.63,2026-02-26T09:20:15.632Z
mm395zbljr66z9g1r,603690,至纯科技,2026-02-24,1,28.300,28.320,28.500,27.840,10040200,284338464,11240000000,2.53,2.24,31.63,2026-02-26T09:20:15.632Z
mm395zblu4rt7jllw,603690,至纯科技,2026-02-25,1,28.370,28.750,28.860,28.210,13419300,385804875,11240000000,3.43,2.24,31.63,2026-02-26T09:20:15.632Z
mm395zbk51bbkd9jh,603690,至纯科技,2026-02-26,1,28.74,29.35,29.35,28.33,19807000,581335450,11240000000,5.17,2.24,31.63,2026-02-26T09:20:15.632Z
