id,stock_code,stock_name,report_quarter,report_year,report_date,quarter_revenue,quarter_net_profit,quarter_deducted_net_profit,revenue_yoy,net_profit_yoy,deducted_net_profit_yoy,basic_eps,eps_yoy,bps,roe,gross_margin,pe_ttm,pb,ps,total_market_cap,float_market_cap,ttm_revenue,ttm_net_profit,ttm_eps,created_at
mm1r3dxpa2tnmhulw,002027,分众传媒,2020Q4,2020,2020-12-31,12097106052.76,4003835613.29,3646173547.71,-0.3200573864,113.51,,0.2774,,1.159362654949,26.16,63.2395624888,,,3.38,1042.73,1042.73,30838927099.6,13195822808.7,0.9137,2026-02-25T09:50:06.949Z
mm1r3dxpbizxm5l07,002027,分众传媒,2021Q1,2021,2021-03-31,3592928596.15,1368211493.18,1217037005.88,85.3531490341,3511.27,,0.0948,,1.257871968052,7.71,65.7234120595,,,3.38,1042.73,1042.73,30838927099.6,13195822808.7,0.9137,2026-02-25T09:50:06.949Z
mm1r3dxp9wbjb1233,002027,分众传媒,2021Q2,2021,2021-06-30,7326642914.52,2900234140.14,2591603530.05,58.9008966091,252.23,,0.2008,,1.255021332074,15.88,65.8809969246,,,3.38,1042.73,1042.73,30838927099.6,13195822808.7,0.9137,2026-02-25T09:50:06.949Z
mm1r3dxprdv1tvdov,002027,分众传媒,2021Q3,2021,2021-09-30,11148130888.5,4422555928.9,4030911315.59,41.5553278068,100.81,,0.3062,,1.162816921777,23.92,66.9583774714,,,3.38,1042.73,1042.73,30838927099.6,13195822808.7,0.9137,2026-02-25T09:50:06.949Z
mm1r3dxpob5a2345c,002027,分众传媒,2021Q4,2021,2021-12-31,14836422936.69,6063162192.53,5413868941.52,22.6443983543,51.43,48.48,0.4198,51.33,1.272619914224,33.13,67.5333997686,,,3.38,1042.73,1042.73,30838927099.6,13195822808.7,0.9137,2026-02-25T09:50:06.949Z
mm1r3dxppiqkbe3w8,002027,分众传媒,2022Q1,2022,2022-03-31,2939271223.27,928760981.95,811347231.78,-18.1928851461,-32.12,-33.33,0.0643,-32.17,1.336142111089,4.93,63.3733124522,,,3.38,1042.73,1042.73,30838927099.6,13195822808.7,0.9137,2026-02-25T09:50:06.949Z
mm1r3dxprs7zmhstd,002027,分众传媒,2022Q2,2022,2022-06-30,4852333909.76,1403446442.81,1079743404.69,-33.7713879826,-51.61,-58.34,0.0972,-51.59,1.372349442787,7.35,58.9598372865,,,3.38,1042.73,1042.73,30838927099.6,13195822808.7,0.9137,2026-02-25T09:50:06.949Z
mm1r3dxp5ymc6r6ry,002027,分众传媒,2022Q3,2022,2022-09-30,7370235888.77,2130670691.76,1951109652.28,-33.8881471479,-51.82,-51.6,0.1475,-51.83,1.294880522042,11.18,60.9202720843,,,3.38,1042.73,1042.73,30838927099.6,13195822808.7,0.9137,2026-02-25T09:50:06.949Z
mm1r3dxpovuw6bht1,002027,分众传媒,2022Q4,2022,2022-12-31,9424959143.22,2789952461.91,2394252544.09,-36.4741812535,-53.99,-55.78,0.1932,-53.98,1.173567047905,14.82,59.7093013563,,,3.38,1042.73,1042.73,30838927099.6,13195822808.7,0.9137,2026-02-25T09:50:06.949Z
mm1r3dxp689jyhiw9,002027,分众传媒,2023Q1,2023,2023-03-31,2574661727.65,941213711.27,799826585.5,-12.4047584562,1.34,-1.42,0.0652,1.4,1.237954631783,5.4,61.822242444,,,3.38,1042.73,1042.73,30838927099.6,13195822808.7,0.9137,2026-02-25T09:50:06.949Z
mm1r3dxpwurwl5ejr,002027,分众传媒,2023Q2,2023,2023-06-30,5516755762.64,2231417577.26,1971863375.05,13.6928304036,59,82.62,0.1545,58.95,1.048707371418,12.83,63.9386880496,,,3.38,1042.73,1042.73,30838927099.6,13195822808.7,0.9137,2026-02-25T09:50:06.949Z
mm1r3dxpt7rttbhqa,002027,分众传媒,2023Q3,2023,2023-09-30,8675229097.11,3602070203.65,3257160305.68,17.7062610754,69.06,66.94,0.2494,69.08,1.144418584006,21.24,65.5064058417,,,3.38,1042.73,1042.73,30838927099.6,13195822808.7,0.9137,2026-02-25T09:50:06.949Z
mm1r3dxp1l8dakjwb,002027,分众传媒,2023Q4,2023,2023-12-31,11903724918.98,4827101718.5,4373844125.99,26.300016139,73.02,82.68,0.3342,72.98,1.225121829017,28.42,65.4793622282,,,3.38,1042.73,1042.73,30838927099.6,13195822808.7,0.9137,2026-02-25T09:50:06.949Z
mm1r3dxpukv0dtepz,002027,分众传媒,2024Q1,2024,2024-03-31,2729531149.19,1040063504.6,945163127.62,6.0151366635,10.5,18.17,0.072,10.43,1.29695429239,5.71,61.6930632358,,,3.38,1042.73,1042.73,30838927099.6,13195822808.7,0.9137,2026-02-25T09:50:06.949Z
mm1r3dxpvnp9rvzgx,002027,分众传媒,2024Q2,2024,2024-06-30,5967271387.91,2493427829.2,2197189570.15,8.1663144909,11.74,11.43,0.1726,11.72,1.092268453648,13.7,65.1344469,,,3.38,1042.73,1042.73,30838927099.6,13195822808.7,0.9137,2026-02-25T09:50:06.949Z
mm1r3dxp0v1otwyjy,002027,分众传媒,2024Q3,2024,2024-09-30,9261434593.06,3968063820.02,3540872582.21,6.757233606,10.16,8.71,0.2748,10.18,1.093557000297,22.61,66.2195612394,,,3.38,1042.73,1042.73,30838927099.6,13195822808.7,0.9137,2026-02-25T09:50:06.949Z
mm1r3dxpgkocak04m,002027,分众传媒,2024Q4,2024,2024-12-31,12262102807.88,5155394136.42,4667987379.7,3.0106365137,6.8,6.73,0.357,6.82,1.17899498038,29.91,66.2624029373,,,3.38,1042.73,1042.73,30838927099.6,13195822808.7,0.9137,2026-02-25T09:50:06.949Z
mm1r3dxpnniwo4pki,002027,分众传媒,2025Q1,2025,2025-03-31,2857740968.87,1135173105.64,988287483.91,4.6971370786,9.14,4.56,0.0786,9.17,1.259136111673,6.45,64.7053478171,,,3.38,1042.73,1042.73,30838927099.6,13195822808.7,0.9137,2026-02-25T09:50:06.949Z
mm1r3dxpoa3zlmzy8,002027,分众传媒,2025Q2,2025,2025-06-30,6112356705.1,2664779621.19,2464564464.89,2.4313510775,6.87,12.17,0.1845,6.89,1.131976879187,14.52,68.2882506349,,,3.38,1042.73,1042.73,30838927099.6,13195822808.7,0.9137,2026-02-25T09:50:06.949Z
mm1r3dxp0uycncls3,002027,分众传媒,2025Q3,2025,2025-09-30,9606726617.75,4240475945.45,4004927625.14,3.7282779598,6.87,13.11,0.2936,6.84,1.140225991569,23.74,70.4006937424,18.44,6.62,3.38,1042.73,1042.73,30838927099.6,13195822808.7,0.9137,2026-02-25T09:50:06.949Z
mm1r3epdl8o1duoct,002558,巨人网络,2020Q4,2020,2020-12-31,2217294341.42,1029007579.4,911176757.56,-13.7720439593,25.48,,0.54,,4.67693351853,10.82,83.1736364564,,,8.62,747.78,747.78,8677282459.98,3966638550.56,2.16,2026-02-25T09:50:08.056Z
mm1r3epduq3oa2irj,002558,巨人网络,2021Q1,2021,2021-03-31,566854107.89,320379441.62,281811493.93,-18.1426720356,1.2,,0.16,,4.751801218419,3.29,87.176987218,,,8.62,747.78,747.78,8677282459.98,3966638550.56,2.16,2026-02-25T09:50:08.056Z
mm1r3epdm9zkuqt4z,002558,巨人网络,2021Q2,2021,2021-06-30,1035858568.95,573872956.53,480750319.65,-15.2891766758,8.95,,0.3,,5.169181068512,5.67,86.5761306111,,,8.62,747.78,747.78,8677282459.98,3966638550.56,2.16,2026-02-25T09:50:08.056Z
mm1r3epd9rm9663l1,002558,巨人网络,2021Q3,2021,2021-09-30,1542177237.75,874265976.56,680743288.1,-10.569020761,4.38,,0.46,,5.225167477095,8.66,85.940284888,,,8.62,747.78,747.78,8677282459.98,3966638550.56,2.16,2026-02-25T09:50:08.056Z
mm1r3epdhib1v9oz3,002558,巨人网络,2021Q4,2021,2021-12-31,2124268636.73,994509684.67,1054722902.38,-4.1954603389,-3.35,15.75,0.53,-1.85,5.210082465246,9.97,84.8547413723,,,8.62,747.78,747.78,8677282459.98,3966638550.56,2.16,2026-02-25T09:50:08.056Z
mm1r3epd1lsrxcp3d,002558,巨人网络,2022Q1,2022,2022-03-31,580401269.89,270988697.11,350451151.19,2.3898851241,-15.42,24.36,0.14,-12.5,5.351168356133,2.53,89.5166188641,,,8.62,747.78,747.78,8677282459.98,3966638550.56,2.16,2026-02-25T09:50:08.056Z
mm1r3epd9k7d69y77,002558,巨人网络,2022Q2,2022,2022-06-30,1063888971.28,499141445.28,591349873.69,2.706006705,-13.02,23.01,0.27,-10,5.553509786205,4.5,87.5258665037,,,8.62,747.78,747.78,8677282459.98,3966638550.56,2.16,2026-02-25T09:50:08.056Z
mm1r3epdbewn95kdr,002558,巨人网络,2022Q3,2022,2022-09-30,1572502745.46,775611481.85,856184613.11,1.9664087219,-11.28,25.77,0.42,-8.7,5.994383067037,6.79,86.108201882,,,8.62,747.78,747.78,8677282459.98,3966638550.56,2.16,2026-02-25T09:50:08.056Z
mm1r3epdcihcxuzva,002558,巨人网络,2022Q4,2022,2022-12-31,2037707421.34,850952891.35,1017874613.71,-4.0748714119,-14.43,-3.49,0.46,-13.21,5.913886285309,7.58,84.0363379785,,,8.62,747.78,747.78,8677282459.98,3966638550.56,2.16,2026-02-25T09:50:08.056Z
mm1r3epdxxi0w9ti1,002558,巨人网络,2023Q1,2023,2023-03-31,507540726.58,244773886.04,262032081.73,-12.5534775835,-9.67,-25.23,0.13,-7.14,5.946143583036,2.06,86.551545674,,,8.62,747.78,747.78,8677282459.98,3966638550.56,2.16,2026-02-25T09:50:08.056Z
mm1r3epdx6rtvz207,002558,巨人网络,2023Q2,2023,2023-06-30,1443488091.21,663590315.62,691381453.35,35.6803322694,32.95,16.92,0.36,33.33,6.288395330723,5.36,89.4941774294,,,8.62,747.78,747.78,8677282459.98,3966638550.56,2.16,2026-02-25T09:50:08.056Z
mm1r3epdnayzajzv0,002558,巨人网络,2023Q3,2023,2023-09-30,2267254807.49,1084821647.95,1116150058.61,44.1812940572,39.87,30.36,0.59,40.48,6.324412914164,8.74,89.5310637143,,,8.62,747.78,747.78,8677282459.98,3966638550.56,2.16,2026-02-25T09:50:08.056Z
mm1r3epdf4ofzzbyf,002558,巨人网络,2023Q4,2023,2023-12-31,2924173672.43,1086440305.95,1372519975.09,43.5031173664,27.67,34.84,0.59,28.26,5.92270103702,8.93,88.9218570051,,,8.62,747.78,747.78,8677282459.98,3966638550.56,2.16,2026-02-25T09:50:08.056Z
mm1r3epdbb1ei5acx,002558,巨人网络,2024Q1,2024,2024-03-31,696402216.01,352409048.46,404618536.43,37.211100418,43.97,54.42,0.19,46.15,6.115657241033,2.97,86.8457964659,,,8.62,747.78,747.78,8677282459.98,3966638550.56,2.16,2026-02-25T09:50:08.056Z
mm1r3epdhci7picho,002558,巨人网络,2024Q2,2024,2024-06-30,1427137420.29,717710876.16,884393163.39,-1.1327194883,8.16,27.92,0.39,8.33,6.228257848598,5.95,88.4195320766,,,8.62,747.78,747.78,8677282459.98,3966638550.56,2.16,2026-02-25T09:50:08.056Z
mm1r3epdcihm6lsxm,002558,巨人网络,2024Q3,2024,2024-09-30,2218411601.5,1070804528.04,1274186083.03,-2.1542883415,-1.29,14.16,0.58,-1.69,6.179265177578,8.85,88.9165506873,,,8.62,747.78,747.78,8677282459.98,3966638550.56,2.16,2026-02-25T09:50:08.056Z
mm1r3epd8hmu6gkp4,002558,巨人网络,2024Q4,2024,2024-12-31,2922846402.21,1424901718.85,1622746717.13,-0.0453895824,31.15,18.23,0.78,32.2,6.627700360287,11.56,87.3398529953,,,8.62,747.78,747.78,8677282459.98,3966638550.56,2.16,2026-02-25T09:50:08.056Z
mm1r3epdyyfh7dg7b,002558,巨人网络,2025Q1,2025,2025-03-31,723814403.15,347867744.96,362337017.62,3.9362578851,-1.29,-10.45,0.19,,6.725048965058,2.69,91.2713833608,,,8.62,747.78,747.78,8677282459.98,3966638550.56,2.16,2026-02-25T09:50:08.056Z
mm1r3epdfmz2ne75p,002558,巨人网络,2025Q2,2025,2025-06-30,1662199977.45,777048091.04,806621940.16,16.4709125987,8.27,-8.79,0.42,7.69,7.258536711153,5.87,90.7779791842,,,8.62,747.78,747.78,8677282459.98,3966638550.56,2.16,2026-02-25T09:50:08.056Z
mm1r3epdr5mfoqu7w,002558,巨人网络,2025Q3,2025,2025-09-30,3368421677.17,1416820995.71,1484383097.79,51.8393464447,32.31,16.5,0.77,32.76,7.841242044921,10.23,90.6154114441,39.58,4.93,8.62,747.78,747.78,8677282459.98,3966638550.56,2.16,2026-02-25T09:50:08.056Z
mm1r3fh57fgqoka8t,603986,兆易创新,2020Q4,2020,2020-12-31,4496894867.81,880702107.75,555454937.82,40.3999767374,45.11,,1.36,,22.676220096815,10.64,37.0813680797,,,10.27,2079.13,2182.67,20246983044.38,2995876374.96,4.52,2026-02-25T09:50:09.171Z
mm1r3fh5acs8nn93s,603986,兆易创新,2021Q1,2021,2021-03-31,1603963163.57,301300239.59,276874413.75,99.132328319,79.43,,0.46,,23.289829187624,2.77,35.4768301289,,,10.27,2079.13,2182.67,20246983044.38,2995876374.96,4.52,2026-02-25T09:50:09.171Z
mm1r3fh5qpxznjcix,603986,兆易创新,2021Q2,2021,2021-06-30,3640884058.16,785707095.74,740473824.3,119.6209123414,116.32,,1.19,,17.053207519485,7.08,40.0167576022,,,10.27,2079.13,2182.67,20246983044.38,2995876374.96,4.52,2026-02-25T09:50:09.171Z
mm1r3fh52son5gorv,603986,兆易创新,2021Q3,2021,2021-09-30,6329944963.67,1648183513.49,1564289606.52,99.4491379469,144.92,,2.5,,18.904519801945,14.16,44.0838316188,,,10.27,2079.13,2182.67,20246983044.38,2995876374.96,4.52,2026-02-25T09:50:09.171Z
mm1r3fh526pszmdvn,603986,兆易创新,2021Q4,2021,2021-12-31,8510223468.73,2336793535.26,2224461333.8,89.2466628395,165.33,300.48,3.54,160.29,20.200318897245,19.44,46.5421364302,,,10.27,2079.13,2182.67,20246983044.38,2995876374.96,4.52,2026-02-25T09:50:09.171Z
mm1r3fh5ecl7t4emu,603986,兆易创新,2022Q1,2022,2022-03-31,2229810940.28,686103249.81,655025296.97,39.0188372729,127.65,136.58,1.04,126.09,21.296181633503,4.95,49.4911066174,,,10.27,2079.13,2182.67,20246983044.38,2995876374.96,4.52,2026-02-25T09:50:09.171Z
mm1r3fh58rino54qp,603986,兆易创新,2022Q2,2022,2022-06-30,4781046689.22,1526959317.66,1467958062.37,31.3155435012,94.34,98.25,2.31,94.12,21.776457293621,10.73,49.4403516991,,,10.27,2079.13,2182.67,20246983044.38,2995876374.96,4.52,2026-02-25T09:50:09.171Z
mm1r3fh560mdqc65m,603986,兆易创新,2022Q3,2022,2022-09-30,6769083021.08,2091913708.26,1999172147.6,6.9374703877,26.92,27.8,3.16,26.4,22.799187555894,14.31,48.4590796038,,,10.27,2079.13,2182.67,20246983044.38,2995876374.96,4.52,2026-02-25T09:50:09.171Z
mm1r3fh5j481b6jyg,603986,兆易创新,2022Q4,2022,2022-12-31,8129992424.99,2052884263.32,1909530384.49,-4.4679325418,-12.16,-14.16,3.1,-12.43,22.768470970183,14.38,47.6585529219,,,10.27,2079.13,2182.67,20246983044.38,2995876374.96,4.52,2026-02-25T09:50:09.171Z
mm1r3fh54az6viilg,603986,兆易创新,2023Q1,2023,2023-03-31,1341311243.71,150080061.73,130077590.53,-39.8464139053,-78.13,-80.14,0.23,-77.88,23.030745257749,0.98,38.2524968657,,,10.27,2079.13,2182.67,20246983044.38,2995876374.96,4.52,2026-02-25T09:50:09.171Z
mm1r3fh5e17x38wig,603986,兆易创新,2023Q2,2023,2023-06-30,2965812063.82,335981576.41,275474715.87,-37.967305977,-78,-81.23,0.51,-77.92,22.907125434739,2.19,33.4328604838,,,10.27,2079.13,2182.67,20246983044.38,2995876374.96,4.52,2026-02-25T09:50:09.171Z
mm1r3fh5bgbvjr9bn,603986,兆易创新,2023Q3,2023,2023-09-30,4394487650.7,433675509.91,340526537.86,-35.0800154613,-79.27,-82.97,0.65,-79.43,23.297573614324,2.81,34.3844260973,,,10.27,2079.13,2182.67,20246983044.38,2995876374.96,4.52,2026-02-25T09:50:09.171Z
mm1r3fh5rrf0vbxf6,603986,兆易创新,2023Q4,2023,2023-12-31,5760823414.65,161141224.88,27400630.3,-29.1410973897,-92.15,-98.57,0.24,-92.26,22.791170948323,1.06,34.4224293811,,,10.27,2079.13,2182.67,20246983044.38,2995876374.96,4.52,2026-02-25T09:50:09.171Z
mm1r3fh5a4ik70d59,603986,兆易创新,2024Q1,2024,2024-03-31,1627269967.75,204785920.62,183748478.85,21.3193414564,36.45,41.26,0.31,34.78,22.998566956436,1.34,38.159108385,,,10.27,2079.13,2182.67,20246983044.38,2995876374.96,4.52,2026-02-25T09:50:09.171Z
mm1r3fh5xgyoen3tx,603986,兆易创新,2024Q2,2024,2024-06-30,3609037320.17,517000013.68,473449975.7,21.6879978403,53.88,71.87,0.78,52.94,23.443895319617,3.36,38.1560535651,,,10.27,2079.13,2182.67,20246983044.38,2995876374.96,4.52,2026-02-25T09:50:09.171Z
mm1r3fh518hwdnp7y,603986,兆易创新,2024Q3,2024,2024-09-30,5649596831.4,832112528.83,777469282.61,28.5609900508,91.87,128.31,1.26,93.85,24.017318432641,5.34,39.4597837256,,,10.27,2079.13,2182.67,20246983044.38,2995876374.96,4.52,2026-02-25T09:50:09.171Z
mm1r3fh5u5mbbhzql,603986,兆易创新,2024Q4,2024,2024-12-31,7355977677.11,1102542801.68,1030479348.71,27.6896920396,584.21,3660.79,1.66,591.67,24.842507168099,6.94,38.001106064,,,10.27,2079.13,2182.67,20246983044.38,2995876374.96,4.52,2026-02-25T09:50:09.171Z
mm1r3fh5vz2x7sgn0,603986,兆易创新,2025Q1,2025,2025-03-31,1909062290.61,234630087.42,223856594.91,17.3168760221,14.57,21.83,0.35,12.9,25.2931297372,1.41,37.440423888,,,10.27,2079.13,2182.67,20246983044.38,2995876374.96,4.52,2026-02-25T09:50:09.171Z
mm1r3fh5q4lxfaz0v,603986,兆易创新,2025Q2,2025,2025-06-30,4150308632.88,575475605.82,544432265.02,14.9976646039,11.31,14.99,0.87,11.54,25.961388396402,3.41,37.2100747307,,,10.27,2079.13,2182.67,20246983044.38,2995876374.96,4.52,2026-02-25T09:50:09.171Z
mm1r3fh577ae3bdvu,603986,兆易创新,2025Q3,2025,2025-09-30,6831634443.78,1083227880.04,1042132191.94,20.9225126616,30.18,34.04,1.64,30.16,27.266754143684,6.3,38.5883109514,151.12,11.93,10.27,2079.13,2182.67,20246983044.38,2995876374.96,4.52,2026-02-25T09:50:09.171Z
mm1r3g9fzdvrcwg8e,300002,神州泰岳,2020Q4,2020,2020-12-31,3595794691.29,351152491.85,302120600.1,102.3237163613,123.82,,0.1809,,2.002177312092,9.55,60.2436162225,,,1.5,218.16,235.47,14528990014.779999,2900239862.5,1.4828999999999999,2026-02-25T09:50:10.320Z
mm1r3g9fwamhvks2l,300002,神州泰岳,2021Q1,2021,2021-03-31,948327611.76,77146987.96,47790573.48,71.4289088533,432.71,,0.0399,,2.04478994249,1.94,63.9329380534,,,1.5,218.16,235.47,14528990014.779999,2900239862.5,1.4828999999999999,2026-02-25T09:50:10.320Z
mm1r3g9fokjsicgcm,300002,神州泰岳,2021Q2,2021,2021-06-30,1972502375.05,153814341.11,114957119.05,52.2287796146,76.36,,0.0795,,2.083243567314,3.84,62.5405936983,,,1.5,218.16,235.47,14528990014.779999,2900239862.5,1.4828999999999999,2026-02-25T09:50:10.320Z
mm1r3g9fqljxvjg56,300002,神州泰岳,2021Q3,2021,2021-09-30,2967018077.82,212237124.31,171026318.89,31.3996968161,2.69,,0.1095,,2.121682763867,5.25,62.140632552,,,1.5,218.16,235.47,14528990014.779999,2900239862.5,1.4828999999999999,2026-02-25T09:50:10.320Z
mm1r3g9fn0a4fn314,300002,神州泰岳,2021Q4,2021,2021-12-31,4314268657.64,384517176.6,319524798.87,19.9809507503,9.5,5.76,0.1978,9.34,2.206131640386,9.36,62.225239048,,,1.5,218.16,235.47,14528990014.779999,2900239862.5,1.4828999999999999,2026-02-25T09:50:10.320Z
mm1r3g9f5qwhqvaxp,300002,神州泰岳,2022Q1,2022,2022-03-31,990515773.19,63069757.15,56354282.8,4.4486906114,-18.24,17.92,0.0322,-19.3,2.257074438758,1.44,60.2845452271,,,1.5,218.16,235.47,14528990014.779999,2900239862.5,1.4828999999999999,2026-02-25T09:50:10.320Z
mm1r3g9f7q5yjtoc5,300002,神州泰岳,2022Q2,2022,2022-06-30,2080566987.89,222133417.45,208964278.74,5.4785542571,44.41,81.78,0.1134,42.64,2.308440980778,4.98,60.8505417162,,,1.5,218.16,235.47,14528990014.779999,2900239862.5,1.4828999999999999,2026-02-25T09:50:10.320Z
mm1r3g9fm8r46m4an,300002,神州泰岳,2022Q3,2022,2022-09-30,3235193934.64,383430979.56,332847166.89,9.0385649762,80.6,94.62,0.1961,79.09,2.399072400691,8.47,61.0026610763,,,1.5,218.16,235.47,14528990014.779999,2900239862.5,1.4828999999999999,2026-02-25T09:50:10.320Z
mm1r3g9f1oi5d92bj,300002,神州泰岳,2022Q4,2022,2022-12-31,4806013816.09,541476100.89,446295695.34,11.3981116493,40.93,39.67,0.2772,40.14,2.465466909119,11.82,60.3928748437,,,1.5,218.16,235.47,14528990014.779999,2900239862.5,1.4828999999999999,2026-02-25T09:50:10.320Z
mm1r3g9f8wzyy3ba3,300002,神州泰岳,2023Q1,2023,2023-03-31,1211957955.63,178131184.75,146781507.19,22.3562499895,182.44,160.46,0.0914,183.85,2.568585686662,3.61,63.9728186591,,,1.5,218.16,235.47,14528990014.779999,2900239862.5,1.4828999999999999,2026-02-25T09:50:10.320Z
mm1r3g9ffge15s7oq,300002,神州泰岳,2023Q2,2023,2023-06-30,2653449342.08,404021926.98,382246998.14,27.5349151229,81.88,82.92,0.2073,82.8,2.669683204059,7.98,62.9983535868,,,1.5,218.16,235.47,14528990014.779999,2900239862.5,1.4828999999999999,2026-02-25T09:50:10.320Z
mm1r3g9fiyumb35nr,300002,神州泰岳,2023Q3,2023,2023-09-30,4051041446.32,562789810.62,537581711.17,25.2178857949,46.78,61.51,0.2905,48.14,2.757430530342,10.97,63.1087962046,,,1.5,218.16,235.47,14528990014.779999,2900239862.5,1.4828999999999999,2026-02-25T09:50:10.320Z
mm1r3g9fg8ehygius,300002,神州泰岳,2023Q4,2023,2023-12-31,5962244473.08,887180309.72,829080678.58,24.0579969437,63.84,85.77,0.455,64.14,2.939401655532,16.76,62.735411822,,,1.5,218.16,235.47,14528990014.779999,2900239862.5,1.4828999999999999,2026-02-25T09:50:10.320Z
mm1r3g9fg24qdkro1,300002,神州泰岳,2024Q1,2024,2024-03-31,1488183132.94,295017224.07,286802335.35,22.7916468576,65.62,95.39,0.1514,65.65,3.107618645327,4.98,63.6535254615,,,1.5,218.16,235.47,14528990014.779999,2900239862.5,1.4828999999999999,2026-02-25T09:50:10.320Z
mm1r3g9f8z4odkoyi,300002,神州泰岳,2024Q2,2024,2024-06-30,3052655725.86,630985553.68,617729130.12,15.0448089379,56.18,61.6,0.3238,56.2,3.221205655874,10.35,62.3022584548,,,1.5,218.16,235.47,14528990014.779999,2900239862.5,1.4828999999999999,2026-02-25T09:50:10.320Z
mm1r3g9fjsfg4n377,300002,神州泰岳,2024Q3,2024,2024-09-30,4513572455.84,1093682043.93,832387478.41,11.4175827537,94.33,54.84,0.5608,93.05,3.481329585176,17.36,61.942772947,,,1.5,218.16,235.47,14528990014.779999,2900239862.5,1.4828999999999999,2026-02-25T09:50:10.320Z
mm1r3g9f7ih49lav5,300002,神州泰岳,2024Q4,2024,2024-12-31,6452399099.15,1427670670.61,1146504663.41,8.2209749748,60.92,38.29,0.7311,60.68,3.572441871491,22.15,61.040971755,,,1.5,218.16,235.47,14528990014.779999,2900239862.5,1.4828999999999999,2026-02-25T09:50:10.320Z
mm1r3g9f5if5k7y70,300002,神州泰岳,2025Q1,2025,2025-03-31,1323493991.38,238689489.29,226293864.65,-11.0664566689,-19.09,-21.1,0.1219,-19.48,3.699008299483,3.35,61.2972220957,,,1.5,218.16,235.47,14528990014.779999,2900239862.5,1.4828999999999999,2026-02-25T09:50:10.320Z
mm1r3g9fzs8u8zij5,300002,神州泰岳,2025Q2,2025,2025-06-30,2684708514.21,509481551.32,487906217.06,-12.0533477959,-19.26,-21.02,0.2602,-19.64,3.738445606713,7.01,59.828636028,,,1.5,218.16,235.47,14528990014.779999,2900239862.5,1.4828999999999999,2026-02-25T09:50:10.320Z
mm1r3g9fykpf21wzv,300002,神州泰岳,2025Q3,2025,2025-09-30,4068388410.04,724398151.28,695702766.05,-9.8632302939,-33.77,-16.42,0.3697,-34.08,3.854989385422,9.9,58.5832721069,24.38,3.11,1.5,218.16,235.47,14528990014.779999,2900239862.5,1.4828999999999999,2026-02-25T09:50:10.320Z
mm1r3h1hk9gjzs2mk,002517,恺英网络,2020Q4,2020,2020-12-31,1543189304.38,177926021.84,77198834.33,-24.2374579857,109.39,,0.09,,1.34214039715,6.28,72.228552469,,,3.32,435.43,492.45,13124048082.96,4680112131.95,2.2,2026-02-25T09:50:11.489Z
mm1r3h1hrf3l7a5an,002517,恺英网络,2021Q1,2021,2021-03-31,447916839.1,148980095.89,67517777.33,5.8814457625,400.93,,0.07,,1.369666375639,5.02,80.5615568383,,,3.32,435.43,492.45,13124048082.96,4680112131.95,2.2,2026-02-25T09:50:11.489Z
mm1r3h1h4245fwt5i,002517,恺英网络,2021Q2,2021,2021-06-30,987572692.56,277072215.05,202865927.7,21.6525307269,451.33,,0.13,,1.429964351521,9.31,75.0561251019,,,3.32,435.43,492.45,13124048082.96,4680112131.95,2.2,2026-02-25T09:50:11.489Z
mm1r3h1h5fjd7u68p,002517,恺英网络,2021Q3,2021,2021-09-30,1649988113.71,501525592.51,392149777.61,47.1670508708,204.74,,0.24,,1.542706685961,16.31,74.5165568045,,,3.32,435.43,492.45,13124048082.96,4680112131.95,2.2,2026-02-25T09:50:11.489Z
mm1r3h1hxh7muwqsn,002517,恺英网络,2021Q4,2021,2021-12-31,2375303585.09,576727607.06,464142906,53.9217242077,224.14,501.23,0.27,200,1.582294528626,18.46,70.7805379954,,,3.32,435.43,492.45,13124048082.96,4680112131.95,2.2,2026-02-25T09:50:11.489Z
mm1r3h1hoj8r5442x,002517,恺英网络,2022Q1,2022,2022-03-31,1029010035.63,248296194.84,240534275.04,129.7323846314,66.66,256.25,0.12,71.43,1.698821983295,7.03,70.0437455703,,,3.32,435.43,492.45,13124048082.96,4680112131.95,2.2,2026-02-25T09:50:11.489Z
mm1r3h1hrzjc920h3,002517,恺英网络,2022Q2,2022,2022-06-30,2009629831,627845246.96,596312310.7,103.4918387416,126.41,193.94,0.3,130.77,1.882643400179,16.84,71.8089738975,,,3.32,435.43,492.45,13124048082.96,4680112131.95,2.2,2026-02-25T09:50:11.489Z
mm1r3h1h94hke4v9l,002517,恺英网络,2022Q3,2022,2022-09-30,2825312548.81,914194831.89,844900950.4,71.2322970895,82.21,115.45,0.43,79.17,2.025447794297,23.49,73.899420171,,,3.32,435.43,492.45,13124048082.96,4680112131.95,2.2,2026-02-25T09:50:11.489Z
mm1r3h1hj6xbcvcdl,002517,恺英网络,2022Q4,2022,2022-12-31,3725534470.42,1025231546.09,956052824.97,56.8445605777,77.76,105.98,0.49,81.48,2.077344096369,26.19,75.0167253829,,,3.32,435.43,492.45,13124048082.96,4680112131.95,2.2,2026-02-25T09:50:11.489Z
mm1r3h1h5ioy80emx,002517,恺英网络,2023Q1,2023,2023-03-31,954871461.79,289801559.02,285803115.14,-7.2048445859,16.72,18.82,0.14,16.67,2.223908838528,6.26,83.8075757914,,,3.32,435.43,492.45,13124048082.96,4680112131.95,2.2,2026-02-25T09:50:11.489Z
mm1r3h1hixasphqv0,002517,恺英网络,2023Q2,2023,2023-06-30,1976414506.72,724231499.72,675674021.33,-1.6528080827,15.35,13.31,0.35,16.67,2.294500950634,14.87,84.0468013958,,,3.32,435.43,492.45,13124048082.96,4680112131.95,2.2,2026-02-25T09:50:11.489Z
mm1r3h1h4ecilz6d0,002517,恺英网络,2023Q3,2023,2023-09-30,3029474131.19,1082300620.33,1038177618.38,7.2261591896,18.39,22.88,0.51,18.6,2.332578892466,21.84,83.912254546,,,3.32,435.43,492.45,13124048082.96,4680112131.95,2.2,2026-02-25T09:50:11.489Z
mm1r3h1hx1whej95v,002517,恺英网络,2023Q4,2023,2023-12-31,4295390346.58,1461713259.53,1350523207.75,15.2959496331,42.57,41.26,0.7,42.86,2.436236586302,28.85,83.4705130924,,,3.32,435.43,492.45,13124048082.96,4680112131.95,2.2,2026-02-25T09:50:11.489Z
mm1r3h1hw1bo2cbtv,002517,恺英网络,2024Q1,2024,2024-03-31,1307535557.4,426189898.93,423983457.43,36.9331485673,47.06,48.35,0.2,42.86,2.639973868623,7.91,82.0453730263,,,3.32,435.43,492.45,13124048082.96,4680112131.95,2.2,2026-02-25T09:50:11.489Z
mm1r3h1h2k43v7e39,002517,恺英网络,2024Q2,2024,2024-06-30,2555157356.09,809127853.74,800989064.38,29.2824631373,11.72,18.55,0.38,8.57,2.64418763735,14.34,82.0122887581,,,3.32,435.43,492.45,13124048082.96,4680112131.95,2.2,2026-02-25T09:50:11.489Z
mm1r3h1hqgsmsecjh,002517,恺英网络,2024Q3,2024,2024-09-30,3927588266.4,1280045060.92,1281407391.26,29.6458756972,18.27,23.43,0.6,17.65,2.813944180046,21.94,82.2128171943,,,3.32,435.43,492.45,13124048082.96,4680112131.95,2.2,2026-02-25T09:50:11.489Z
mm1r3h1hk6csylb03,002517,恺英网络,2024Q4,2024,2024-12-31,5118192932.04,1628471564.05,1599438782.35,19.1554787591,11.41,18.43,0.77,10,3.042006297859,27.05,81.2750805639,,,3.32,435.43,492.45,13124048082.96,4680112131.95,2.2,2026-02-25T09:50:11.489Z
mm1r3h1hh5pf6by25,002517,恺英网络,2025Q1,2025,2025-03-31,1352807839.06,518139178.5,515801547.8,3.4624130414,21.57,21.66,0.24,20,3.390623355748,7.58,83.5715930221,,,3.32,435.43,492.45,13124048082.96,4680112131.95,2.2,2026-02-25T09:50:11.489Z
mm1r3h1hczdnwwqdh,002517,恺英网络,2025Q2,2025,2025-06-30,2578013164.35,950036574.11,938577389.54,0.8944970925,17.41,17.18,0.45,18.42,3.839621895201,13.4,82.3805247273,,,3.32,435.43,492.45,13124048082.96,4680112131.95,2.2,2026-02-25T09:50:11.489Z
mm1r3h1hrxx4k2wgy,002517,恺英网络,2025Q3,2025,2025-09-30,4075034147.51,1583464815.29,1520428172.24,3.7541073837,23.7,18.65,0.74,23.33,4.781502891483,20.78,83.0445322601,23.32,4.82,3.32,435.43,492.45,13124048082.96,4680112131.95,2.2,2026-02-25T09:50:11.489Z
mm1r3hy5fzyx3fm5z,603444,吉比特,2020Q4,2020,2020-12-31,2742292402.8,1046406050.64,899716896.96,26.351265991,29.32,,14.58,,52.918459563485,31.03,86.0003413889,,,2.58,305.16,305.16,11835026863.210001,3087045483.42,42.88,2026-02-25T09:50:12.612Z
mm1r3hy5lfvmb9y89,603444,吉比特,2021Q1,2021,2021-03-31,1117723072.88,365238068.35,354898920.41,51.0856454861,13.36,,5.08,,58.159886306812,9.16,83.1955019345,,,2.58,305.16,305.16,11835026863.210001,3087045483.42,42.88,2026-02-25T09:50:12.612Z
mm1r3hy5y1p5uzam7,603444,吉比特,2021Q2,2021,2021-06-30,2387252211.56,900828775.96,705152640.59,69.4090215678,63.77,,12.54,,54.718419609573,21.89,81.9006965562,,,2.58,305.16,305.16,11835026863.210001,3087045483.42,42.88,2026-02-25T09:50:12.612Z
mm1r3hy50apljdm73,603444,吉比特,2021Q3,2021,2021-09-30,3485256009.13,1205504196.59,1002427939.42,70.0464238236,51.7,,16.77,,59.02643992159,29.71,82.8383258021,,,2.58,305.16,305.16,11835026863.210001,3087045483.42,42.88,2026-02-25T09:50:12.612Z
mm1r3hy58ohlc19a4,603444,吉比特,2021Q4,2021,2021-12-31,4619046080.8,1468498092.21,1225770911.42,68.4374020832,40.34,36.24,20.43,40.12,63.732739292692,35.97,84.8796154088,,,2.58,305.16,305.16,11835026863.210001,3087045483.42,42.88,2026-02-25T09:50:12.612Z
mm1r3hy5kbxb7nxj3,603444,吉比特,2022Q1,2022,2022-03-31,1229231606.63,349652771.04,333109610.36,9.9764008148,-4.27,-6.14,4.87,-4.13,68.711330137213,7.35,90.6299982348,,,2.58,305.16,305.16,11835026863.210001,3087045483.42,42.88,2026-02-25T09:50:12.612Z
mm1r3hy5lphqkn61k,603444,吉比特,2022Q2,2022,2022-06-30,2510553952.19,688329156.45,667680463.3,5.1650068658,-23.59,-5.31,9.58,-23.6,58.018971960731,15.09,89.9343188108,,,2.58,305.16,305.16,11835026863.210001,3087045483.42,42.88,2026-02-25T09:50:12.612Z
mm1r3hy5wgmm01pc5,603444,吉比特,2022Q3,2022,2022-09-30,3830037371.13,1011727678.53,1002389948.6,9.8925691856,-16.07,,14.08,-16.04,62.930557760292,22.56,88.1685019346,,,2.58,305.16,305.16,11835026863.210001,3087045483.42,42.88,2026-02-25T09:50:12.612Z
mm1r3hy5589d1zgdl,603444,吉比特,2022Q4,2022,2022-12-31,5167615488.17,1460874459.68,1468317227,11.8762488569,-0.52,19.79,20.33,-0.49,55.362868131349,32.49,88.7348547607,,,2.58,305.16,305.16,11835026863.210001,3087045483.42,42.88,2026-02-25T09:50:12.612Z
mm1r3hy5i0jkg41sm,603444,吉比特,2023Q1,2023,2023-03-31,1144370036.56,306552774.63,280615068.87,-6.9036274053,-12.33,-15.76,4.27,-12.32,59.595445984196,7.42,88.2783926113,,,2.58,305.16,305.16,11835026863.210001,3087045483.42,42.88,2026-02-25T09:50:12.612Z
mm1r3hy5a1deszowo,603444,吉比特,2023Q2,2023,2023-06-30,2348924659.16,675971006.54,645696206.55,-6.4379932122,-1.8,-3.29,9.4,-1.88,62.957951616536,15.82,88.5201432597,,,2.58,305.16,305.16,11835026863.210001,3087045483.42,42.88,2026-02-25T09:50:12.612Z
mm1r3hy5hzwsew99n,603444,吉比特,2023Q3,2023,2023-09-30,3306772093.7,859309223.15,823812992.36,-13.662145476,-15.07,-17.82,11.94,-15.2,58.413388161849,19.83,88.2326184659,,,2.58,305.16,305.16,11835026863.210001,3087045483.42,42.88,2026-02-25T09:50:12.612Z
mm1r3hy539m4ragvq,603444,吉比特,2023Q4,2023,2023-12-31,4184851388.03,1125119212.35,1118962328.86,-19.017748174,-22.98,-23.79,15.63,-23.12,61.962434860067,26.04,88.5323172932,,,2.58,305.16,305.16,11835026863.210001,3087045483.42,42.88,2026-02-25T09:50:12.612Z
mm1r3hy5nef4cmj46,603444,吉比特,2024Q1,2024,2024-03-31,927265003.93,253363007.32,197973093.1,-18.9715761243,-17.35,-29.45,3.52,-17.56,65.328890885218,5.53,89.2440948696,,,2.58,305.16,305.16,11835026863.210001,3087045483.42,42.88,2026-02-25T09:50:12.612Z
mm1r3hy50kljg89ku,603444,吉比特,2024Q2,2024,2024-06-30,1959649131.75,517827593.16,462597868.33,-16.5724995007,-23.39,-28.36,7.18,-23.62,68.608821632945,11,88.2153751553,,,2.58,305.16,305.16,11835026863.210001,3087045483.42,42.88,2026-02-25T09:50:12.612Z
mm1r3hy5datii2qfy,603444,吉比特,2024Q3,2024,2024-09-30,2818281672.62,657501185.66,613406859.04,-14.772424807,-23.48,-25.54,9.11,-23.7,65.733041727805,13.91,88.4648669447,,,2.58,305.16,305.16,11835026863.210001,3087045483.42,42.88,2026-02-25T09:50:12.612Z
mm1r3hy5votox7vsw,603444,吉比特,2024Q4,2024,2024-12-31,3695682593.56,944919757.13,877172509.47,-11.6890362193,-16.02,-21.61,13.15,-15.87,68.045595449742,19.79,87.8647795736,,,2.58,305.16,305.16,11835026863.210001,3087045483.42,42.88,2026-02-25T09:50:12.612Z
mm1r3hy5m7adkhgys,603444,吉比特,2025Q1,2025,2025-03-31,1135663700.45,283308836.76,274610888.53,22.4745564253,11.82,38.71,3.93,11.65,71.947572078056,5.62,90.8888839523,,,2.58,305.16,305.16,11835026863.210001,3087045483.42,42.88,2026-02-25T09:50:12.612Z
mm1r3hy5exylyyxir,603444,吉比特,2025Q2,2025,2025-06-30,2517901776.64,644681109.59,647738714.52,28.4873774517,24.5,40.02,8.95,24.65,73.478674416983,12.54,92.3148590713,,,2.58,305.16,305.16,11835026863.210001,3087045483.42,42.88,2026-02-25T09:50:12.612Z
mm1r3hy54m79ws71e,603444,吉比特,2025Q3,2025,2025-09-30,4485778792.56,1214135779.94,1211336064.15,59.1671562193,84.66,97.48,16.85,84.96,74.692465847517,22.86,93.3140178335,18.85,6.16,2.58,305.16,305.16,11835026863.210001,3087045483.42,42.88,2026-02-25T09:50:12.612Z
mm1r3iq8d71hedlr8,002624,完美世界,2020Q4,2020,2020-12-31,10224767171.31,1548503372.09,1043465536.54,27.1892039683,3.04,,0.8,,5.585309667936,15.24,60.3215034768,,,2.32,387.3,411.08,16701281593.900002,183367469.55999994,0.09999999999999998,2026-02-25T09:50:13.742Z
mm1r3iq84gc68xaqm,002624,完美世界,2021Q1,2021,2021-03-31,2230955314.4,464244407.47,318200462.61,-13.3436400187,-24.43,,0.24,,5.685349672087,4.21,56.5627660588,,,2.32,387.3,411.08,16701281593.900002,183367469.55999994,0.09999999999999998,2026-02-25T09:50:13.742Z
mm1r3iq88soqeou1t,002624,完美世界,2021Q2,2021,2021-06-30,4206582889.92,257633579.12,38236623.98,-18.2176119549,-79.72,,0.13,,5.39095297799,2.4,54.8159129365,,,2.32,387.3,411.08,16701281593.900002,183367469.55999994,0.09999999999999998,2026-02-25T09:50:13.742Z
mm1r3iq846q5d9nu1,002624,完美世界,2021Q3,2021,2021-09-30,6739494487.57,799916206.12,561332026.76,-16.4047817808,-55.72,,0.41,,5.585338538859,7.37,59.4427228492,,,2.32,387.3,411.08,16701281593.900002,183367469.55999994,0.09999999999999998,2026-02-25T09:50:13.742Z
mm1r3iq8q6wqea93s,002624,完美世界,2021Q4,2021,2021-12-31,8517998133.61,369153977.68,101637439.71,-16.6924978252,-76.16,-90.26,0.19,-76.25,5.30423483361,3.51,61.460822506,,,2.32,387.3,411.08,16701281593.900002,183367469.55999994,0.09999999999999998,2026-02-25T09:50:13.742Z
mm1r3iq8hwn4v0ych,002624,完美世界,2022Q1,2022,2022-03-31,2128318062.69,840232425.32,414150331.91,-4.600596482,80.99,30.15,0.44,83.33,5.622135060562,7.92,68.6466580429,,,2.32,387.3,411.08,16701281593.900002,183367469.55999994,0.09999999999999998,2026-02-25T09:50:13.742Z
mm1r3iq86vjh8a14u,002624,完美世界,2022Q2,2022,2022-06-30,3923301537.63,1137476657.67,670548739.89,-6.7342391605,341.51,1653.68,0.6,361.54,4.633718091071,10.98,67.9578615222,,,2.32,387.3,411.08,16701281593.900002,183367469.55999994,0.09999999999999998,2026-02-25T09:50:13.742Z
mm1r3iq83a9tyamnx,002624,完美世界,2022Q3,2022,2022-09-30,5711440652.45,1441952433.65,921298796.16,-15.2541683507,80.26,64.13,0.76,85.37,4.804827414844,14.57,69.7106536468,,,2.32,387.3,411.08,16701281593.900002,183367469.55999994,0.09999999999999998,2026-02-25T09:50:13.742Z
mm1r3iq8jh42xqfi0,002624,完美世界,2022Q4,2022,2022-12-31,7670402228.08,1377187150.37,691341448.11,-9.9506467627,273.07,580.2,0.72,278.95,4.721252846755,14.54,68.4460092128,,,2.32,387.3,411.08,16701281593.900002,183367469.55999994,0.09999999999999998,2026-02-25T09:50:13.742Z
mm1r3iq81il0irucj,002624,完美世界,2023Q1,2023,2023-03-31,1903728618.64,241302884.95,204362183.71,-10.552438002,-71.28,-50.66,0.13,-70.45,4.829109314922,2.6,65.164750785,,,2.32,387.3,411.08,16701281593.900002,183367469.55999994,0.09999999999999998,2026-02-25T09:50:13.742Z
mm1r3iq8cijcbyg0v,002624,完美世界,2023Q2,2023,2023-06-30,4459955324.56,379927074.67,285699169.38,13.6786270895,-66.6,-57.39,0.2,-66.67,4.587448671932,4.11,58.5286714148,,,2.32,387.3,411.08,16701281593.900002,183367469.55999994,0.09999999999999998,2026-02-25T09:50:13.742Z
mm1r3iq8643e7nv7s,002624,完美世界,2023Q3,2023,2023-09-30,6195583795.08,614710207.93,457541618.58,8.4767254374,-57.37,-50.34,0.32,-57.89,4.68346249598,6.71,59.9526244902,,,2.32,387.3,411.08,16701281593.900002,183367469.55999994,0.09999999999999998,2026-02-25T09:50:13.742Z
mm1r3iq8qk6rg5uox,002624,完美世界,2023Q4,2023,2023-12-31,7790717277.28,491480319.37,210430596.85,1.5685624511,-64.31,-69.56,0.26,-63.89,4.616571843373,5.45,59.7046682087,,,2.32,387.3,411.08,16701281593.900002,183367469.55999994,0.09999999999999998,2026-02-25T09:50:13.742Z
mm1r3iq8qfwto4ztr,002624,完美世界,2024Q1,2024,2024-03-31,1329062879.22,-29764070.63,-158409185.21,-30.1863266536,-112.33,,-0.02,-115.38,4.571676944935,-0.33,66.9367492215,,,2.32,387.3,411.08,16701281593.900002,183367469.55999994,0.09999999999999998,2026-02-25T09:50:13.742Z
mm1r3iq8kt6c7g3co,002624,完美世界,2024Q2,2024,2024-06-30,2759914394.43,-176860206.36,-235404481.79,-38.1178914678,-146.55,,-0.09,-145,4.056368425993,-2.04,64.8728213793,,,2.32,387.3,411.08,16701281593.900002,183367469.55999994,0.09999999999999998,2026-02-25T09:50:13.742Z
mm1r3iq8ird7qii8b,002624,完美世界,2024Q3,2024,2024-09-30,4072771652.39,-388808594.76,-448315863.97,-34.2633109793,-163.25,,-0.21,-165.62,3.934822245254,-4.67,60.6496969188,,,2.32,387.3,411.08,16701281593.900002,183367469.55999994,0.09999999999999998,2026-02-25T09:50:13.742Z
mm1r3iq8lss61s22r,002624,完美世界,2024Q4,2024,2024-12-31,5570490164.67,-1287558264.15,-1312699032.22,-28.4983658576,-361.98,,-0.68,-361.54,3.480679562686,-16.52,57.8680181557,,,2.32,387.3,411.08,16701281593.900002,183367469.55999994,0.09999999999999998,2026-02-25T09:50:13.742Z
mm1r3iq8pha75i51w,002624,完美世界,2025Q1,2025,2025-03-31,2023057481.26,302192411.28,163264255.47,52.2168373589,1115.29,,0.16,900,3.649857685136,4.37,52.2938103331,,,2.32,387.3,411.08,16701281593.900002,183367469.55999994,0.09999999999999998,2026-02-25T09:50:13.742Z
mm1r3iq8nbtu3zmi2,002624,完美世界,2025Q2,2025,2025-06-30,3690992631.88,503205318.94,318082847.73,33.7357651139,384.52,,0.27,400,3.563811201066,7.22,56.6791180809,,,2.32,387.3,411.08,16701281593.900002,183367469.55999994,0.09999999999999998,2026-02-25T09:50:13.742Z
mm1r3iq8evsjvmldt,002624,完美世界,2025Q3,2025,2025-09-30,5416741316.09,665528003.49,483170849.62,32.9988955534,271.17,,0.35,266.67,3.651017529582,9.61,59.2767304686,46.33,5.8,2.32,387.3,411.08,16701281593.900002,183367469.55999994,0.09999999999999998,2026-02-25T09:50:13.742Z
mm1r3jm6h7cu9usrg,300251,光线传媒,2020Q4,2020,2020-12-31,1159072835.12,291054770.39,234936190.12,-59.0353837639,-69.28,,0.1,,3.070662868663,3.24,53.0319761231,,,5.01,572.28,604.91,11418228295.300001,6872792497.82,2.35,2026-02-25T09:50:14.852Z
mm1r3jm67bgabrh67,300251,光线传媒,2021Q1,2021,2021-03-31,239825397.43,198447048.48,193352653.32,5.976494843,573.14,,0.07,,3.149620526858,2.17,30.0342256166,,,5.01,572.28,604.91,11418228295.300001,6872792497.82,2.35,2026-02-25T09:50:14.852Z
mm1r3jm6sk1x1ealy,300251,光线传媒,2021Q2,2021,2021-06-30,755204682.15,484562261.43,457240115.63,191.3715603667,2255.45,,0.17,,3.233936569889,5.23,50.4267367021,,,5.01,572.28,604.91,11418228295.300001,6872792497.82,2.35,2026-02-25T09:50:14.852Z
mm1r3jm6lrt16wgb2,300251,光线传媒,2021Q3,2021,2021-09-30,978045039.01,552876027.47,465185227.98,103.4147681629,767.66,,0.19,,3.253763727493,5.96,37.8856707044,,,5.01,572.28,604.91,11418228295.300001,6872792497.82,2.35,2026-02-25T09:50:14.852Z
mm1r3jm6iv7060077,300251,光线传媒,2021Q4,2021,2021-12-31,1167681832.2,-311682598.95,-444970074.42,0.7427485848,-207.09,,-0.11,-210,3.256903553453,-3.23,38.2739341588,,,5.01,572.28,604.91,11418228295.300001,6872792497.82,2.35,2026-02-25T09:50:14.852Z
mm1r3jm6t4mgrop17,300251,光线传媒,2022Q1,2022,2022-03-31,441136558.24,74669429.74,42974217.41,83.9407181088,-62.41,-77.77,0.03,-57.14,3.262324271282,0.78,25.3838035566,,,5.01,572.28,604.91,11418228295.300001,6872792497.82,2.35,2026-02-25T09:50:14.852Z
mm1r3jm6qithvmevh,300251,光线传媒,2022Q2,2022,2022-06-30,583183826.32,200535091.76,145625331.39,-22.7780441377,-58.67,-68.15,0.07,-58.82,3.099247336088,2.1,31.0802282127,,,5.01,572.28,604.91,11418228295.300001,6872792497.82,2.35,2026-02-25T09:50:14.852Z
mm1r3jm6z9jq1hwmj,300251,光线传媒,2022Q3,2022,2022-09-30,685414076.23,101817898.95,41135976.9,-29.9199884574,-81.64,-91.16,0.03,-84.21,3.049384439494,1.09,18.2866988915,,,5.01,572.28,604.91,11418228295.300001,6872792497.82,2.35,2026-02-25T09:50:14.852Z
mm1r3jm6iwxjors5n,300251,光线传媒,2022Q4,2022,2022-12-31,754909328.32,-712707109.24,-787285136.81,-35.3497410422,-128.72,,-0.24,-118.18,2.81511055182,-8.09,19.104717013,,,5.01,572.28,604.91,11418228295.300001,6872792497.82,2.35,2026-02-25T09:50:14.852Z
mm1r3jm6r1igraw4j,300251,光线传媒,2023Q1,2023,2023-03-31,412780189.29,121998241.53,118218992.32,-6.4280251592,63.38,175.09,0.04,33.33,2.863309703849,1.47,25.2840861403,,,5.01,572.28,604.91,11418228295.300001,6872792497.82,2.35,2026-02-25T09:50:14.852Z
mm1r3jm6ooamtun68,300251,光线传媒,2023Q2,2023,2023-06-30,605251717.27,202784420.93,189101881.98,3.7840368601,1.12,29.86,0.07,,2.848178623994,2.43,35.1811166684,,,5.01,572.28,604.91,11418228295.300001,6872792497.82,2.35,2026-02-25T09:50:14.852Z
mm1r3jm681e7hesm0,300251,光线传媒,2023Q3,2023,2023-09-30,940076900.42,368468961.15,348718384.86,37.1545950137,261.89,747.72,0.13,333.33,2.897947366716,4.39,35.9473346754,,,5.01,572.28,604.91,11418228295.300001,6872792497.82,2.35,2026-02-25T09:50:14.852Z
mm1r3jm6vj6vmt16t,300251,光线传媒,2023Q4,2023,2023-12-31,1545630987.79,417812097.9,388082621.87,104.7439248406,158.62,,0.14,158.33,2.958306545354,4.98,39.8917134912,,,5.01,572.28,604.91,11418228295.300001,6872792497.82,2.35,2026-02-25T09:50:14.852Z
mm1r3jm6ypoij4txk,300251,光线传媒,2024Q1,2024,2024-03-31,1070472201.14,424566741.81,416136962.83,159.332261798,248.01,252.01,0.15,275,3.093352780358,4.78,48.2353962747,,,5.01,572.28,604.91,11418228295.300001,6872792497.82,2.35,2026-02-25T09:50:14.852Z
mm1r3jm6izqcqsy7s,300251,光线传媒,2024Q2,2024,2024-06-30,1334131925.39,472768803.13,461212874.72,120.4259628387,133.14,143.9,0.16,128.57,3.035524451506,5.34,44.4074938276,,,5.01,572.28,604.91,11418228295.300001,6872792497.82,2.35,2026-02-25T09:50:14.852Z
mm1r3jm60vv32hohp,300251,光线传媒,2024Q3,2024,2024-09-30,1441787169.08,460878000.71,433399562.6,53.3690667685,25.08,24.28,0.16,23.08,3.034303610203,5.24,42.9638084826,,,5.01,572.28,604.91,11418228295.300001,6872792497.82,2.35,2026-02-25T09:50:14.852Z
mm1r3jm6ahj8m1759,300251,光线传媒,2024Q4,2024,2024-12-31,1585551106.76,292015861.99,244148453.26,2.5827716502,-30.11,-37.09,0.1,-28.57,2.988355175235,3.36,37.7133066219,,,5.01,572.28,604.91,11418228295.300001,6872792497.82,2.35,2026-02-25T09:50:14.852Z
mm1r3jm65lfxjd63d,300251,光线传媒,2025Q1,2025,2025-03-31,2974532741.51,2015782039.23,2000400537.33,177.8710870158,374.79,380.71,0.69,360,3.673689438052,20.63,78.3190759214,,,5.01,572.28,604.91,11418228295.300001,6872792497.82,2.35,2026-02-25T09:50:14.852Z
mm1r3jm6ya246kqse,300251,光线传媒,2025Q2,2025,2025-06-30,3242000198.97,2229362584.29,2198626408.13,143.0044688438,371.55,376.71,0.76,375,3.535406221814,22.84,78.2731936869,,,5.01,572.28,604.91,11418228295.300001,6872792497.82,2.35,2026-02-25T09:50:14.852Z
mm1r3jm6w4r0w5kso,300251,光线传媒,2025Q3,2025,2025-09-30,3616144248.06,2335632012.31,2289260546.09,150.8098508303,406.78,428.21,0.8,400,3.663796973007,23.95,73.2427660136,19.42,5.63,5.01,572.28,604.91,11418228295.300001,6872792497.82,2.35,2026-02-25T09:50:14.852Z
mm1r3kelz9noa3168,601595,上海电影,2020Q4,2020,2020-12-31,309299178.18,-431217067.77,-411436918.66,-72.0475180866,-414.44,,-0.96,,4.50545250589,-19.17,-2.8132619689,,,6.62,133.92,133.92,2022486767,348501726.24,0.78,2026-02-25T09:50:16.028Z
mm1r3kelez6ktv1eq,601595,上海电影,2021Q1,2021,2021-03-31,222820177.61,25024396.3,23744403.16,386.8239486272,135.3,,0.06,,4.308522478447,1.32,23.0550388214,,,6.62,133.92,133.92,2022486767,348501726.24,0.78,2026-02-25T09:50:16.028Z
mm1r3kelh07tvl6fo,601595,上海电影,2021Q2,2021,2021-06-30,390736943.71,38317576.14,32214515.24,583.8114413321,116.0018748839,,0.09,,4.338181514235,2.01,20.0348059942,,,6.62,133.92,133.92,2022486767,348501726.24,0.78,2026-02-25T09:50:16.028Z
mm1r3kelo96wimx71,601595,上海电影,2021Q3,2021,2021-09-30,522977218.2,22225309.38,8043601.81,291.747756667,50.62,,0.05,,4.302277304596,1.17,13.1006404535,,,6.62,133.92,133.92,2022486767,348501726.24,0.78,2026-02-25T09:50:16.028Z
mm1r3kelf3s9ez6mo,601595,上海电影,2021Q4,2021,2021-12-31,731083518.96,21871531.94,-24422679.51,136.3677534683,105.07,,0.05,105.21,4.308020773048,1.15,10.1271393541,,,6.62,133.92,133.92,2022486767,348501726.24,0.78,2026-02-25T09:50:16.028Z
mm1r3kel9y67nhk3i,601595,上海电影,2022Q1,2022,2022-03-31,157262379.34,-1287338.04,-5610866.29,-29.4218409541,-105.14,,-0.003,-105,4.305148532887,-0.07,9.6724560914,,,6.62,133.92,133.92,2022486767,348501726.24,0.78,2026-02-25T09:50:16.028Z
mm1r3kelf7djrlww1,601595,上海电影,2022Q2,2022,2022-06-30,223443369.73,-162522358.97,-177033417.76,-42.8148852247,-538.92,,-0.36,-500,3.92878614942,-8.72,-1.7109630841,,,6.62,133.92,133.92,2022486767,348501726.24,0.78,2026-02-25T09:50:16.028Z
mm1r3kelb3kgxt20q,601595,上海电影,2022Q3,2022,2022-09-30,334371275.05,-154993619.85,-172776446.29,-36.0638927637,-826.63,,-0.35,-800,3.943710099643,-8.73,1.3365563682,,,6.62,133.92,133.92,2022486767,348501726.24,0.78,2026-02-25T09:50:16.028Z
mm1r3kel0rxfnkz1s,601595,上海电影,2022Q4,2022,2022-12-31,429682583.39,-328204794.14,-370907523.39,-41.2266078708,-1630.74,,-0.73,-1560,3.567105042726,-18.55,1.6920787998,,,6.62,133.92,133.92,2022486767,348501726.24,0.78,2026-02-25T09:50:16.028Z
mm1r3kelthlnhs7ao,601595,上海电影,2023Q1,2023,2023-03-31,177544049.08,35975700.4,23611387.82,12.8967079254,2894.58,,0.08,2766.67,3.593419560353,2.26,23.6606997687,,,6.62,133.92,133.92,2022486767,348501726.24,0.78,2026-02-25T09:50:16.028Z
mm1r3kel2kntlnccx,601595,上海电影,2023Q2,2023,2023-06-30,371957699.3,65840290.66,23302350.52,66.4662056204,140.51,,0.15,141.67,3.53294641303,4.12,24.5952430081,,,6.62,133.92,133.92,2022486767,348501726.24,0.78,2026-02-25T09:50:16.028Z
mm1r3kel456lu8682,601595,上海电影,2023Q3,2023,2023-09-30,629417301.37,124521085.09,66152564.23,88.2390469324,180.34,,0.28,180,3.673754183222,7.65,25.517213661,,,6.62,133.92,133.92,2022486767,348501726.24,0.78,2026-02-25T09:50:16.028Z
mm1r3kelvmtmmxx3d,601595,上海电影,2023Q4,2023,2023-12-31,795226523.72,126976708.22,62712297.99,85.0730177253,138.6882551648,,0.28,138.36,3.677441256225,7.88,22.8295889995,,,6.62,133.92,133.92,2022486767,348501726.24,0.78,2026-02-25T09:50:16.028Z
mm1r3kelumyiurx82,601595,上海电影,2024Q1,2024,2024-03-31,209959238.79,46112631.18,28530687.47,18.2575478468,28.18,20.83,0.1,25,3.770443003235,2.76,30.8397941539,,,6.62,133.92,133.92,2022486767,348501726.24,0.78,2026-02-25T09:50:16.028Z
mm1r3kel55x7e2vvg,601595,上海电影,2024Q2,2024,2024-06-30,380863794.07,69081820.89,43075897.33,2.3943837664,4.92,84.86,0.15,,3.717572940495,4.11,26.7029898519,,,6.62,133.92,133.92,2022486767,348501726.24,0.78,2026-02-25T09:50:16.028Z
mm1r3kel3xcpst0d0,601595,上海电影,2024Q3,2024,2024-09-30,559754150.79,107409655.68,43816842.06,-11.0678798356,-13.74,-33.76,0.24,-14.29,3.803087966801,6.37,24.2728400135,,,6.62,133.92,133.92,2022486767,348501726.24,0.78,2026-02-25T09:50:16.028Z
mm1r3kelu3quq2uto,601595,上海电影,2024Q4,2024,2024-12-31,690373321.95,90047145.86,17360713.93,-13.1853250165,-29.08,-72.32,0.2,-28.57,3.656634464302,5.47,23.3907479614,,,6.62,133.92,133.92,2022486767,348501726.24,0.78,2026-02-25T09:50:16.028Z
mm1r3kel62ldwlib7,601595,上海电影,2025Q1,2025,2025-03-31,247533452.95,65271930.79,50596172.11,17.8959565564,41.55,77.34,0.15,50,3.802265724431,3.9,32.9464796164,,,6.62,133.92,133.92,2022486767,348501726.24,0.78,2026-02-25T09:50:16.028Z
mm1r3kelruqlz87x4,601595,上海电影,2025Q2,2025,2025-06-30,361969524.89,53758415.27,34406276.85,-4.9608992701,-22.18,-20.13,0.12,-20,3.776577381013,3.23,25.2227839672,,,6.62,133.92,133.92,2022486767,348501726.24,0.78,2026-02-25T09:50:16.028Z
mm1r3keli6tc8vay0,601595,上海电影,2025Q3,2025,2025-09-30,722610467.21,139424234.32,114275449.74,29.0942579327,29.81,160.8,0.31,29.17,3.862661706069,8.16,36.6686035926,72.04,7.83,6.62,133.92,133.92,2022486767,348501726.24,0.78,2026-02-25T09:50:16.028Z
mm1r3l6xtm60ypn1g,688052,纳芯微,2020Q4,2020,2020-12-31,241987087.95,50816041.58,40492800,162.734690285,657.8971344647,,0.68,,4.183620617562,28.19,54.3222204513,,,3.71,243.94,278.33,6566557708.33,-672712287.4,-4.76,2026-02-25T09:50:17.140Z
mm1r3l6xuucqxxxtw,688052,纳芯微,2021Q1,2021,2021-03-31,137778759.6,33960734.26,,0,0,,0.45,,0,0,52.3245251222,,,3.71,243.94,278.33,6566557708.33,-672712287.4,-4.76,2026-02-25T09:50:17.140Z
mm1r3l6xrlh6jz329,688052,纳芯微,2021Q2,2021,2021-06-30,340619050.65,90079898.36,87550714.33,0,0,,1.19,,5.429926328663,24.72,54.2009927712,,,3.71,243.94,278.33,6566557708.33,-672712287.4,-4.76,2026-02-25T09:50:17.140Z
mm1r3l6xm8f23fgfi,688052,纳芯微,2021Q3,2021,2021-09-30,579137392.21,154253534.11,,0,0,,2.04,,0,0,54.0980044501,,,3.71,243.94,278.33,6566557708.33,-672712287.4,-4.76,2026-02-25T09:50:17.140Z
mm1r3l6x5jn9xda3g,688052,纳芯微,2021Q4,2021,2021-12-31,862093206.95,223738630.57,219409900,256.2558706141,340.29,441.85,2.95,333.82,7.252605246972,51.62,53.5009501991,,,3.71,243.94,278.33,6566557708.33,-672712287.4,-4.76,2026-02-25T09:50:17.140Z
mm1r3l6xieue57ou6,688052,纳芯微,2022Q1,2022,2022-03-31,339165310.8,84295656.5,83847307.36,146.1666165269,148.22,,1.11,146.67,8.390156915486,14.22,51.173852842,,,3.71,243.94,278.33,6566557708.33,-672712287.4,-4.76,2026-02-25T09:50:17.140Z
mm1r3l6xc5w5o6fzb,688052,纳芯微,2022Q2,2022,2022-06-30,793518574.33,195026542.09,163123080.37,132.9636503935,116.5,86.32,2.32,94.96,61.917320097958,7.8,50.7484251267,,,3.71,243.94,278.33,6566557708.33,-672712287.4,-4.76,2026-02-25T09:50:17.140Z
mm1r3l6xn2djh05il,688052,纳芯微,2022Q3,2022,2022-09-30,1276139303.53,242016721.03,188364483.43,120.3517370309,56.9,,2.69,31.86,63.255820008608,6.44,51.1674601968,,,3.71,243.94,278.33,6566557708.33,-672712287.4,-4.76,2026-02-25T09:50:17.140Z
mm1r3l6xs4jd3mz31,688052,纳芯微,2022Q4,2022,2022-12-31,1670392715.52,250574399.79,169390400,93.7601064541,12,-22.8,2.7,-8.47,64.290880476926,5.7,50.0091972288,,,3.71,243.94,278.33,6566557708.33,-672712287.4,-4.76,2026-02-25T09:50:17.140Z
mm1r3l6xqjlsljum4,688052,纳芯微,2023Q1,2023,2023-03-31,471008735.92,1566512.47,-22506340.97,38.8729097351,-98.14,,0.02,-98.2,65.280878441582,0.02,45.3059694685,,,3.71,243.94,278.33,6566557708.33,-672712287.4,-4.76,2026-02-25T09:50:17.140Z
mm1r3l6x5rny0u6u2,688052,纳芯微,2023Q2,2023,2023-06-30,723676719.81,-131604299.7,-178351436.97,-8.8015399739,-167.48,,-0.93,-140.09,45.932471795596,-2,42.8342140951,,,3.71,243.94,278.33,6566557708.33,-672712287.4,-4.76,2026-02-25T09:50:17.140Z
mm1r3l6x0qwxusldm,688052,纳芯微,2023Q3,2023,2023-09-30,1000816285.83,-250862305.57,-314080904.46,-21.5746836524,-203.65,,-1.77,-165.8,44.142532642207,-3.81,41.0663735012,,,3.71,243.94,278.33,6566557708.33,-672712287.4,-4.76,2026-02-25T09:50:17.140Z
mm1r3l6xxvlhe3sxa,688052,纳芯微,2023Q4,2023,2023-12-31,1310927194.19,-305334775.4,-393120700,-21.5198209373,-221.85,,-2.15,-179.63,43.545713629434,-4.79,38.588211193,,,3.71,243.94,278.33,6566557708.33,-672712287.4,-4.76,2026-02-25T09:50:17.140Z
mm1r3l6x0q6fl1xsi,688052,纳芯微,2024Q1,2024,2024-03-31,362481635.24,-150029219.93,-159117522,-23.0414199151,-9677.28,,-1.05,-5350,42.978577967036,-2.43,31.9949641264,,,3.71,243.94,278.33,6566557708.33,-672712287.4,-4.76,2026-02-25T09:50:17.140Z
mm1r3l6xkh2kvkkol,688052,纳芯微,2024Q2,2024,2024-06-30,848870950.29,-265250845.17,-286357952.51,17.2997454599,-101.5518077864,,-1.86,-100,42.69024971663,-4.31,33.9037145012,,,3.71,243.94,278.33,6566557708.33,-672712287.4,-4.76,2026-02-25T09:50:17.140Z
mm1r3l6xdbr2mifol,688052,纳芯微,2024Q3,2024,2024-09-30,1365982392.11,-407703477.74,-441348974.52,36.4868269482,-62.5208206604,,-2.86,-61.58,42.699724489078,-6.48,33.2059668426,,,3.71,243.94,278.33,6566557708.33,-672712287.4,-4.76,2026-02-25T09:50:17.140Z
mm1r3l6x0t6l0kers,688052,纳芯微,2024Q4,2024,2024-12-31,1960274182.36,-402878224.52,-456778082.24,49.5334135296,-31.9463935912,,-2.86,-33.02,41.692342432124,-6.65,32.6985765475,,,3.71,243.94,278.33,6566557708.33,-672712287.4,-4.76,2026-02-25T09:50:17.140Z
mm1r3l6x70ulhbyno,688052,纳芯微,2025Q1,2025,2025-03-31,717066683.6,-51338300.13,-64361301.92,97.8215208407,65.7811323994,,-0.36,65.71,41.502583470626,-0.87,34.3684253329,,,3.71,243.94,278.33,6566557708.33,-672712287.4,-4.76,2026-02-25T09:50:17.140Z
mm1r3l6xfl4ghc7y2,688052,纳芯微,2025Q2,2025,2025-06-30,1523664779.12,-78009986.82,-105640276.4,79.4930994634,70.5901081031,,-0.55,70.43,41.486781390138,-1.32,35.2138667706,,,3.71,243.94,278.33,6566557708.33,-672712287.4,-4.76,2026-02-25T09:50:17.140Z
mm1r3l6xei6d4h81s,688052,纳芯微,2025Q3,2025,2025-09-30,2365552063.25,-140485775.93,-177184577.84,73.1758825673,65.5421688555,,-0.99,65.38,41.22085103258,-2.38,34.6633577125,-148.59,4.74,3.71,243.94,278.33,6566557708.33,-672712287.4,-4.76,2026-02-25T09:50:17.140Z
mm1r3m0wqcnkexqzp,688484,南芯科技,2019Q4,2019,2019-12-31,107485130.42,-9853434.16,-11609645.96,0,0,,0,,29.626603643942,-12.14,37.7972816996,,,1.79,127.1,184.15,7103003774.299999,684222012.85,1.6099999999999999,2026-02-25T09:50:18.339Z
mm1r3m0wp5mj2cse1,688484,南芯科技,2020Q4,2020,2020-12-31,178304113.41,-7975031.58,-14072375.83,65.8872373446,19.0634305715,,0,,77.878333268965,-4.5,36.3749216154,,,1.79,127.1,184.15,7103003774.299999,684222012.85,1.6099999999999999,2026-02-25T09:50:18.339Z
mm1r3m0wyzamqi49a,688484,南芯科技,2021Q3,2021,2021-09-30,537988500,107631500,102373000,0,0,,0,,0,0,0,,,1.79,127.1,184.15,7103003774.299999,684222012.85,1.6099999999999999,2026-02-25T09:50:18.339Z
mm1r3m0wqhwfjb369,688484,南芯科技,2021Q4,2021,2021-12-31,984172727.72,244030087.19,236696203.66,451.9629967577,3159.9262804424,,0.71,,2.538347148611,38.72,43.0667603716,,,1.79,127.1,184.15,7103003774.299999,684222012.85,1.6099999999999999,2026-02-25T09:50:18.339Z
mm1r3m0wyev6f8vpt,688484,南芯科技,2022Q1,2022,2022-03-31,420582976.17,128067638.73,,0,0,,0.36,,0,0,44.4678287774,,,1.79,127.1,184.15,7103003774.299999,684222012.85,1.6099999999999999,2026-02-25T09:50:18.339Z
mm1r3m0wgml5tl9m2,688484,南芯科技,2022Q2,2022,2022-06-30,775541268.44,202633262.49,200201123.74,0,0,,0.56,,2.842712705194,21.28,43.8404024784,,,1.79,127.1,184.15,7103003774.299999,684222012.85,1.6099999999999999,2026-02-25T09:50:18.339Z
mm1r3m0wk2z97iux0,688484,南芯科技,2022Q3,2022,2022-09-30,1045177863.09,245911676.83,243426961.8,94.2751309907,128.4755641518,137.78,0.68,,0,25.5,43.3868675117,,,1.79,127.1,184.15,7103003774.299999,684222012.85,1.6099999999999999,2026-02-25T09:50:18.339Z
mm1r3m0wo6v88kk4e,688484,南芯科技,2022Q4,2022,2022-12-31,1300780807,246210346.95,235714735.16,32.17,0.89,-0.41,0.68,-4.23,2.984041565917,25.63,43.0422895546,,,1.79,127.1,184.15,7103003774.299999,684222012.85,1.6099999999999999,2026-02-25T09:50:18.339Z
mm1r3m0wce4rmc15o,688484,南芯科技,2023Q1,2023,2023-03-31,285668200.45,30958612.32,30619938.29,-32.078040093,-75.83,,0.07,-80.56,8.216751441102,2.84,41.2284303414,,,1.79,127.1,184.15,7103003774.299999,684222012.85,1.6099999999999999,2026-02-25T09:50:18.339Z
mm1r3m0wcnannkxjf,688484,南芯科技,2023Q2,2023,2023-06-30,660459657.09,100632272.37,96612395.64,-14.8388765412,-50.34,-51.74,0.26,-53.57,8.197276188676,4.35,41.4100366561,,,1.79,127.1,184.15,7103003774.299999,684222012.85,1.6099999999999999,2026-02-25T09:50:18.339Z
mm1r3m0wg3bzin10h,688484,南芯科技,2023Q3,2023,2023-09-30,1205856104.46,180206537.86,175813810.96,15.3732916707,-26.72,-27.78,0.45,-33.82,8.455380734423,6.6,42.1954296834,,,1.79,127.1,184.15,7103003774.299999,684222012.85,1.6099999999999999,2026-02-25T09:50:18.339Z
mm1r3m0w6micfu1to,688484,南芯科技,2023Q4,2023,2023-12-31,1780402270.59,261357464.9,251140676.92,36.8718127611,6.15,6.54,0.64,-5.88,8.733824876089,8.77,42.3019247235,,,1.79,127.1,184.15,7103003774.299999,684222012.85,1.6099999999999999,2026-02-25T09:50:18.339Z
mm1r3m0wz94gg16s7,688484,南芯科技,2024Q1,2024,2024-03-31,601849810.78,100550733.49,100031032,110.6814163536,224.79,226.69,0.24,242.86,9.036886569216,2.67,42.5685509393,,,1.79,127.1,184.15,7103003774.299999,684222012.85,1.6099999999999999,2026-02-25T09:50:18.339Z
mm1r3m0wops3igx27,688484,南芯科技,2024Q2,2024,2024-06-30,1250095791.84,205153757.07,205961326.49,89.2766315732,103.86,113.18,0.48,84.62,9.070054210493,5.45,41.2911188734,,,1.79,127.1,184.15,7103003774.299999,684222012.85,1.6099999999999999,2026-02-25T09:50:18.339Z
mm1r3m0wl3gt34s06,688484,南芯科技,2024Q3,2024,2024-09-30,1899099249.84,271783940.4,268813835.6,57.4897073387,50.82,52.9,0.64,42.22,9.106592351429,7.16,40.8573966124,,,1.79,127.1,184.15,7103003774.299999,684222012.85,1.6099999999999999,2026-02-25T09:50:18.339Z
mm1r3m0wummmx2u2j,688484,南芯科技,2024Q4,2024,2024-12-31,2567209885.53,306901180.43,300225466.82,44.1926876828,17.43,19.54,0.72,12.5,9.232078487052,8.01,40.123607378,,,1.79,127.1,184.15,7103003774.299999,684222012.85,1.6099999999999999,2026-02-25T09:50:18.339Z
mm1r3m0wkx29jlrsz,688484,南芯科技,2025Q1,2025,2025-03-31,685240476.74,63492563.31,56262276.18,13.8557268718,-36.86,-43.76,0.15,-37.5,9.414670223689,1.6,38.1634709502,,,1.79,127.1,184.15,7103003774.299999,684222012.85,1.6099999999999999,2026-02-25T09:50:18.339Z
mm1r3m0w9ul4x2mhr,688484,南芯科技,2025Q2,2025,2025-06-30,1470146606.81,122660470.1,97418401.77,17.6027162403,-40.21,-52.7,0.29,-39.58,9.394008574327,3.1,36.9676066266,,,1.79,127.1,184.15,7103003774.299999,684222012.85,1.6099999999999999,2026-02-25T09:50:18.339Z
mm1r3m0wzbrztqvrk,688484,南芯科技,2025Q3,2025,2025-09-30,2380406805.22,191167799.01,161465801.16,25.343991654,-29.66,-39.93,0.45,-29.69,9.593673099877,4.77,36.9760466728,72.25,4.47,1.79,127.1,184.15,7103003774.299999,684222012.85,1.6099999999999999,2026-02-25T09:50:18.339Z
mm1r3mt3bsc0g3mp4,688213,思特威,2020Q4,2020,2020-12-31,1527181504.99,120989387.16,119300127.57,124.8649511198,150.0395943305,,1.06,,6.170079650222,11.12,20.8806004747,,,1.72,307.11,381.91,17821317922.510002,1680513980.4,4.2,2026-02-25T09:50:19.553Z
mm1r3mt35t8lcni68,688213,思特威,2021Q1,2021,2021-03-31,540545217.76,68629034.98,67926397.82,0,0,,0.19,,6.378651609444,3.04,26.5700280645,,,1.72,307.11,381.91,17821317922.510002,1680513980.4,4.2,2026-02-25T09:50:19.553Z
mm1r3mt3mlrvacal2,688213,思特威,2021Q2,2021,2021-06-30,1247169255.47,179716909.4,179585906.52,0,0,,0.5,,0,7.75,28.7216754662,,,1.72,307.11,381.91,17821317922.510002,1680513980.4,4.2,2026-02-25T09:50:19.553Z
mm1r3mt308b1ncv45,688213,思特威,2021Q3,2021,2021-09-30,2042657334.71,320456470.4,320497610.44,140.3414403103,453.847073199,,0.89,,7.09084467825,13.43,29.757250416,,,1.72,307.11,381.91,17821317922.510002,1680513980.4,4.2,2026-02-25T09:50:19.553Z
mm1r3mt3tc2r6opeh,688213,思特威,2021Q4,2021,2021-12-31,2689327871.83,398333247.81,392160445.97,76.0974620923,229.23,228.72,1.1065,4.39,7.300991116944,16.43,29.1228275386,,,1.72,307.11,381.91,17821317922.510002,1680513980.4,4.2,2026-02-25T09:50:19.553Z
mm1r3mt3igs46z0n1,688213,思特威,2022Q1,2022,2022-03-31,437882552.13,14111059.31,8180159.31,-18.9924288028,-79.44,-87.96,0.04,-78.95,7.346304375,0.54,26.1301766086,,,1.72,307.11,381.91,17821317922.510002,1680513980.4,4.2,2026-02-25T09:50:19.553Z
mm1r3mt32959v7s2c,688213,思特威,2022Q2,2022,2022-06-30,1009621408.33,4975742.2,299797.4,-19.0469614367,-97.23,-99.83,0.01,-98,9.586833841229,0.18,28.4026496243,,,1.72,307.11,381.91,17821317922.510002,1680513980.4,4.2,2026-02-25T09:50:19.553Z
mm1r3mt3719qqlm8a,688213,思特威,2022Q3,2022,2022-09-30,1654477550.32,-41658963.55,-77253885.61,-19.0036663416,-113,,-0.11,-112.36,9.466802385165,-1.32,26.0745521894,,,1.72,307.11,381.91,17821317922.510002,1680513980.4,4.2,2026-02-25T09:50:19.553Z
mm1r3mt39bdkwlp4w,688213,思特威,2022Q4,2022,2022-12-31,2482987309.22,-82748036.47,-115976526.67,-7.6725699671,-120.77,,-0.2159,-119.51,9.328405131222,-2.52,22.1448424005,,,1.72,307.11,381.91,17821317922.510002,1680513980.4,4.2,2026-02-25T09:50:19.553Z
mm1r3mt36yttw7gs1,688213,思特威,2023Q1,2023,2023-03-31,454337875.07,-25680896.45,-24800523.46,3.7579307191,-281.99,,-0.06,-250,9.260186765006,-0.69,19.7908493555,,,1.72,307.11,381.91,17821317922.510002,1680513980.4,4.2,2026-02-25T09:50:19.553Z
mm1r3mt3kwq3251mc,688213,思特威,2023Q2,2023,2023-06-30,1072712121.25,-66338864.49,-63996620.26,6.2489476154,-1433.25,,-0.17,-1800,9.2199150075,-1.79,17.0392358862,,,1.72,307.11,381.91,17821317922.510002,1680513980.4,4.2,2026-02-25T09:50:19.553Z
mm1r3mt3i3igyq1vc,688213,思特威,2023Q3,2023,2023-09-30,1772865288.6,-65474561.02,-59924215.23,7.155596536,-57.1680028511,,-0.16,-45.45,9.216141306492,-1.77,18.3049797273,,,1.72,307.11,381.91,17821317922.510002,1680513980.4,4.2,2026-02-25T09:50:19.553Z
mm1r3mt33a093hgev,688213,思特威,2023Q4,2023,2023-12-31,2857343251.07,14215461.22,607391.17,15.0768366983,117.1792127359,,0.04,118.53,9.352145936427,0.38,19.7666270158,,,1.72,307.11,381.91,17821317922.510002,1680513980.4,4.2,2026-02-25T09:50:19.553Z
mm1r3mt39cvv790ta,688213,思特威,2024Q1,2024,2024-03-31,837395711.35,14026121.38,19606289.23,84.3112267981,154.6169461308,,0.04,166.67,9.469202544886,0.37,21.2633795202,,,1.72,307.11,381.91,17821317922.510002,1680513980.4,4.2,2026-02-25T09:50:19.553Z
mm1r3mt3sn46qhiz1,688213,思特威,2024Q2,2024,2024-06-30,2456889524.16,149801172.02,152542463.56,129.03530924,325.8120834169,,0.37,317.65,9.726147295718,3.89,21.1300351459,,,1.72,307.11,381.91,17821317922.510002,1680513980.4,4.2,2026-02-25T09:50:19.553Z
mm1r3mt3fqzlriizq,688213,思特威,2024Q3,2024,2024-09-30,4207550618.14,273237797.94,304948288.56,137.3305318343,517.3190223552,,0.68,525,10.103520745506,6.92,21.9581325084,,,1.72,307.11,381.91,17821317922.510002,1680513980.4,4.2,2026-02-25T09:50:19.553Z
mm1r3mt3duuh4t20d,688213,思特威,2024Q4,2024,2024-12-31,5968147934.08,392738925.26,391418816.53,108.8705279579,2662.76,64342.63,0.98,2350,10.479670547556,9.89,21.0874718658,,,1.72,307.11,381.91,17821317922.510002,1680513980.4,4.2,2026-02-25T09:50:19.553Z
mm1r3mt3n2r4v9vc7,688213,思特威,2025Q1,2025,2025-03-31,1749619552.82,191452874.73,189197919.5,108.9358148252,1264.97,864.99,0.48,1100,11.08635991323,4.43,22.7925208602,,,1.72,307.11,381.91,17821317922.510002,1680513980.4,4.2,2026-02-25T09:50:19.553Z
mm1r3mt37oqk3plem,688213,思特威,2025Q2,2025,2025-06-30,3786399097.63,396863571.69,395700064,54.1135268964,164.93,159.4,0.99,167.57,11.488132165056,9.06,23.1619790584,,,1.72,307.11,381.91,17821317922.510002,1680513980.4,4.2,2026-02-25T09:50:19.553Z
mm1r3mt3zfm3he6p7,688213,思特威,2025Q3,2025,2025-09-30,6317151337.98,699458608.72,689757958.47,50.1384513533,155.99,126.19,1.75,157.35,12.27629073853,15.32,23.4752829133,40.95,7.8,1.72,307.11,381.91,17821317922.510002,1680513980.4,4.2,2026-02-25T09:50:19.553Z
mm1r3noqtqkxx8knj,002475,立讯精密,2020Q4,2020,2020-12-31,92501259211.54,7225462752.58,6088901850.86,47.9633913492,53.28,,1.03,,3.939325742694,30.29,18.0875939469,,,0.55,3749.49,3758.11,676000229130.1799,34571788925.14,4.79,2026-02-25T09:50:20.655Z
mm1r3noqbmybw3x7e,002475,立讯精密,2021Q1,2021,2021-03-31,21019011536.13,1349512048.43,1167112633.01,27.2854764845,37.44,,0.19,,4.108849688511,4.69,16.8268212204,,,0.55,3749.49,3758.11,676000229130.1799,34571788925.14,4.79,2026-02-25T09:50:20.655Z
mm1r3noqtzcve65qu,002475,立讯精密,2021Q2,2021,2021-06-30,48146984451.5,3089230028.85,2522265674.65,32.084599614,21.73,,0.44,,4.313516285704,10.38,16.1896725227,,,0.55,3749.49,3758.11,676000229130.1799,34571788925.14,4.79,2026-02-25T09:50:20.655Z
mm1r3noqxdfeg00ui,002475,立讯精密,2021Q3,2021,2021-09-30,81012583278.32,4689661383.84,3994257049.15,36.0912840575,0.21,,0.67,,4.569932704469,15.3,16.1126198531,,,0.55,3749.49,3758.11,676000229130.1799,34571788925.14,4.79,2026-02-25T09:50:20.655Z
mm1r3noqoll3sy94i,002475,立讯精密,2021Q4,2021,2021-12-31,153946097790.4,7070520386.57,6015597220.13,66.4259482548,-2.14,-1.2,1.01,-1.94,4.930326689721,22.35,12.2755703254,,,0.55,3749.49,3758.11,676000229130.1799,34571788925.14,4.79,2026-02-25T09:50:20.655Z
mm1r3noq4d0gkyxn9,002475,立讯精密,2022Q1,2022,2022-03-31,41599710846.1,1803320580.17,1523761959.82,97.9146867806,33.63,30.56,0.25,31.58,5.188364366153,4.95,11.8115561455,,,0.55,3749.49,3758.11,676000229130.1799,34571788925.14,4.79,2026-02-25T09:50:20.655Z
mm1r3noqoxqo955vq,002475,立讯精密,2022Q2,2022,2022-06-30,81961159840.61,3784030805.82,3391800569.04,70.2311386151,22.49,34.47,0.53,20.45,5.424582935463,10.09,12.4684971042,,,0.55,3749.49,3758.11,676000229130.1799,34571788925.14,4.79,2026-02-25T09:50:20.655Z
mm1r3noqe9ce4mnih,002475,立讯精密,2022Q3,2022,2022-09-30,145252251919.77,6400275269.95,5978593291.55,79.2959143406,36.48,49.68,0.9,34.33,5.883871019378,16.56,12.7357748103,,,0.55,3749.49,3758.11,676000229130.1799,34571788925.14,4.79,2026-02-25T09:50:20.655Z
mm1r3noqjgbr5simz,002475,立讯精密,2022Q4,2022,2022-12-31,214028394291.44,9163104849.54,8442052945.85,39.0281386559,29.6,40.34,1.29,27.72,6.312134410291,23,12.1944165831,,,0.55,3749.49,3758.11,676000229130.1799,34571788925.14,4.79,2026-02-25T09:50:20.655Z
mm1r3noqiuvwtvcoe,002475,立讯精密,2023Q1,2023,2023-03-31,49942325179.17,2017931635.56,1771547570.19,20.0545007727,11.9,16.26,0.25,,6.575888057871,4.34,10.0281447603,,,0.55,3749.49,3758.11,676000229130.1799,34571788925.14,4.79,2026-02-25T09:50:20.655Z
mm1r3noqdeqraylw3,002475,立讯精密,2023Q2,2023,2023-06-30,97971180910.27,4355725931.55,4154373409.12,19.5336682653,15.11,22.48,0.61,15.09,6.883352630223,9.12,10.6377365775,,,0.55,3749.49,3758.11,676000229130.1799,34571788925.14,4.79,2026-02-25T09:50:20.655Z
mm1r3noqooxpocs80,002475,立讯精密,2023Q3,2023,2023-09-30,155874816160.33,7374174504.76,7032647741.21,7.3131838578,15.22,17.63,1.03,14.44,7.299339866854,15.05,11.7987914044,,,0.55,3749.49,3758.11,676000229130.1799,34571788925.14,4.79,2026-02-25T09:50:20.655Z
mm1r3noq5wm4ydne0,002475,立讯精密,2023Q4,2023,2023-12-31,231905459829.83,10952656702.16,10185553553.99,8.352660682,19.53,20.65,1.54,19.38,7.803802852439,21.61,11.5840995684,,,0.55,3749.49,3758.11,676000229130.1799,34571788925.14,4.79,2026-02-25T09:50:20.655Z
mm1r3noqmhvmfx6hs,002475,立讯精密,2024Q1,2024,2024-03-31,52406775584.57,2471024666.99,2183139364.86,4.934592846,22.45,23.23,0.35,40,8.149435338872,4.29,10.744827516,,,0.55,3749.49,3758.11,676000229130.1799,34571788925.14,4.79,2026-02-25T09:50:20.655Z
mm1r3noq1prxg0meu,002475,立讯精密,2024Q2,2024,2024-06-30,103597974358.37,5396162858.61,4959558446.73,5.7433149175,23.89,19.38,0.75,22.95,8.211851968495,9.11,11.7050599475,,,0.55,3749.49,3758.11,676000229130.1799,34571788925.14,4.79,2026-02-25T09:50:20.655Z
mm1r3noqumjc9n38r,002475,立讯精密,2024Q3,2024,2024-09-30,177176884792.12,9074954475.62,8117436227.02,13.6661387365,23.06,15.43,1.26,22.33,8.874882949988,14.98,11.7237903815,,,0.55,3749.49,3758.11,676000229130.1799,34571788925.14,4.79,2026-02-25T09:50:20.655Z
mm1r3noq6741bonqa,002475,立讯精密,2024Q4,2024,2024-12-31,268794737612.58,13365651026.16,11694305563.27,15.907032896,22.03,14.81,1.86,20.78,9.507372324656,21.34,10.4114090479,,,0.55,3749.49,3758.11,676000229130.1799,34571788925.14,4.79,2026-02-25T09:50:20.655Z
mm1r3noqybath9s0v,002475,立讯精密,2025Q1,2025,2025-03-31,61787689862.63,3043574684.79,2409413794.47,17.9001935788,23.17,10.36,0.42,20,9.942824859123,4.29,11.1793316929,,,0.55,3749.49,3758.11,676000229130.1799,34571788925.14,4.79,2026-02-25T09:50:20.655Z
mm1r3noqtv7pr7vu4,002475,立讯精密,2025Q2,2025,2025-06-30,124503174115.6,6644272049.46,5599433499.57,20.1791587979,23.13,12.9,0.92,22.67,10.235460633463,9.13,11.610395087,,,0.55,3749.49,3758.11,676000229130.1799,34571788925.14,4.79,2026-02-25T09:50:20.655Z
mm1r3noqeqyiko44y,002475,立讯精密,2025Q3,2025,2025-09-30,220914627539.37,11518291164.73,9542027519.35,24.6859192713,26.92,17.55,1.59,26.19,10.968750040643,15.24,12.1484312168,24.47,4.78,0.55,3749.49,3758.11,676000229130.1799,34571788925.14,4.79,2026-02-25T09:50:20.655Z
mm1r3ogun91bjgg3k,002292,奥飞娱乐,2020Q4,2020,2020-12-31,2368198964.01,-450288851.86,-467624652.39,-13.154817207,-474.93,,-0.33,,2.369805939762,-12.41,31.338005464,,,1.46,94.36,137.08,6458170055.0199995,-148628115.58,-0.09759999999999999,2026-02-25T09:50:21.744Z
mm1r3ogusj3oy85pk,002292,奥飞娱乐,2021Q1,2021,2021-03-31,672596253.03,27292709.93,14585157.43,35.1686056781,169.44,,0.0201,,2.384888457796,0.85,37.9931278384,,,1.46,94.36,137.08,6458170055.0199995,-148628115.58,-0.09759999999999999,2026-02-25T09:50:21.744Z
mm1r3oguuu2gk5gaa,002292,奥飞娱乐,2021Q2,2021,2021-06-30,1317664328.46,5178354.96,-19061674.66,21.0970012295,110.37,,0.0038,,2.348102595728,0.16,35.7446082881,,,1.46,94.36,137.08,6458170055.0199995,-148628115.58,-0.09759999999999999,2026-02-25T09:50:21.744Z
mm1r3oguvdq442h0i,002292,奥飞娱乐,2021Q3,2021,2021-09-30,2004445367.92,-93274295.64,-122747424.43,13.7710081027,-101.2,,-0.0687,,2.251822486756,-2.97,31.3240651728,,,1.46,94.36,137.08,6458170055.0199995,-148628115.58,-0.09759999999999999,2026-02-25T09:50:21.744Z
mm1r3ogu29g9h5bi7,002292,奥飞娱乐,2021Q4,2021,2021-12-31,2644316753.12,-417065559.92,-491172372.09,11.659399962,7.38,,-0.3,9.09,2.19117488374,-13.67,26.2554664985,,,1.46,94.36,137.08,6458170055.0199995,-148628115.58,-0.09759999999999999,2026-02-25T09:50:21.744Z
mm1r3ogu2cyxs1b0k,002292,奥飞娱乐,2022Q1,2022,2022-03-31,667639902.55,-30625862.32,-32619573.91,-0.7368983187,-212.21,,-0.0207,-202.99,2.162543206188,-0.95,28.4553954316,,,1.46,94.36,137.08,6458170055.0199995,-148628115.58,-0.09759999999999999,2026-02-25T09:50:21.744Z
mm1r3ogunlxqia7mf,002292,奥飞娱乐,2022Q2,2022,2022-06-30,1330855592.16,-26782933.75,-36440099.89,1.0011095706,-617.21,,-0.0181,-576.32,2.220355265678,-0.82,30.5540598608,,,1.46,94.36,137.08,6458170055.0199995,-148628115.58,-0.09759999999999999,2026-02-25T09:50:21.744Z
mm1r3ogunmqxscb5f,002292,奥飞娱乐,2022Q3,2022,2022-09-30,2016674067.06,-12184490.42,-28838627.55,0.6100789443,86.94,,-0.0082,88.06,2.29132530934,-0.37,32.0163074304,,,1.46,94.36,137.08,6458170055.0199995,-148628115.58,-0.09759999999999999,2026-02-25T09:50:21.744Z
mm1r3oguxaq8zs42k,002292,奥飞娱乐,2022Q4,2022,2022-12-31,2656755010.83,-171401074.13,-200054207.03,0.4703769961,58.86,,-0.12,60,2.213359116148,-5.37,31.0331530062,,,1.46,94.36,137.08,6458170055.0199995,-148628115.58,-0.09759999999999999,2026-02-25T09:50:21.744Z
mm1r3oguux4qf4n4n,002292,奥飞娱乐,2023Q1,2023,2023-03-31,602343222.69,16673884.85,13547901.41,-9.7802242812,154.44,,0.0113,154.59,2.202050331055,0.51,36.750498935,,,1.46,94.36,137.08,6458170055.0199995,-148628115.58,-0.09759999999999999,2026-02-25T09:50:21.744Z
mm1r3ogupiast1uyn,002292,奥飞娱乐,2023Q2,2023,2023-06-30,1300291681.67,60454221.72,50078229.9,-2.2965609996,325.72,,0.0409,325.97,2.296997128004,1.81,36.7693791447,,,1.46,94.36,137.08,6458170055.0199995,-148628115.58,-0.09759999999999999,2026-02-25T09:50:21.744Z
mm1r3ogu0r3hoxqte,002292,奥飞娱乐,2023Q3,2023,2023-09-30,2019770506.85,81423094.11,62842819.8,0.1535419055,768.25,,0.0551,771.95,2.302324422807,2.44,37.9147172292,,,1.46,94.36,137.08,6458170055.0199995,-148628115.58,-0.09759999999999999,2026-02-25T09:50:21.744Z
mm1r3oguu2el9fsw9,002292,奥飞娱乐,2023Q4,2023,2023-12-31,2738759205.55,93642611.74,56284507.76,3.086629907,154.63,,0.06,150,2.251395419019,2.84,37.7203210591,,,1.46,94.36,137.08,6458170055.0199995,-148628115.58,-0.09759999999999999,2026-02-25T09:50:21.744Z
mm1r3ogumipn4ngnu,002292,奥飞娱乐,2024Q1,2024,2024-03-31,650410515.13,50497505.46,41805814.56,7.9800503483,202.85,208.58,0.0341,201.77,2.284458571307,1.51,44.5542422053,,,1.46,94.36,137.08,6458170055.0199995,-148628115.58,-0.09759999999999999,2026-02-25T09:50:21.744Z
mm1r3oguhzsvpvmii,002292,奥飞娱乐,2024Q2,2024,2024-06-30,1305007495.45,55003797.15,61171835.48,0.3626735329,-9.02,22.15,0.0372,-9.05,2.292336998389,1.64,42.542199187,,,1.46,94.36,137.08,6458170055.0199995,-148628115.58,-0.09759999999999999,2026-02-25T09:50:21.744Z
mm1r3ogu4645kvj8v,002292,奥飞娱乐,2024Q3,2024,2024-09-30,2010746241.73,71243790.14,71854590.2,-0.4467965588,-12.5,14.34,0.0482,-12.52,2.288252362691,2.12,42.6170250818,,,1.46,94.36,137.08,6458170055.0199995,-148628115.58,-0.09759999999999999,2026-02-25T09:50:21.744Z
mm1r3ogupa14dr819,002292,奥飞娱乐,2024Q4,2024,2024-12-31,2715305959.99,-285288015.74,-287454474.37,-0.8563456587,-404.66,,-0.19,-416.67,2.032389353915,-9.01,42.1468965992,,,1.46,94.36,137.08,6458170055.0199995,-148628115.58,-0.09759999999999999,2026-02-25T09:50:21.744Z
mm1r3ogu2ksil0qc8,002292,奥飞娱乐,2025Q1,2025,2025-03-31,657559257.96,49101524.51,45986971.64,1.0991124319,-2.76,10,0.0332,-2.64,2.061567915646,1.62,44.2210952382,,,1.46,94.36,137.08,6458170055.0199995,-148628115.58,-0.09759999999999999,2026-02-25T09:50:21.744Z
mm1r3oguas7in2zno,002292,奥飞娱乐,2025Q2,2025,2025-06-30,1198338036.35,37009365.1,32899724.63,-8.1738579642,-32.71,-46.22,0.025,-32.8,2.041633537428,1.23,42.247345795,,,1.46,94.36,137.08,6458170055.0199995,-148628115.58,-0.09759999999999999,2026-02-25T09:50:21.744Z
mm1r3ogujwy4qy4o9,002292,奥飞娱乐,2025Q3,2025,2025-09-30,1886966800.72,50549010.55,46884391.79,-6.155895679,-29.05,-34.75,0.0342,-29.05,1.996780419554,1.68,42.6129777436,203.38,4.64,1.46,94.36,137.08,6458170055.0199995,-148628115.58,-0.09759999999999999,2026-02-25T09:50:21.744Z
mm1r3paxg11hm66ek,688368,晶丰明源,2020Q4,2020,2020-12-31,1102942313.83,68863250.12,27631579.97,26.2414351646,-25.43,,1.12,,20.437789606656,5.76,25.4489832741,,,3.24,119.29,119.29,3678784598.86,-638559.2699999958,-0.010000000000000009,2026-02-25T09:50:22.866Z
mm1r3pax27q1ivpg5,688368,晶丰明源,2021Q1,2021,2021-03-31,407514538.24,69165287.88,64790479.26,124.2402227407,2424.3,,1.12,,21.923198977435,5.23,37.3706516994,,,3.24,119.29,119.29,3678784598.86,-638559.2699999958,-0.010000000000000009,2026-02-25T09:50:22.866Z
mm1r3pax38bbav0h4,688368,晶丰明源,2021Q2,2021,2021-06-30,1065534712.29,335677609.29,274294847.29,177.1922179272,3456.99,,5.44,,25.884647875031,23.14,46.761398913,,,3.24,119.29,119.29,3678784598.86,-638559.2699999958,-0.010000000000000009,2026-02-25T09:50:22.866Z
mm1r3paxnaqd59vd4,688368,晶丰明源,2021Q3,2021,2021-09-30,1824620779.37,573454359.68,507316429.22,158.1637569564,1818.71,,9.28,,30.508107001474,36.33,48.8460264504,,,3.24,119.29,119.29,3678784598.86,-638559.2699999958,-0.010000000000000009,2026-02-25T09:50:22.866Z
mm1r3paxxyabwilcm,688368,晶丰明源,2021Q4,2021,2021-12-31,2302348183.58,677420694.85,578513329.24,108.7460200511,883.72,1993.67,10.95,877.68,30.742444054723,41.24,47.9271572176,,,3.24,119.29,119.29,3678784598.86,-638559.2699999958,-0.010000000000000009,2026-02-25T09:50:22.866Z
mm1r3paxlxqaxlvzh,688368,晶丰明源,2022Q1,2022,2022-03-31,301841864.23,-11479192.95,-36468951.1,-25.9310194101,-116.6,,-0.19,-116.96,31.282029495367,-0.6,29.7700057708,,,3.24,119.29,119.29,3678784598.86,-638559.2699999958,-0.010000000000000009,2026-02-25T09:50:22.866Z
mm1r3pax62fmjj669,688368,晶丰明源,2022Q2,2022,2022-06-30,591499752.83,-61882205.8,-103394476.73,-44.4879884243,-118.44,,-0.99,-118.2,27.570055471229,-3.27,28.9617209273,,,3.24,119.29,119.29,3678784598.86,-638559.2699999958,-0.010000000000000009,2026-02-25T09:50:22.866Z
mm1r3pax7b6pt5g6b,688368,晶丰明源,2022Q3,2022,2022-09-30,806579663.38,-200753392.89,-270798147.82,-55.7946685416,-135.01,,-3.21,-134.59,25.91822250825,-11.24,21.4178491206,,,3.24,119.29,119.29,3678784598.86,-638559.2699999958,-0.010000000000000009,2026-02-25T09:50:22.866Z
mm1r3paxpfbgvqjwc,688368,晶丰明源,2022Q4,2022,2022-12-31,1079399833.63,-205866848.77,-306976735.75,-53.1174371744,-130.39,,-3.29,-130.05,24.268911891145,-12.06,17.5764663426,,,3.24,119.29,119.29,3678784598.86,-638559.2699999958,-0.010000000000000009,2026-02-25T09:50:22.866Z
mm1r3paxqqc3x3255,688368,晶丰明源,2023Q1,2023,2023-03-31,265086171.19,-60015308.07,-77436991.15,-12.1771355785,-422.8181835727,,-0.95,-400,23.707610098789,-3.98,23.2000547723,,,3.24,119.29,119.29,3678784598.86,-638559.2699999958,-0.010000000000000009,2026-02-25T09:50:22.866Z
mm1r3paxz12fbtnsh,688368,晶丰明源,2023Q2,2023,2023-06-30,615313777.43,-89258769.97,-139883133.57,4.0260413442,-44.239800143,,-1.01,-2.02,23.876452187343,-5.89,24.6720063841,,,3.24,119.29,119.29,3678784598.86,-638559.2699999958,-0.010000000000000009,2026-02-25T09:50:22.866Z
mm1r3paxq9lf79179,688368,晶丰明源,2023Q3,2023,2023-09-30,915979711.9,-34961164.75,-78912786.38,13.5634523764,82.5850192384,,-0.4,87.54,22.56742080188,-2.37,24.4340855832,,,3.24,119.29,119.29,3678784598.86,-638559.2699999958,-0.010000000000000009,2026-02-25T09:50:22.866Z
mm1r3paxuysynzl29,688368,晶丰明源,2023Q4,2023,2023-12-31,1303235061.57,-91260032.42,-146347054.7,20.7370078229,55.6703602521,,-1.04,68.39,21.936804087997,-6.28,25.6709552571,,,3.24,119.29,119.29,3678784598.86,-638559.2699999958,-0.010000000000000009,2026-02-25T09:50:22.866Z
mm1r3paxq3slhy7jw,688368,晶丰明源,2024Q1,2024,2024-03-31,318671912.6,-29400166.71,-30396746.33,20.214461271,51.0122206226,,-0.47,50.53,21.12606748001,-2.17,33.7058051347,,,3.24,119.29,119.29,3678784598.86,-638559.2699999958,-0.010000000000000009,2026-02-25T09:50:22.866Z
mm1r3paxe45vljacw,688368,晶丰明源,2024Q2,2024,2024-06-30,734711664.76,-30507590.24,-17835252.51,19.404390363,65.8211845735,,-0.35,65.35,15.039171714063,-2.26,35.4273407821,,,3.24,119.29,119.29,3678784598.86,-638559.2699999958,-0.010000000000000009,2026-02-25T09:50:22.866Z
mm1r3paxvk9pysf2c,688368,晶丰明源,2024Q3,2024,2024-09-30,1088020033.15,-54301065.23,-23130520.51,18.7821104567,-55.3182384463,,-0.62,-55,14.864323015487,-4.06,36.108403818,,,3.24,119.29,119.29,3678784598.86,-638559.2699999958,-0.010000000000000009,2026-02-25T09:50:22.866Z
mm1r3paxm2v83lb19,688368,晶丰明源,2024Q4,2024,2024-12-31,1503617723.27,-33051313.25,-9009472.88,15.3757881144,63.7833645534,,-0.38,63.46,14.33352161723,-2.33,37.1209519396,,,3.24,119.29,119.29,3678784598.86,-638559.2699999958,-0.010000000000000009,2026-02-25T09:50:22.866Z
mm1r3pax2wmt10web,688368,晶丰明源,2025Q1,2025,2025-03-31,326574039.81,-6678964.11,-9628807.08,2.4797062112,77.2825638171,,-0.08,82.98,14.135188807543,-0.53,40.1038792539,,,3.24,119.29,119.29,3678784598.86,-638559.2699999958,-0.010000000000000009,2026-02-25T09:50:22.866Z
mm1r3pax6f2rhzjh8,688368,晶丰明源,2025Q2,2025,2025-06-30,731487818.09,15762043.54,12563898.84,-0.438790729,151.6659736675,,0.18,151.43,13.02808675019,1.3,39.5893385465,,,3.24,119.29,119.29,3678784598.86,-638559.2699999958,-0.010000000000000009,2026-02-25T09:50:22.866Z
mm1r3paxvnlcjldv6,688368,晶丰明源,2025Q3,2025,2025-09-30,1117105017.69,23329674.55,13727963.36,2.6732030343,142.9635670151,,0.27,143.55,13.243916891694,1.96,39.5299706659,383.49,10.18,3.24,119.29,119.29,3678784598.86,-638559.2699999958,-0.010000000000000009,2026-02-25T09:50:22.866Z
mm1r3q4umxxbrl4s2,300666,江丰电子,2020Q4,2020,2020-12-31,1166542634.09,147168583.7,60649625.47,41.4051419602,129.28,,0.67,,4.799778801358,17.15,28.0953705499,,,3.53,352.3,422.66,9991261729.83,1211181161.4,4.56,2026-02-25T09:50:23.965Z
mm1r3q4ubcmeic294,300666,江丰电子,2021Q1,2021,2021-03-31,317366474.99,17588163.03,21750687.27,32.8850408329,5.15,,0.08,,4.863455682827,1.62,29.9156188671,,,3.53,352.3,422.66,9991261729.83,1211181161.4,4.56,2026-02-25T09:50:23.965Z
mm1r3q4ud6bbnkzt9,300666,江丰电子,2021Q2,2021,2021-06-30,723341918.15,60635889.26,40214451.79,35.6846140811,48.49,,0.27,,5.068378188123,5.5,27.4120111506,,,3.53,352.3,422.66,9991261729.83,1211181161.4,4.56,2026-02-25T09:50:23.965Z
mm1r3q4u5vmpdifon,300666,江丰电子,2021Q3,2021,2021-09-30,1123427970.19,95254660.5,68827014.4,32.9307167054,-13.37,,0.42,,5.486692709083,8.34,26.9363399719,,,3.53,352.3,422.66,9991261729.83,1211181161.4,4.56,2026-02-25T09:50:23.965Z
mm1r3q4up5yd7qacj,300666,江丰电子,2021Q4,2021,2021-12-31,1593912652.91,106626738.28,76171693.93,36.6356107639,-27.55,25.59,0.47,-29.85,5.75917941691,8.56,25.5604259855,,,3.53,352.3,422.66,9991261729.83,1211181161.4,4.56,2026-02-25T09:50:23.965Z
mm1r3q4u5cocse08j,300666,江丰电子,2022Q1,2022,2022-03-31,489657648.29,33443542.09,42359725.83,54.2877672588,90.15,94.75,0.14,75,6.415301526068,2.27,29.9615043025,,,3.53,352.3,422.66,9991261729.83,1211181161.4,4.56,2026-02-25T09:50:23.965Z
mm1r3q4ulibeneue5,300666,江丰电子,2022Q2,2022,2022-06-30,1086638764.92,154536865.81,112265074.06,50.224774433,156.24,179.17,0.67,148.15,7.329420061524,9.29,30.8010441294,,,3.53,352.3,422.66,9991261729.83,1211181161.4,4.56,2026-02-25T09:50:23.965Z
mm1r3q4ufpx4durmd,300666,江丰电子,2022Q3,2022,2022-09-30,1685910611.04,222036636.98,184431710.67,50.0684205641,134.37,167.96,0.96,128.57,13.716007380508,12.77,30.3256458879,,,3.53,352.3,422.66,9991261729.83,1211181161.4,4.56,2026-02-25T09:50:23.965Z
mm1r3q4uskkp56u4u,300666,江丰电子,2022Q4,2022,2022-12-31,2325223350.66,264337699.57,218234601.75,45.8814789138,148.72,186.5,1.11,136.17,15.087371974206,11.37,29.8874406393,,,3.53,352.3,422.66,9991261729.83,1211181161.4,4.56,2026-02-25T09:50:23.965Z
mm1r3q4usrj2jm23k,300666,江丰电子,2023Q1,2023,2023-03-31,565231077.04,55661563.1,36057316.64,15.4339320572,67.38,-14.88,0.21,50,15.348619674748,1.37,31.8213275625,,,3.53,352.3,422.66,9991261729.83,1211181161.4,4.56,2026-02-25T09:50:23.965Z
mm1r3q4ubxyiqxphn,300666,江丰电子,2023Q2,2023,2023-06-30,1197415292.26,152988768.49,97825964.09,10.1944207142,-1,-12.86,0.58,-13.43,15.672894762079,3.73,28.657727921,,,3.53,352.3,422.66,9991261729.83,1211181161.4,4.56,2026-02-25T09:50:23.965Z
mm1r3q4uah0mglk6q,300666,江丰电子,2023Q3,2023,2023-09-30,1851772408.94,193130100.85,140105016.86,9.8381134097,-13.02,-24.03,0.73,-23.96,15.830740142816,4.69,29.2865810043,,,3.53,352.3,422.66,9991261729.83,1211181161.4,4.56,2026-02-25T09:50:23.965Z
mm1r3q4usrl4wsyzl,300666,江丰电子,2023Q4,2023,2023-12-31,2601608568.67,255474568.79,155706191.91,11.8863943944,-3.35,-28.65,0.96,-13.51,15.72628125465,6.25,29.2023816518,,,3.53,352.3,422.66,9991261729.83,1211181161.4,4.56,2026-02-25T09:50:23.965Z
mm1r3q4u9lf8o0u4h,300666,江丰电子,2024Q1,2024,2024-03-31,772389035.94,59646089.58,70183157.55,36.6501360797,7.16,94.64,0.22,4.76,15.862389904044,1.43,31.9730377956,,,3.53,352.3,422.66,9991261729.83,1211181161.4,4.56,2026-02-25T09:50:23.965Z
mm1r3q4u6ifflnltk,300666,江丰电子,2024Q2,2024,2024-06-30,1627437290.34,161133297.2,169718980.49,35.9125193122,5.32,73.49,0.61,5.17,16.087485842419,3.82,30.9977190006,,,3.53,352.3,422.66,9991261729.83,1211181161.4,4.56,2026-02-25T09:50:23.965Z
mm1r3q4uccc4y55tc,300666,江丰电子,2024Q3,2024,2024-09-30,2625193193.55,286826408.35,262450193.01,41.7665141178,48.51,87.32,1.08,47.95,16.620904642428,6.7,29.9570510217,,,3.53,352.3,422.66,9991261729.83,1211181161.4,4.56,2026-02-25T09:50:23.965Z
mm1r3q4u603xyi6ez,300666,江丰电子,2024Q4,2024,2024-12-31,3604962847.84,400564027.03,303505740.66,38.5666887499,56.79,94.92,1.51,57.29,16.96637771055,9.24,28.1745898529,,,3.53,352.3,422.66,9991261729.83,1211181161.4,4.56,2026-02-25T09:50:23.965Z
mm1r3q4urka3sfjaj,300666,江丰电子,2025Q1,2025,2025-03-31,1000450660.01,157212644.92,91490119.84,29.5267816422,163.58,30.36,0.59,168.18,17.665165800897,3.42,32.3857941367,,,3.53,352.3,422.66,9991261729.83,1211181161.4,4.56,2026-02-25T09:50:23.965Z
mm1r3q4uwk6kf3q67,300666,江丰电子,2025Q2,2025,2025-06-30,2094692015.46,252648508.99,175830928.71,28.7110740238,56.79,3.6,0.95,55.74,17.766060650349,5.44,29.7234387177,,,3.53,352.3,422.66,9991261729.83,1211181161.4,4.56,2026-02-25T09:50:23.965Z
mm1r3q4uszx4ihg8b,300666,江丰电子,2025Q3,2025,2025-09-30,3291156206.52,400755980.46,292872447.66,25.368152508,39.72,11.59,1.51,39.81,18.340529561881,8.53,28.9323522409,79.1,8.69,3.53,352.3,422.66,9991261729.83,1211181161.4,4.56,2026-02-25T09:50:23.965Z
mm1r3qy1dt217xxub,688361,中科飞测,2019Q4,2019,2019-12-31,55983680.09,-97468796.77,-72386964.51,87.5452366903,-75.1232303232,,0,,3.52166166055,-155.35,33.9005160781,,,13.99,500.55,705.93,3578435173.51,-59538421.29,-0.2,2026-02-25T09:50:25.105Z
mm1r3qy1m3vqrpdsl,688361,中科飞测,2020Q4,2020,2020-12-31,237587673.47,39585113.87,-1325773.14,324.387380551,140.6131143318,,0.34,,2.0711679435,12.02,41.1226315671,,,13.99,500.55,705.93,3578435173.51,-59538421.29,-0.2,2026-02-25T09:50:25.105Z
mm1r3qy1vwst4smtc,688361,中科飞测,2021Q1,2021,2021-03-31,22144200,-7024000,-14975100,0,0,,0,,0,0,0,,,13.99,500.55,705.93,3578435173.51,-59538421.29,-0.2,2026-02-25T09:50:25.105Z
mm1r3qy1xdbpq4vbq,688361,中科飞测,2021Q3,2021,2021-09-30,153612300,14221400,-32281700,0,0,,0,,0,0,0,,,13.99,500.55,705.93,3578435173.51,-59538421.29,-0.2,2026-02-25T09:50:25.105Z
mm1r3qy1k5vlqj179,688361,中科飞测,2021Q4,2021,2021-12-31,360553447.47,53425858.84,3858547.95,51.7559569502,34.9645197825,,0.22,-35.29,2.311515663625,10.23,48.9593689753,,,13.99,500.55,705.93,3578435173.51,-59538421.29,-0.2,2026-02-25T09:50:25.105Z
mm1r3qy1ja7gxcovn,688361,中科飞测,2022Q1,2022,2022-03-31,45591549.1,-19735989.15,-32079389.15,105.8848325972,-180.9793443907,,-0.08,,0,-3.62,44.3468682226,,,13.99,500.55,705.93,3578435173.51,-59538421.29,-0.2,2026-02-25T09:50:25.105Z
mm1r3qy1cgd5nuru6,688361,中科飞测,2022Q2,2022,2022-06-30,120918962.99,-32152733.47,-74106775.16,113.6409611711,-190.5819733684,,-0.13,,2.182177800625,-5.95,50.168238918,,,13.99,500.55,705.93,3578435173.51,-59538421.29,-0.2,2026-02-25T09:50:25.105Z
mm1r3qy11wnjxc1en,688361,中科飞测,2022Q3,2022,2022-09-30,257824696.48,-22339753.76,-89884400,67.8411796972,-257.085475129,,-0.09,,0,0,51.7381941688,,,13.99,500.55,705.93,3578435173.51,-59538421.29,-0.2,2026-02-25T09:50:25.105Z
mm1r3qy16tjfe3m1k,688361,中科飞测,2022Q4,2022,2022-12-31,509235313.9,11970878.31,-86829256.69,41.2371223943,-77.5934752011,,0.05,-77.27,2.373034791125,2.13,48.6715452434,,,13.99,500.55,705.93,3578435173.51,-59538421.29,-0.2,2026-02-25T09:50:25.105Z
mm1r3qy1p1uudqfkv,688361,中科飞测,2023Q1,2023,2023-03-31,161763960.23,31367069.83,-790530.170000002,254.8112828436,258.9333556661,,0.13,262.5,2.507044697958,5.36,55.261968737,,,13.99,500.55,705.93,3578435173.51,-59538421.29,-0.2,2026-02-25T09:50:25.105Z
mm1r3qy1h65ike3vy,688361,中科飞测,2023Q2,2023,2023-06-30,365476937.25,45939106.81,2353416.48,202.2494803236,242.8777645075,,0.18,238.46,7.234702140063,5.24,46.7748625252,,,13.99,500.55,705.93,3578435173.51,-59538421.29,-0.2,2026-02-25T09:50:25.105Z
mm1r3qy1ypzas4d2h,688361,中科飞测,2023Q3,2023,2023-09-30,587815988.49,79122653.17,18745570.22,127.9905674341,454.1787166503,,0.29,422.22,7.340944616688,5.79,45.6812133283,,,13.99,500.55,705.93,3578435173.51,-59538421.29,-0.2,2026-02-25T09:50:25.105Z
mm1r3qy1s4cpue0tn,688361,中科飞测,2023Q4,2023,2023-12-31,890900112.98,140344610.24,31692952.85,74.9486119014,1072.38,,0.49,880,7.534239245719,8.6,47.7700235716,,,13.99,500.55,705.93,3578435173.51,-59538421.29,-0.2,2026-02-25T09:50:25.105Z
mm1r3qy1z3xch2056,688361,中科飞测,2024Q1,2024,2024-03-31,235529768.02,34240129.57,7780880.58,45.600891376,9.16,,0.11,-15.38,7.642984790781,1.41,52.275627512,,,13.99,500.55,705.93,3578435173.51,-59538421.29,-0.2,2026-02-25T09:50:25.105Z
mm1r3qy1wufxz8nsf,688361,中科飞测,2024Q2,2024,2024-06-30,463822232.35,-68014662.72,-115134002.59,26.9087554033,-248.05,,-0.21,-216.67,7.274496123813,-2.84,46.2306039587,,,13.99,500.55,705.93,3578435173.51,-59538421.29,-0.2,2026-02-25T09:50:25.105Z
mm1r3qy1fzpf7a40k,688361,中科飞测,2024Q3,2024,2024-09-30,812429412.28,-51885433.35,-125395159.86,38.2115199634,-165.58,,-0.16,-155.17,7.415547362781,-2.16,47.6942280613,,,13.99,500.55,705.93,3578435173.51,-59538421.29,-0.2,2026-02-25T09:50:25.105Z
mm1r3qy12qv70wl4b,688361,中科飞测,2024Q4,2024,2024-12-31,1380378763.53,-11525122.93,-124103699.3,54.9420348498,-108.21,,-0.04,-108.16,7.617533266625,-0.48,48.8984042274,,,13.99,500.55,705.93,3578435173.51,-59538421.29,-0.2,2026-02-25T09:50:25.105Z
mm1r3qy15l6yy0e61,688361,中科飞测,2025Q1,2025,2025-03-31,294158044.69,-14960459.19,-43254324.25,24.8920878082,-143.69,,-0.05,-145.45,7.680175493969,-0.61,58.0761934626,,,13.99,500.55,705.93,3578435173.51,-59538421.29,-0.2,2026-02-25T09:50:25.105Z
mm1r3qy1zif1980jb,688361,中科飞测,2025Q2,2025,2025-06-30,702173929.99,-18354349.61,-110338406.26,51.3885883461,73.0141283129,,-0.06,71.43,7.84833438889,-0.74,54.306430493,,,13.99,500.55,705.93,3578435173.51,-59538421.29,-0.2,2026-02-25T09:50:25.105Z
mm1r3qy1x9v4zvqnw,688361,中科飞测,2025Q3,2025,2025-09-30,1201724435.3,-14698489.56,-139958727.02,47.9173965314,71.6712599067,,-0.05,68.75,7.923879878234,-0.59,51.9722286669,-3602.05,14.04,13.99,500.55,705.93,3578435173.51,-59538421.29,-0.2,2026-02-25T09:50:25.105Z
mm1r3rrkr7i34okfn,002371,北方华创,2020Q4,2020,2020-12-31,6056043031.2,536930435.37,197025637.18,49.2256316291,73.75,,1.0935,,13.658383552676,8.51,36.6869933525,,,4.41,3592.3,3595.17,81487024212.64,15540217521.689999,25.0927,2026-02-25T09:50:26.209Z
mm1r3rrk8bkjib8i2,002371,北方华创,2021Q1,2021,2021-03-31,1423425330.52,72908240.11,32218150.14,51.7607063281,175.27,,0.1469,,13.805568732104,1.07,39.5235790468,,,4.41,3592.3,3595.17,81487024212.64,15540217521.689999,25.0927,2026-02-25T09:50:26.209Z
mm1r3rrkr8rmgn3wc,002371,北方华创,2021Q2,2021,2021-06-30,3608358719.53,310345603.44,224962619.71,65.7493829081,68.6,,0.6251,,14.324302364938,4.47,43.1510970883,,,4.41,3592.3,3595.17,81487024212.64,15540217521.689999,25.0927,2026-02-25T09:50:26.209Z
mm1r3rrk6ljxszkmp,002371,北方华创,2021Q3,2021,2021-09-30,6173374642.87,658295422.69,525267269.74,60.9502714616,101.57,,1.3372,,14.962622116131,9.25,40.9391321392,,,4.41,3592.3,3595.17,81487024212.64,15540217521.689999,25.0927,2026-02-25T09:50:26.209Z
mm1r3rrkjdguzmb1s,002371,北方华创,2021Q4,2021,2021-12-31,9683478119.38,1077409991.25,806719757.21,59.8977759816,100.66,309.45,2.1478,96.42,32.141327348809,11.94,39.4127020389,,,4.41,3592.3,3595.17,81487024212.64,15540217521.689999,25.0927,2026-02-25T09:50:26.209Z
mm1r3rrkmdufyyqax,002371,北方华创,2022Q1,2022,2022-03-31,2135734862.37,206460350.67,155364140.54,50.0419317106,183.18,382.23,0.3927,167.32,32.82187674085,1.21,44.6440919315,,,4.41,3592.3,3595.17,81487024212.64,15540217521.689999,25.0927,2026-02-25T09:50:26.209Z
mm1r3rrkyej569ben,002371,北方华创,2022Q2,2022,2022-06-30,5443813858.9,754624930.22,645288949.57,50.8667591566,143.16,186.84,1.4332,129.28,33.588456425259,4.35,46.3796484647,,,4.41,3592.3,3595.17,81487024212.64,15540217521.689999,25.0927,2026-02-25T09:50:26.209Z
mm1r3rrki28y9rliu,002371,北方华创,2022Q3,2022,2022-09-30,10012301492.37,1686103845.94,1476401426.93,62.1852239914,156.13,181.08,3.1994,139.26,35.390789713742,9.46,43.9779762313,,,4.41,3592.3,3595.17,81487024212.64,15540217521.689999,25.0927,2026-02-25T09:50:26.209Z
mm1r3rrkycs1xouvj,002371,北方华创,2022Q4,2022,2022-12-31,14688111969.67,2352726657.86,2106066422.59,51.682192995,118.37,161.07,4.4612,107.71,37.350033591581,12.96,43.834703792,,,4.41,3592.3,3595.17,81487024212.64,15540217521.689999,25.0927,2026-02-25T09:50:26.209Z
mm1r3rrkj4pn3v3i2,002371,北方华创,2023Q1,2023,2023-03-31,3871132953.79,591683918.04,533815590.93,81.2553150673,186.58,243.59,1.1185,184.82,38.494619476998,2.95,41.184739397,,,4.41,3592.3,3595.17,81487024212.64,15540217521.689999,25.0927,2026-02-25T09:50:26.209Z
mm1r3rrkij47ccpzf,002371,北方华创,2023Q2,2023,2023-06-30,8426590087.53,1799236522.56,1609099163.36,54.7920319456,138.43,149.36,3.4,137.23,40.530420324611,8.71,42.3684669428,,,4.41,3592.3,3595.17,81487024212.64,15540217521.689999,25.0927,2026-02-25T09:50:26.209Z
mm1r3rrkre54tvb7v,002371,北方华创,2023Q3,2023,2023-09-30,14588362292.87,2884216678.73,2640066067.02,45.7043847909,71.06,78.82,5.4478,70.28,42.581104158266,13.62,39.8340988341,,,4.41,3592.3,3595.17,81487024212.64,15540217521.689999,25.0927,2026-02-25T09:50:26.209Z
mm1r3rrkga5yurv10,002371,北方华创,2023Q4,2023,2023-12-31,22079458092.37,3899069987.91,3581368813.58,50.3219619919,65.73,70.05,7.3623,65.03,45.957265846286,17.88,40.7774105634,,,4.41,3592.3,3595.17,81487024212.64,15540217521.689999,25.0927,2026-02-25T09:50:26.209Z
mm1r3rrkzymqv0np1,002371,北方华创,2024Q1,2024,2024-03-31,5950568399.86,1138817830.6,1084759113.07,53.7164564197,90.4,103.21,2.1476,92.01,48.195142990571,4.56,43.9734591709,,,4.41,3592.3,3595.17,81487024212.64,15540217521.689999,25.0927,2026-02-25T09:50:26.209Z
mm1r3rrkj1b1jh7on,002371,北方华创,2024Q2,2024,2024-06-30,12463584943.88,2790294946.72,2647090718.55,47.9078110412,54.54,64.51,3.8952,14.56,50.908337203761,10.81,45.7314847106,,,4.41,3592.3,3595.17,81487024212.64,15540217521.689999,25.0927,2026-02-25T09:50:26.209Z
mm1r3rrkvxgcpme9a,002371,北方华创,2024Q3,2024,2024-09-30,20532065958.75,4467785189.44,4270458314.1,40.7427752791,54.72,61.76,6.231,14.38,54.458021555167,16.74,44.3588392306,,,4.41,3592.3,3595.17,81487024212.64,15540217521.689999,25.0927,2026-02-25T09:50:26.209Z
mm1r3rrkq23s870ah,002371,北方华创,2024Q4,2024,2024-12-31,29838069162.26,5621189109.03,5570060947.81,35.1394995177,44.17,55.53,10.5725,43.6,58.344764580008,24.83,42.8542891494,,,4.41,3592.3,3595.17,81487024212.64,15540217521.689999,25.0927,2026-02-25T09:50:26.209Z
mm1r3rrkft8xiop7i,002371,北方华创,2025Q1,2025,2025-03-31,8206029208.83,1580707286.38,1570173959.13,37.903283475,38.8,44.75,2.9613,37.89,61.154138312935,4.95,43.0156502414,,,4.41,3592.3,3595.17,81487024212.64,15540217521.689999,25.0927,2026-02-25T09:50:26.209Z
mm1r3rrki0wfz2uh0,002371,北方华创,2025Q2,2025,2025-06-30,16141546184.74,3207978523.58,3180943277.08,29.5096575939,14.97,20.17,4.4496,14.23,46.830201125698,9.81,42.1683743905,,,4.41,3592.3,3595.17,81487024212.64,15540217521.689999,25.0927,2026-02-25T09:50:26.209Z
mm1r3rrkn5x5mrix5,002371,北方华创,2025Q3,2025,2025-09-30,27301379656.81,5130342602.7,5102078327.94,32.9694718089,14.83,19.47,7.1093,14.1,49.756484021339,15.31,41.4069253389,52.56,9.97,4.41,3592.3,3595.17,81487024212.64,15540217521.689999,25.0927,2026-02-25T09:50:26.209Z
mm1r3sjmyst00z0s3,603160,汇顶科技,2020Q4,2020,2020-12-31,6687275485.14,1659172054.66,1373905401.54,3.3062341284,-28.4,,3.67,,17.558854846239,23.06,52.2704903017,,,3.27,367.1,367.1,11211550120.529999,1906270274.54,4.18,2026-02-25T09:50:27.413Z
mm1r3sjml2tfc8bno,603160,汇顶科技,2021Q1,2021,2021-03-31,1418941884.8,156577213.23,130308954.42,5.0666187528,-23.51,,0.35,,18.009733554129,1.92,48.3171940426,,,3.27,367.1,367.1,11211550120.529999,1906270274.54,4.18,2026-02-25T09:50:27.413Z
mm1r3sjmtpj0wd792,603160,汇顶科技,2021Q2,2021,2021-06-30,2909876707.49,420502458.17,278402927.76,-4.7845271295,-29.6,,0.93,,17.316488549533,4.89,48.938790586,,,3.27,367.1,367.1,11211550120.529999,1906270274.54,4.18,2026-02-25T09:50:27.413Z
mm1r3sjmo8rnqesu1,603160,汇顶科技,2021Q3,2021,2021-09-30,4140078819.87,615440191.56,501966976.26,-19.268976192,-44.06,,1.36,,18.217450950202,7.51,48.2784249487,,,3.27,367.1,367.1,11211550120.529999,1906270274.54,4.18,2026-02-25T09:50:27.413Z
mm1r3sjmr9gql1dtl,603160,汇顶科技,2021Q4,2021,2021-12-31,5712871793.38,859921624.96,721165115.04,-14.5710116762,-48.17,-47.51,1.91,-47.96,18.959075101153,10.18,48.1859565945,,,3.27,367.1,367.1,11211550120.529999,1906270274.54,4.18,2026-02-25T09:50:27.413Z
mm1r3sjm5be781ftm,603160,汇顶科技,2022Q1,2022,2022-03-31,874217073.7,-50511851.28,-30342888.43,-38.3895081916,-132.26,,-0.11,-131.43,17.799613562331,-0.58,44.5230868453,,,3.27,367.1,367.1,11211550120.529999,1906270274.54,4.18,2026-02-25T09:50:27.413Z
mm1r3sjmfcpjm9l85,603160,汇顶科技,2022Q2,2022,2022-06-30,1828788022.28,21086716.36,-82008152.97,-37.1523880179,-94.99,,0.05,-94.62,18.442811881518,0.24,45.9675127783,,,3.27,367.1,367.1,11211550120.529999,1906270274.54,4.18,2026-02-25T09:50:27.413Z
mm1r3sjmg1evo12c0,603160,汇顶科技,2022Q3,2022,2022-09-30,2520769609.11,-99502803.24,-224304850.49,-39.1130043947,-116.17,,-0.22,-116.18,18.499836582093,-1.15,45.7927328645,,,3.27,367.1,367.1,11211550120.529999,1906270274.54,4.18,2026-02-25T09:50:27.413Z
mm1r3sjmrp8wh5gy6,603160,汇顶科技,2022Q4,2022,2022-12-31,3383952172,-747641878.56,-860450597.49,-40.7661804012,-186.94,,-1.63,-185.34,16.980432609453,-9.07,46.2004164653,,,3.27,367.1,367.1,11211550120.529999,1906270274.54,4.18,2026-02-25T09:50:27.413Z
mm1r3sjmw3w2nvgp4,603160,汇顶科技,2023Q1,2023,2023-03-31,843912227.92,-138835793.05,-156621961.2,-3.4665126879,-174.86,,-0.3,-172.73,16.733126079419,-1.8,42.0408031039,,,3.27,367.1,367.1,11211550120.529999,1906270274.54,4.18,2026-02-25T09:50:27.413Z
mm1r3sjm2zr5qzs2e,603160,汇顶科技,2023Q2,2023,2023-06-30,2021834633.02,-135978464.07,-164996632.03,10.5559861716,-744.85,,-0.3,-700,16.703270966388,-1.76,41.4014979212,,,3.27,367.1,367.1,11211550120.529999,1906270274.54,4.18,2026-02-25T09:50:27.413Z
mm1r3sjm7j1py9ks0,603160,汇顶科技,2023Q3,2023,2023-09-30,3196419218.76,12450035.74,-20585481.4,26.8033067048,112.5122462228,,0.03,113.64,17.243811131006,0.16,40.9547992193,,,3.27,367.1,367.1,11211550120.529999,1906270274.54,4.18,2026-02-25T09:50:27.413Z
mm1r3sjma4wz38k0h,603160,汇顶科技,2023Q4,2023,2023-12-31,4408052320.27,165054933.06,132138172.4,30.2634344759,122.0767372446,,0.36,122.09,17.566039590808,2.09,40.4638205043,,,3.27,367.1,367.1,11211550120.529999,1906270274.54,4.18,2026-02-25T09:50:27.413Z
mm1r3sjmv51bz6obj,603160,汇顶科技,2024Q1,2024,2024-03-31,1218471529.44,162399848.3,147566708.15,44.3836798577,216.9726082391,,0.35,216.67,18.00996563427,1.99,40.377738983,,,3.27,367.1,367.1,11211550120.529999,1906270274.54,4.18,2026-02-25T09:50:27.413Z
mm1r3sjmos11xm15y,603160,汇顶科技,2024Q2,2024,2024-06-30,2255997348.74,317229381.22,274274413.1,11.5816947586,333.2938406016,,0.69,330,18.242501150465,3.87,42.0478378133,,,3.27,367.1,367.1,11211550120.529999,1906270274.54,4.18,2026-02-25T09:50:27.413Z
mm1r3sjm1th0dnmaj,603160,汇顶科技,2024Q3,2024,2024-09-30,3222596255.55,448114129.63,399643092.95,0.8189487986,3499.3,,0.98,3166.67,18.396643971867,5.44,41.7351187256,,,3.27,367.1,367.1,11211550120.529999,1906270274.54,4.18,2026-02-25T09:50:27.413Z
mm1r3sjmvhr4bepkf,603160,汇顶科技,2024Q4,2024,2024-12-31,4374948942.73,603698838.16,558077837.22,-0.7509751504,265.76,322.34,1.33,269.44,18.883202077772,7.27,41.7926508187,,,3.27,367.1,367.1,11211550120.529999,1906270274.54,4.18,2026-02-25T09:50:27.413Z
mm1r3sjmdgu4eqx0a,603160,汇顶科技,2025Q1,2025,2025-03-31,1064399637.59,195348364.84,131911970.96,-12.6446854216,20.29,-10.61,0.43,22.86,19.422422280038,2.21,43.3426446748,,,3.27,367.1,367.1,11211550120.529999,1906270274.54,4.18,2026-02-25T09:50:27.413Z
mm1r3sjml7ds9yal9,603160,汇顶科技,2025Q2,2025,2025-06-30,2251375839.27,430611804.84,339541558.19,-0.2048543839,35.74,23.8,0.94,36.23,19.519587080384,4.85,43.2840419393,,,3.27,367.1,367.1,11211550120.529999,1906270274.54,4.18,2026-02-25T09:50:27.413Z
mm1r3sjmo8taw9g00,603160,汇顶科技,2025Q3,2025,2025-09-30,3520825700.94,676611266.7,572364408.8,9.2543223457,50.99,43.22,1.48,51.02,20.079464361567,7.5,42.8627878755,40.69,3.92,3.27,367.1,367.1,11211550120.529999,1906270274.54,4.18,2026-02-25T09:50:27.413Z
mm1r3tgovw5q9kmbv,688012,中微公司,2020Q4,2020,2020-12-31,2273291898.06,492199161.31,23319394.77,16.7617439019,161.02,,0.92,,8.168566394341,12.11,37.6652815853,,,9.53,2311.1,2311.1,24261609868.769997,3845867141.69,6.18,2026-02-25T09:50:28.530Z
mm1r3tgoesex9y6gy,688012,中微公司,2021Q1,2021,2021-03-31,603346870.6,137774007.33,11108458.59,46.2354251347,425.36,,0.26,,8.526326119169,3.09,40.916478399,,,9.53,2311.1,2311.1,24261609868.769997,3845867141.69,6.18,2026-02-25T09:50:28.530Z
mm1r3tgoehdtpge5t,688012,中微公司,2021Q2,2021,2021-06-30,1338627684.43,396632306.55,61615169.4,36.81743891,233.17,,0.74,,21.16842490313,8.56,42.3367480877,,,9.53,2311.1,2311.1,24261609868.769997,3845867141.69,6.18,2026-02-25T09:50:28.530Z
mm1r3tgoqx8rpiq2v,688012,中微公司,2021Q3,2021,2021-09-30,2072777066.62,541855082.7,164924392.26,40.4026775287,95.66,,0.96,,21.711638529273,7.27,42.6809750893,,,9.53,2311.1,2311.1,24261609868.769997,3845867141.69,6.18,2026-02-25T09:50:28.530Z
mm1r3tgoatbw0fc2f,688012,中微公司,2021Q4,2021,2021-12-31,3108134730.67,1011423670.06,324395998.31,36.7239611122,105.49,1291.1,1.76,91.3,22.62092447994,11.09,43.355450306,,,9.53,2311.1,2311.1,24261609868.769997,3845867141.69,6.18,2026-02-25T09:50:28.530Z
mm1r3tgot2kfj5fe5,688012,中微公司,2022Q1,2022,2022-03-31,949143575.28,117189974.5,186419551.86,57.3130849815,-14.94,1578.18,0.19,-26.92,22.86919054337,0.84,45.4666957992,,,9.53,2311.1,2311.1,24261609868.769997,3845867141.69,6.18,2026-02-25T09:50:28.530Z
mm1r3tgomsq0pjlv7,688012,中微公司,2022Q2,2022,2022-06-30,1971794762.86,467793945.79,440706784.9,47.2997149091,17.94,615.26,0.76,2.7,23.830913435135,3.28,45.3626801926,,,9.53,2311.1,2311.1,24261609868.769997,3845867141.69,6.18,2026-02-25T09:50:28.530Z
mm1r3tgoj5nth5o84,688012,中微公司,2022Q3,2022,2022-09-30,3043057722.11,792968007.82,643909362.82,46.8106614607,46.34,290.43,1.29,34.38,24.453443760356,5.47,45.5089223473,,,9.53,2311.1,2311.1,24261609868.769997,3845867141.69,6.18,2026-02-25T09:50:28.530Z
mm1r3tgo0e992l4kr,688012,中微公司,2022Q4,2022,2022-12-31,4739830997.55,1169792388.77,919458510.64,52.4976041347,15.66,183.44,1.9,7.95,25.126280847806,7.94,45.7378655241,,,9.53,2311.1,2311.1,24261609868.769997,3845867141.69,6.18,2026-02-25T09:50:28.530Z
mm1r3tgobvefx235c,688012,中微公司,2023Q1,2023,2023-03-31,1223068402.75,275369120.77,227851199.82,28.8602098359,134.98,22.22,0.45,136.84,25.662804332754,1.76,45.8746437418,,,9.53,2311.1,2311.1,24261609868.769997,3845867141.69,6.18,2026-02-25T09:50:28.530Z
mm1r3tgobeobpa66a,688012,中微公司,2023Q2,2023,2023-06-30,2526501011.91,1002969453.68,518913527.95,28.132047995,114.4,17.75,1.63,114.47,27.151293642172,6.25,43.9154493891,,,9.53,2311.1,2311.1,24261609868.769997,3845867141.69,6.18,2026-02-25T09:50:28.530Z
mm1r3tgoo65yhcnys,688012,中微公司,2023Q3,2023,2023-09-30,4041266479.18,1159835796.6,733652160.14,32.8028203283,46.27,13.94,1.88,45.74,27.387187147857,7.18,43.453507243,,,9.53,2311.1,2311.1,24261609868.769997,3845867141.69,6.18,2026-02-25T09:50:28.530Z
mm1r3tgocp0zkpy0o,688012,中微公司,2023Q4,2023,2023-12-31,6263513581.37,1785907974.46,1191434841.55,32.1463483531,52.67,29.58,2.89,52.11,28.785265931273,10.72,43.8123104128,,,9.53,2311.1,2311.1,24261609868.769997,3845867141.69,6.18,2026-02-25T09:50:28.530Z
mm1r3tgoqofs5qq0u,688012,中微公司,2024Q1,2024,2024-03-31,1605024097.68,249135780.57,262948771.07,31.2292995282,-9.53,15.4,0.4,-11.11,28.950302336882,1.38,42.510730595,,,9.53,2311.1,2311.1,24261609868.769997,3845867141.69,6.18,2026-02-25T09:50:28.530Z
mm1r3tgo2g9ymnip0,688012,中微公司,2024Q2,2024,2024-06-30,3447712750.84,516693982.42,483230176.75,36.4619580435,-48.48,-6.88,0.84,-48.47,29.25118806365,2.85,41.3207534698,,,9.53,2311.1,2311.1,24261609868.769997,3845867141.69,6.18,2026-02-25T09:50:28.530Z
mm1r3tgo5z6dmvp1i,688012,中微公司,2024Q3,2024,2024-09-30,5507194599.46,912979678.37,813484039.19,36.2739781658,-21.28,10.88,1.48,-21.28,30.16604519255,4.96,42.2218579211,,,9.53,2311.1,2311.1,24261609868.769997,3845867141.69,6.18,2026-02-25T09:50:28.530Z
mm1r3tgo7ted4zr4e,688012,中微公司,2024Q4,2024,2024-12-31,9065165097.69,1615675746.81,1388153354.14,44.7297108871,-9.53,16.51,2.61,-9.69,31.712825112408,8.66,41.0603394111,,,9.53,2311.1,2311.1,24261609868.769997,3845867141.69,6.18,2026-02-25T09:50:28.530Z
mm1r3tgo13fl9etg5,688012,中微公司,2025Q1,2025,2025-03-31,2173278385.62,313082457.72,298308274.84,35.4047200139,25.67,13.45,0.5,25,32.367122928379,1.57,41.5370612685,,,9.53,2311.1,2311.1,24261609868.769997,3845867141.69,6.18,2026-02-25T09:50:28.530Z
mm1r3tgosccg9hsdv,688012,中微公司,2025Q2,2025,2025-06-30,4960601270.04,705916536.34,538767846.45,43.8809329122,36.62,11.49,1.13,34.52,33.330456865773,3.49,39.855119181,,,9.53,2311.1,2311.1,24261609868.769997,3845867141.69,6.18,2026-02-25T09:50:28.530Z
mm1r3tgoksy0fdgo9,688012,中微公司,2025Q3,2025,2025-09-30,8062565115.42,1211192400.82,886804273.29,46.4005850857,32.66,9.01,1.94,31.08,34.292621250821,5.87,39.1009449999,143.11,10.76,9.53,2311.1,2311.1,24261609868.769997,3845867141.69,6.18,2026-02-25T09:50:28.530Z
mm1r3u8fxti66zl88,301269,华大九天,2019Q4,2019,2019-12-31,257219984.89,57157732.35,12694032.35,70.5906991563,17.8038516693,,0,,2.856123440884,12.53,87.6793051234,,,20.18,557.44,557.44,2762988918,131320911.86,0.24230000000000002,2026-02-25T09:50:29.637Z
mm1r3u8fs2kx4fs1h,301269,华大九天,2020Q4,2020,2020-12-31,414802193.31,103558656.06,40129904.19,61.2635944627,81.1804839035,216.13,0.31,,1.973673508849,14.35,87.3263144969,,,20.18,557.44,557.44,2762988918,131320911.86,0.24230000000000002,2026-02-25T09:50:29.637Z
mm1r3u8f8iuxcq95o,301269,华大九天,2021Q2,2021,2021-06-30,182365000.26,19719489.71,-10550313.84,0,0,,0.0454,,2.01685552307,2.29,84.6473861596,,,20.18,557.44,557.44,2762988918,131320911.86,0.24230000000000002,2026-02-25T09:50:29.637Z
mm1r3u8fd5bel9ji3,301269,华大九天,2021Q3,2021,2021-09-30,344760138.29,76825234.36,19738300,114.3958712145,707.0789525006,,0.1769,,0,0,87.1462594835,,,20.18,557.44,557.44,2762988918,131320911.86,0.24230000000000002,2026-02-25T09:50:29.637Z
mm1r3u8f70gti1ipr,301269,华大九天,2021Q4,2021,2021-12-31,579302046.77,139305915.64,53237897.18,39.6574213235,34.518852349,32.66,0.32,3.23,2.2896627456,15.05,89.3557146632,,,20.18,557.44,557.44,2762988918,131320911.86,0.24230000000000002,2026-02-25T09:50:29.637Z
mm1r3u8f4vksb2ged,301269,华大九天,2022Q1,2022,2022-03-31,97006642.75,10483277.75,-10516434.39,51.8608935185,64.34,,0.0241,,2.324899563884,1.19,97.862381646,,,20.18,557.44,557.44,2762988918,131320911.86,0.24230000000000002,2026-02-25T09:50:29.637Z
mm1r3u8f4et0c99x1,301269,华大九天,2022Q2,2022,2022-06-30,266487581.85,40428729.09,3197536.98,46.12868778,105.02,,0.0931,105.07,2.390722187002,3.98,91.5836646517,,,20.18,557.44,557.44,2762988918,131320911.86,0.24230000000000002,2026-02-25T09:50:29.637Z
mm1r3u8fi284013h3,301269,华大九天,2022Q3,2022,2022-09-30,482790475.98,112842626.31,28354796.76,40.0366290531,46.88,43.65,0.2461,39.12,8.435344686302,6.19,88.9029575695,,,20.18,557.44,557.44,2762988918,131320911.86,0.24230000000000002,2026-02-25T09:50:29.637Z
mm1r3u8famd7a61zr,301269,华大九天,2022Q4,2022,2022-12-31,798060770.75,185508367.58,31686110.62,37.7624635024,33.17,-40.48,0.39,21.88,8.568302018846,7.33,90.2549046338,,,20.18,557.44,557.44,2762988918,131320911.86,0.24230000000000002,2026-02-25T09:50:29.637Z
mm1r3u8fqortvqltz,301269,华大九天,2023Q1,2023,2023-03-31,159783958.07,21146215.92,1728262.59,64.7144500009,101.71,,0.0389,61.41,8.605695111782,0.45,97.0149926203,,,20.18,557.44,557.44,2762988918,131320911.86,0.24230000000000002,2026-02-25T09:50:29.637Z
mm1r3u8fby0facq8o,301269,华大九天,2023Q2,2023,2023-06-30,404834819.33,83810436.53,14989786.99,51.9150785637,107.3,368.79,0.1544,65.84,8.581452908574,1.79,95.5517358241,,,20.18,557.44,557.44,2762988918,131320911.86,0.24230000000000002,2026-02-25T09:50:29.637Z
mm1r3u8fnzfr5wst9,301269,华大九天,2023Q3,2023,2023-09-30,639588311.44,171402408.29,18556608.08,32.4774085781,51.9,-34.56,0.3157,28.28,8.746947667655,3.64,93.823505714,,,20.18,557.44,557.44,2762988918,131320911.86,0.24230000000000002,2026-02-25T09:50:29.637Z
mm1r3u8fkxwsp2km9,301269,华大九天,2023Q4,2023,2023-12-31,1010402077.64,200722810.92,64011757.59,26.6071600901,8.2,102.02,0.37,-5.13,8.810051204405,4.26,93.7844835467,,,20.18,557.44,557.44,2762988918,131320911.86,0.24230000000000002,2026-02-25T09:50:29.637Z
mm1r3u8fu25reoz0p,301269,华大九天,2024Q1,2024,2024-03-31,213459772.37,7665401.36,-16501818.55,33.5927429439,-63.75,,0.01,-74.29,8.915623827802,0.16,96.5831913531,,,20.18,557.44,557.44,2762988918,131320911.86,0.24230000000000002,2026-02-25T09:50:29.637Z
mm1r3u8fc7aa4uuzx,301269,华大九天,2024Q2,2024,2024-06-30,443788033.21,37871268.21,-51246637.53,9.6220018684,-54.81,,0.0698,-54.79,8.911251193756,0.78,91.3925985129,,,20.18,557.44,557.44,2762988918,131320911.86,0.24230000000000002,2026-02-25T09:50:29.637Z
mm1r3u8fxfw71wsiw,301269,华大九天,2024Q3,2024,2024-09-30,743538328.46,58545382.29,-33564269.85,16.2526448906,-65.84,,0.1078,-65.85,9.03313445222,1.21,91.8635040812,,,20.18,557.44,557.44,2762988918,131320911.86,0.24230000000000002,2026-02-25T09:50:29.637Z
mm1r3u8fl9rbd6945,301269,华大九天,2024Q4,2024,2024-12-31,1222354443.47,109478790.34,-57067673.63,20.9770318688,-45.46,,0.2,-45.95,9.216874458957,2.24,93.3068129308,,,20.18,557.44,557.44,2762988918,131320911.86,0.24230000000000002,2026-02-25T09:50:29.637Z
mm1r3u8fjx2zz2hcn,301269,华大九天,2025Q1,2025,2025-03-31,234322703.68,9713941.82,-387804.279999999,9.7737063421,26.72,,0.02,100,9.333024475803,0.19,91.4164210236,,,20.18,557.44,557.44,2762988918,131320911.86,0.24230000000000002,2026-02-25T09:50:29.637Z
mm1r3u8fguycvydd9,301269,华大九天,2025Q2,2025,2025-06-30,501536958.62,3067913.85,-18621015.63,13.0127270427,-91.9,,0.0057,-91.83,9.267700033514,0.06,89.1217686409,,,20.18,557.44,557.44,2762988918,131320911.86,0.24230000000000002,2026-02-25T09:50:29.637Z
mm1r3u8famsqopbao,301269,华大九天,2025Q3,2025,2025-09-30,804774812.23,9060265.85,-22156328.87,8.2358207272,-84.52,,0.0166,-84.6,9.526536386376,0.18,90.5132151305,4614.41,10.73,20.18,557.44,557.44,2762988918,131320911.86,0.24230000000000002,2026-02-25T09:50:29.637Z
mm1r3uzwbkjaqycsz,300567,精测电子,2020Q4,2020,2020-12-31,2076523577.24,243226119.06,236749467.82,6.4484269018,-9.82,,0.99,,6.876804411788,15.2,47.3923320759,,,5.1,351.93,433.61,6906276741.779999,67753975.53,0.25,2026-02-25T09:50:30.780Z
mm1r3uzwsrbwjef3t,300567,精测电子,2021Q1,2021,2021-03-31,594650076.54,64643952.91,61663495.16,95.6489452774,934.5,,0.26,,7.138943034919,3.62,42.8481578381,,,5.1,351.93,433.61,6906276741.779999,67753975.53,0.25,2026-02-25T09:50:30.780Z
mm1r3uzwb5qal1hry,300567,精测电子,2021Q2,2021,2021-06-30,1291593061.66,146476289.84,133570402.39,76.4411219285,203.43,,0.58,,11.482208609695,6.38,42.0468189766,,,5.1,351.93,433.61,6906276741.779999,67753975.53,0.25,2026-02-25T09:50:30.780Z
mm1r3uzwkxt630vc7,300567,精测电子,2021Q3,2021,2021-09-30,1768073455.73,182418205.78,161215862.37,42.9773040053,20.33,,0.69,,11.618637249101,7.01,43.3153913684,,,5.1,351.93,433.61,6906276741.779999,67753975.53,0.25,2026-02-25T09:50:30.780Z
mm1r3uzwngl823tox,300567,精测电子,2021Q4,2021,2021-12-31,2408953144.85,192288353.49,116238452.45,16.0089474184,-20.94,-50.9,0.72,-27.27,11.71965367411,6.92,43.3366268158,,,5.1,351.93,433.61,6906276741.779999,67753975.53,0.25,2026-02-25T09:50:30.780Z
mm1r3uzw4do4b0h95,300567,精测电子,2022Q1,2022,2022-03-31,603862879.84,28408773.64,22279554.69,1.5492814453,-56.05,-63.87,0.1,-61.54,11.814319113769,0.85,42.3338648283,,,5.1,351.93,433.61,6906276741.779999,67753975.53,0.25,2026-02-25T09:50:30.780Z
mm1r3uzwa884u1yid,300567,精测电子,2022Q2,2022,2022-06-30,1105342372.66,29184344.97,7352569.08,-14.4202299105,-80.08,-94.5,0.11,-81.03,10.801198428513,0.88,43.5105586519,,,5.1,351.93,433.61,6906276741.779999,67753975.53,0.25,2026-02-25T09:50:30.780Z
mm1r3uzw8k55wlyox,300567,精测电子,2022Q3,2022,2022-09-30,1820327521.97,143649963.44,84054689.55,2.955423943,-21.25,-47.86,0.52,-24.64,11.225114313842,4.28,44.3049567875,,,5.1,351.93,433.61,6906276741.779999,67753975.53,0.25,2026-02-25T09:50:30.780Z
mm1r3uzwljd2r7klv,300567,精测电子,2022Q4,2022,2022-12-31,2730571764.41,271890634.58,121023027.44,13.350970327,41.36,4.12,0.99,37.5,11.397747349866,8.07,44.3939915123,,,5.1,351.93,433.61,6906276741.779999,67753975.53,0.25,2026-02-25T09:50:30.780Z
mm1r3uzwji231z9cr,300567,精测电子,2023Q1,2023,2023-03-31,601491334.56,11875740.73,562619.51,-0.3927291044,-58.2,-97.47,0.04,-60,11.473570335702,0.37,45.3452794145,,,5.1,351.93,433.61,6906276741.779999,67753975.53,0.25,2026-02-25T09:50:30.780Z
mm1r3uzwil3p5xtwb,300567,精测电子,2023Q2,2023,2023-06-30,1110429170.99,12094019.65,-45163325.66,0.4602011518,-58.56,,0.04,-63.64,11.371732369427,0.37,43.760778105,,,5.1,351.93,433.61,6906276741.779999,67753975.53,0.25,2026-02-25T09:50:30.780Z
mm1r3uzww112egd7t,300567,精测电子,2023Q3,2023,2023-09-30,1544843546.42,-12602448.61,-81108435.44,-15.1337587453,-108.77,,-0.05,-109.62,11.599892260468,-0.39,45.1135816585,,,5.1,351.93,433.61,6906276741.779999,67753975.53,0.25,2026-02-25T09:50:30.780Z
mm1r3uzw2zl8k1o6m,300567,精测电子,2023Q4,2023,2023-12-31,2429367608.64,150102379.43,32878987.85,-11.0308089938,-44.79,-72.83,0.54,-45.45,12.228651600621,4.27,47.0946504918,,,5.1,351.93,433.61,6906276741.779999,67753975.53,0.25,2026-02-25T09:50:30.780Z
mm1r3uzw7bw0hihpe,300567,精测电子,2024Q1,2024,2024-03-31,418012552.15,-15926789.96,-23723164.75,-30.5039776748,-234.11,,-0.06,-250,11.966367266085,-0.43,47.0086111217,,,5.1,351.93,433.61,6906276741.779999,67753975.53,0.25,2026-02-25T09:50:30.780Z
mm1r3uzwa8v2nru2v,300567,精测电子,2024Q2,2024,2024-06-30,1121042989.41,49827877.48,-3019868.53,0.9558302949,312,,0.18,350,11.977048379752,1.37,40.7518675408,,,5.1,351.93,433.61,6906276741.779999,67753975.53,0.25,2026-02-25T09:50:30.780Z
mm1r3uzwz0mz7r8hk,300567,精测电子,2024Q3,2024,2024-09-30,1830638423.32,82241117.53,660956.37,18.4999236694,752.58,,0.3,700,11.996234285859,2.39,41.0266355902,,,5.1,351.93,433.61,6906276741.779999,67753975.53,0.25,2026-02-25T09:50:30.780Z
mm1r3uzwta03jiqa4,300567,精测电子,2024Q4,2024,2024-12-31,2565073020.98,-97598457.82,-158561190.92,5.5860385994,-165.02,,-0.35,-164.81,11.546580808834,-2.71,39.9706292318,,,5.1,351.93,433.61,6906276741.779999,67753975.53,0.25,2026-02-25T09:50:30.780Z
mm1r3uzwpyvd8p9qh,300567,精测电子,2025Q1,2025,2025-03-31,689402031.49,37596630.83,11722992.06,64.9237631607,336.06,,0.14,333.33,12.707685382367,1.08,41.7474101197,,,5.1,351.93,433.61,6906276741.779999,67753975.53,0.25,2026-02-25T09:50:30.780Z
mm1r3uzwjfkhyh1k1,300567,精测电子,2025Q2,2025,2025-06-30,1381084102.09,27666361.74,-25441206.48,23.1963551029,-44.48,,0.1,-44.44,12.705181939826,0.76,44.0513683366,,,5.1,351.93,433.61,6906276741.779999,67753975.53,0.25,2026-02-25T09:50:30.780Z
mm1r3uzw6f09hslwu,300567,精测电子,2025Q3,2025,2025-09-30,2270717587.22,100089440.78,50513786.61,24.039655144,21.7,7542.53,0.36,20,12.631900375898,2.74,45.8119028212,324.91,12.27,5.1,351.93,433.61,6906276741.779999,67753975.53,0.25,2026-02-25T09:50:30.780Z
mm1r3vwba4t0fms10,688981,中芯国际,2020Q4,2020,2020-12-31,27470709000,4332270000,1696902000,24.7654418002,141.5,,0.67,,12.610136052899,6.5,23.7833541173,,,1.49,2322.09,9291,155955120000,11173976000,1.4000000000000001,2026-02-25T09:50:31.899Z
mm1r3vwb5ln5edig5,688981,中芯国际,2021Q1,2021,2021-03-31,7291961000,1032154000,678470000,13.916670416,136.4,,0.13,,12.758430573829,1,26.9709341561,,,1.49,2322.09,9291,155955120000,11173976000,1.4000000000000001,2026-02-25T09:50:31.899Z
mm1r3vwb9eujjfefz,688981,中芯国际,2021Q2,2021,2021-06-30,16090387000,5241321000,2339104000,22.2534530451,278.1,,0.66,,13.12486027708,5.2,26.6656420383,,,1.49,2322.09,9291,155955120000,11173976000,1.4000000000000001,2026-02-25T09:50:31.899Z
mm1r3vwb62v0dkf3a,688981,中芯国际,2021Q3,2021,2021-09-30,25370997000,7318276000,3731700000,21.97794685,137.6,,0.93,,13.500276184695,7.1,27.9437501017,,,1.49,2322.09,9291,155955120000,11173976000,1.4000000000000001,2026-02-25T09:50:31.899Z
mm1r3vwbeuhyoxjrm,688981,中芯国际,2021Q4,2021,2021-12-31,35630634000,10733098000,5655839000,29.7040931852,147.7,233.3,1.36,102.99,13.815884845597,10.3,29.3050188217,,,1.49,2322.09,9291,155955120000,11173976000,1.4000000000000001,2026-02-25T09:50:31.899Z
mm1r3vwb2kg4zwsut,688981,中芯国际,2022Q1,2022,2022-03-31,11854010000,2843451000,2598443000,62.5627180398,175.5,282.99,0.36,176.92,14.196865455686,2.6,41.1715360456,,,1.49,2322.09,9291,155955120000,11173976000,1.4000000000000001,2026-02-25T09:50:31.899Z
mm1r3vwb1zsm1bh79,688981,中芯国际,2022Q2,2022,2022-06-30,24592245000,6251770000,5171434000,52.8381200527,19.3,121.09,0.79,19.7,15.436237373309,5.4,40.2565524213,,,1.49,2322.09,9291,155955120000,11173976000,1.4000000000000001,2026-02-25T09:50:31.899Z
mm1r3vwbl16f3hifs,688981,中芯国际,2022Q3,2022,2022-09-30,37763559000,9389507000,7970809000,48.8453882991,28.3,113.6,1.19,27.96,16.765196473857,7.8,39.9045015858,,,1.49,2322.09,9291,155955120000,11173976000,1.4000000000000001,2026-02-25T09:50:31.899Z
mm1r3vwb046u1nfae,688981,中芯国际,2022Q4,2022,2022-12-31,49516084000,12133079000,10133988000,38.9705386662,13,79.18,1.53,12.5,16.85550015375,10,38.2974772399,,,1.49,2322.09,9291,155955120000,11173976000,1.4000000000000001,2026-02-25T09:50:31.899Z
mm1r3vwbzj6fiom00,688981,中芯国际,2023Q1,2023,2023-03-31,10208898000,1591324000,875873000,-13.8781053837,-44,-66.29,0.2,-44.44,16.880645276464,1.2,22.7652191255,,,1.49,2322.09,9291,155955120000,11173976000,1.4000000000000001,2026-02-25T09:50:31.899Z
mm1r3vwb69n229hxx,688981,中芯国际,2023Q2,2023,2023-06-30,21317790000,2997265000,1764898000,-13.3149901524,-52.1,-65.87,0.38,-51.9,17.984231781416,2.2,22.4387096411,,,1.49,2322.09,9291,155955120000,11173976000,1.4000000000000001,2026-02-25T09:50:31.899Z
mm1r3vwbwyaihd6s4,688981,中芯国际,2023Q3,2023,2023-09-30,33098244000,3674784000,2271958000,-12.3540130315,-60.9,-71.5,0.46,-61.34,17.999005104711,2.7,23.0111694143,,,1.49,2322.09,9291,155955120000,11173976000,1.4000000000000001,2026-02-25T09:50:31.899Z
mm1r3vwbzj4cz1emq,688981,中芯国际,2023Q4,2023,2023-12-31,45250425000,4822814000,3269518000,-8.6146937629,-60.3,-67.74,0.61,-60.13,17.929256183814,3.5,21.8873612789,,,1.49,2322.09,9291,155955120000,11173976000,1.4000000000000001,2026-02-25T09:50:31.899Z
mm1r3vwb4zj92mhj1,688981,中芯国际,2024Q1,2024,2024-03-31,12593782000,508959000,622330000,23.3608367916,-68,-28.95,0.06,-70,17.944794019462,0.4,14.185595717,,,1.49,2322.09,9291,155955120000,11173976000,1.4000000000000001,2026-02-25T09:50:31.899Z
mm1r3vwb52v8p6x01,688981,中芯国际,2024Q2,2024,2024-06-30,26269310000,1646285000,1288374000,23.2271731732,-45.1,-27,0.21,-44.74,18.127137653965,1.2,13.9065319949,,,1.49,2322.09,9291,155955120000,11173976000,1.4000000000000001,2026-02-25T09:50:31.899Z
mm1r3vwbfuic81m2i,688981,中芯国际,2024Q3,2024,2024-09-30,41878720000,2706192000,2199452000,26.5285251991,-26.4,-3.19,0.34,-26.09,18.130599803342,1.9,17.6393141911,,,1.49,2322.09,9291,155955120000,11173976000,1.4000000000000001,2026-02-25T09:50:31.899Z
mm1r3vwbl6c3a2it2,688981,中芯国际,2024Q4,2024,2024-12-31,57795570000,3698665000,2645419000,27.7238169586,-23.3,-19.09,0.46,-24.59,18.579215991637,2.5,18.5901843342,,,1.49,2322.09,9291,155955120000,11173976000,1.4000000000000001,2026-02-25T09:50:31.899Z
mm1r3vwbusox968zo,688981,中芯国际,2025Q1,2025,2025-03-31,16301085000,1356374000,1169998000,29.4375668882,166.5,88,0.17,183.33,18.731111578465,0.9,23.0968613439,,,1.49,2322.09,9291,155955120000,11173976000,1.4000000000000001,2026-02-25T09:50:31.899Z
mm1r3vwb35pbh3r3t,688981,中芯国际,2025Q2,2025,2025-06-30,32348049000,2300866000,1903725000,23.1400786697,39.8,47.76,0.29,38.1,18.884698695562,1.5,21.909018377,,,1.49,2322.09,9291,155955120000,11173976000,1.4000000000000001,2026-02-25T09:50:31.899Z
mm1r3vwbnz1xmpbu1,688981,中芯国际,2025Q3,2025,2025-09-30,49510416000,3818071000,3176871000,18.2233267874,41.1,44.44,0.48,41.18,18.898173696452,2.6,23.1511264216,184.32,6.16,1.49,2322.09,9291,155955120000,11173976000,1.4000000000000001,2026-02-25T09:50:31.899Z
mm1r3wowiq9u1rhk1,300661,圣邦股份,2020Q4,2020,2020-12-31,1196546817.33,288752313.77,263949071.23,50.9847988196,64.03,,1.2387,,9.555361748122,22.73,48.7346165745,,,4.78,418.13,435.97,8755932577.91,1104088342.8400002,2.0703,2026-02-25T09:50:33.080Z
mm1r3wowq4qjmbql1,300661,圣邦股份,2021Q1,2021,2021-03-31,393958162.75,75466973.58,72410189.4,104.2778149097,148.73,,0.3226,,10.086009428341,4.92,47.869985905,,,4.78,418.13,435.97,8755932577.91,1104088342.8400002,2.0703,2026-02-25T09:50:33.080Z
mm1r3wowevqpz57bp,300661,圣邦股份,2021Q2,2021,2021-06-30,915464465.06,260520538.81,225488647.28,96.6588270094,149.16,,0.7394,,7.491174319755,15.95,51.2238913183,,,4.78,418.13,435.97,8755932577.91,1104088342.8400002,2.0703,2026-02-25T09:50:33.080Z
mm1r3wowoenbn4uwv,300661,圣邦股份,2021Q3,2021,2021-09-30,1535326628.64,451187266.52,411437080.57,77.9511920495,117.93,,1.2793,,8.549662184108,25.86,54.7353442182,,,4.78,418.13,435.97,8755932577.91,1104088342.8400002,2.0703,2026-02-25T09:50:33.080Z
mm1r3wow09aixqpky,300661,圣邦股份,2021Q4,2021,2021-12-31,2238401973.77,699389578.69,647929359.8,87.071825469,142.21,145.48,1.9774,59.64,10.190161694559,36.92,55.4955892206,,,4.78,418.13,435.97,8755932577.91,1104088342.8400002,2.0703,2026-02-25T09:50:33.080Z
mm1r3wown647giwce,300661,圣邦股份,2022Q1,2022,2022-03-31,775336674.31,260347302.3,247487085.52,96.8068560625,244.98,241.78,0.7333,127.31,11.402832749654,10.22,60.620962728,,,4.78,418.13,435.97,8755932577.91,1104088342.8400002,2.0703,2026-02-25T09:50:33.080Z
mm1r3wowtbao8y48d,300661,圣邦股份,2022Q2,2022,2022-06-30,1651412534.62,540051988.77,530972259.66,80.3906757333,107.3,135.48,1.166,57.7,8.363798505547,19.84,59.776166763,,,4.78,418.13,435.97,8755932577.91,1104088342.8400002,2.0703,2026-02-25T09:50:33.080Z
mm1r3wowzau24lnwo,300661,圣邦股份,2022Q3,2022,2022-09-30,2412341397.62,750765454.87,730791282.33,57.1223577199,66.4,77.62,1.6199,26.62,9.15095549681,26.49,60.0628003084,,,4.78,418.13,435.97,8755932577.91,1104088342.8400002,2.0703,2026-02-25T09:50:33.080Z
mm1r3wow7tme9zqnq,300661,圣邦股份,2022Q4,2022,2022-12-31,3187549913.33,873673497.74,846673648.3,42.4029263145,24.92,30.67,1.8872,-4.56,9.681188689897,29.95,58.9826831002,,,4.78,418.13,435.97,8755932577.91,1104088342.8400002,2.0703,2026-02-25T09:50:33.080Z
mm1r3wow7qmpvny83,300661,圣邦股份,2023Q1,2023,2023-03-31,513288137.29,30206107.9,6205043.09,-33.798031965,-88.4,-97.49,0.0648,-91.16,9.816064798658,0.87,52.662664393,,,4.78,418.13,435.97,8755932577.91,1104088342.8400002,2.0703,2026-02-25T09:50:33.080Z
mm1r3wowv50n739ar,300661,圣邦股份,2023Q2,2023,2023-06-30,1148433937.33,89634347.95,48892575.36,-30.4574772654,-83.4,-90.79,0.1922,-83.52,7.639632930167,2.57,51.5102153543,,,4.78,418.13,435.97,8755932577.91,1104088342.8400002,2.0703,2026-02-25T09:50:33.080Z
mm1r3wowc65qm8hxm,300661,圣邦股份,2023Q3,2023,2023-09-30,1881173936.03,142043003.41,93550665.82,-22.0187516623,-81.08,-87.2,0.3044,-81.21,7.844776435834,3.98,50.5362030513,,,4.78,418.13,435.97,8755932577.91,1104088342.8400002,2.0703,2026-02-25T09:50:33.080Z
mm1r3wow20iwbdspp,300661,圣邦股份,2023Q4,2023,2023-12-31,2615716404.14,280768286.79,211774004.01,-17.9395938805,-67.86,-74.99,0.6011,-68.15,8.201598583525,7.63,49.6038447492,,,4.78,418.13,435.97,8755932577.91,1104088342.8400002,2.0703,2026-02-25T09:50:33.080Z
mm1r3wowgkyou0trz,300661,圣邦股份,2024Q1,2024,2024-03-31,729044755.89,54383429.78,50453571.12,42.0342109871,80.04,713.11,0.1158,78.7,8.385143492589,1.4,52.4858281976,,,4.78,418.13,435.97,8755932577.91,1104088342.8400002,2.0703,2026-02-25T09:50:33.080Z
mm1r3wow5zhjg3ktm,300661,圣邦股份,2024Q2,2024,2024-06-30,1576425612.27,178649747.68,158134468.36,37.2674179183,99.31,223.43,0.2916,51.72,8.763551198059,4.49,52.3274392898,,,4.78,418.13,435.97,8755932577.91,1104088342.8400002,2.0703,2026-02-25T09:50:33.080Z
mm1r3wowvj8v65stg,300661,圣邦股份,2024Q3,2024,2024-09-30,2444835135.79,284901627.51,248632429.14,29.9632686252,100.57,165.77,0.4657,52.99,9.093795371681,7.02,52.1670984849,,,4.78,418.13,435.97,8755932577.91,1104088342.8400002,2.0703,2026-02-25T09:50:33.080Z
mm1r3wowmsp9boskd,300661,圣邦股份,2024Q4,2024,2024-12-31,3346983120.66,500247943.1,451159069.34,27.9566513924,78.17,113.04,1.0619,76.66,9.735411183951,11.9,51.4646912232,,,4.78,418.13,435.97,8755932577.91,1104088342.8400002,2.0703,2026-02-25T09:50:33.080Z
mm1r3wowdkf3yp3nq,300661,圣邦股份,2025Q1,2025,2025-03-31,789561054.7,59766696.38,33964223.73,8.3007659435,9.9,-32.68,0.1262,8.98,9.638607840752,1.29,49.0653292616,,,4.78,418.13,435.97,8755932577.91,1104088342.8400002,2.0703,2026-02-25T09:50:33.080Z
mm1r3wowabpdfudst,300661,圣邦股份,2025Q2,2025,2025-06-30,1818780295.23,200839149.29,134439526.94,15.3736834186,12.42,-14.98,0.3258,11.73,7.635583415317,4.32,50.1616259222,,,4.78,418.13,435.97,8755932577.91,1104088342.8400002,2.0703,2026-02-25T09:50:33.080Z
mm1r3wowvbe6xr7by,300661,圣邦股份,2025Q3,2025,2025-09-30,2800608107.32,343234554.07,231090183.29,14.5520230105,20.47,-7.06,0.5564,19.48,7.936838373122,7.15,50.4155192028,95.26,8.89,4.78,418.13,435.97,8755932577.91,1104088342.8400002,2.0703,2026-02-25T09:50:33.080Z
mm1r3xhj4efahay73,000526,学大教育,2020Q4,2020,2020-12-31,2429882904.4,43687682.56,-80435341.86,-18.7856619964,215.09,,0.4542,,1.460061882773,36.46,25.8260939341,,,0.55,44.75,45.65,8178309134.280001,714253497.08,6.0263,2026-02-25T09:50:34.207Z
mm1r3xhj0lm2y3t8u,000526,学大教育,2021Q1,2021,2021-03-31,691802386.62,5366867.62,-10996056.42,15.3109282984,133.47,,0.0519,,8.223787312417,1.29,27.2477302588,,,0.55,44.75,45.65,8178309134.280001,714253497.08,6.0263,2026-02-25T09:50:34.207Z
mm1r3xhjrv5j3zros,000526,学大教育,2021Q2,2021,2021-06-30,1581968399.49,110782837.85,89630461.63,22.02786399,152.55,,0.9407,,9.104551713395,14.92,33.7200813014,,,0.55,44.75,45.65,8178309134.280001,714253497.08,6.0263,2026-02-25T09:50:34.207Z
mm1r3xhj467njm5fe,000526,学大教育,2021Q3,2021,2021-09-30,2152156646.44,44776718.7,20412789.18,11.1976228681,47.19,,0.3802,,8.551103764775,5.58,30.0132058398,,,0.55,44.75,45.65,8178309134.280001,714253497.08,6.0263,2026-02-25T09:50:34.207Z
mm1r3xhjb29621gt5,000526,学大教育,2021Q4,2021,2021-12-31,2529427415.97,-536021884.3,-549316493.8,4.0966793663,-1326.94,,-4.695,-1133.69,3.623462172138,-96.54,26.1906906222,,,0.55,44.75,45.65,8178309134.280001,714253497.08,6.0263,2026-02-25T09:50:34.207Z
mm1r3xhjb012pldqu,000526,学大教育,2022Q1,2022,2022-03-31,496580248.49,1170985,-4900659.73,-28.2193501939,-78.18,,0.0099,-80.92,3.629053093115,0.83,25.8277047164,,,0.55,44.75,45.65,8178309134.280001,714253497.08,6.0263,2026-02-25T09:50:34.207Z
mm1r3xhjbfu296dci,000526,学大教育,2022Q2,2022,2022-06-30,1056772014.23,46553419.31,38499725.06,-33.1989175909,-57.98,-57.05,0.3953,-57.98,4.049090266767,10.26,30.5164225829,,,0.55,44.75,45.65,8178309134.280001,714253497.08,6.0263,2026-02-25T09:50:34.207Z
mm1r3xhjaodvxlzaf,000526,学大教育,2022Q3,2022,2022-09-30,1466968543.5,7987909.58,-5636319.3,-31.8372783911,-82.16,,0.0678,-82.17,3.758670909311,1.82,28.3925901367,,,0.55,44.75,45.65,8178309134.280001,714253497.08,6.0263,2026-02-25T09:50:34.207Z
mm1r3xhjico9g0g4s,000526,学大教育,2022Q4,2022,2022-12-31,1797614433.02,13546265.17,-5987206.47,-28.9319621638,102.03,,0.115,102.45,3.70828859601,3.15,28.0368033257,,,0.55,44.75,45.65,8178309134.280001,714253497.08,6.0263,2026-02-25T09:50:34.207Z
mm1r3xhj0salpvwyu,000526,学大教育,2023Q1,2023,2023-03-31,518718890.42,5087449.14,10889282.16,4.4582203979,334.46,,0.0432,336.36,3.734093553164,1.16,30.474575935,,,0.55,44.75,45.65,8178309134.280001,714253497.08,6.0263,2026-02-25T09:50:34.207Z
mm1r3xhjn5ed13qlq,000526,学大教育,2023Q2,2023,2023-06-30,1251543738.87,88845709.96,97883711.95,18.4308178129,90.85,154.25,0.7544,90.84,4.496718208988,18.31,35.0839606937,,,0.55,44.75,45.65,8178309134.280001,714253497.08,6.0263,2026-02-25T09:50:34.207Z
mm1r3xhja402up6ww,000526,学大教育,2023Q3,2023,2023-09-30,1793359810.99,117029261,114770008.1,22.2493705769,1365.08,,0.9857,1353.83,4.609681223724,23.41,34.4321188367,,,0.55,44.75,45.65,8178309134.280001,714253497.08,6.0263,2026-02-25T09:50:34.207Z
mm1r3xhjv84iewfip,000526,学大教育,2023Q4,2023,2023-12-31,2212636261.51,153783023.19,141362317.93,23.087366282,1035.24,,1.3059,1035.57,4.946883219185,29.85,36.5021601837,,,0.55,44.75,45.65,8178309134.280001,714253497.08,6.0263,2026-02-25T09:50:34.207Z
mm1r3xhjdn22dxqc0,000526,学大教育,2024Q1,2024,2024-03-31,705295542.82,50184744.28,45986708.99,35.9687406504,886.44,322.31,0.4262,886.57,5.401258437881,7.97,32.4221191369,,,0.55,44.75,45.65,8178309134.280001,714253497.08,6.0263,2026-02-25T09:50:34.207Z
mm1r3xhjbponz3gzt,000526,学大教育,2024Q2,2024,2024-06-30,1619913883.04,161542253.01,152071947.38,29.4332617175,81.82,55.36,1.3718,81.84,6.325110847127,23.57,36.0386597666,,,0.55,44.75,45.65,8178309134.280001,714253497.08,6.0263,2026-02-25T09:50:34.207Z
mm1r3xhjcd362qrwe,000526,学大教育,2024Q3,2024,2024-09-30,2246816944.46,175728017.03,161196341.2,25.285340437,50.16,40.45,1.4922,51.38,6.548309172067,25.43,34.9779364473,,,0.55,44.75,45.65,8178309134.280001,714253497.08,6.0263,2026-02-25T09:50:34.207Z
mm1r3xhjra5ut626w,000526,学大教育,2024Q4,2024,2024-12-31,2785797297.92,179685304.08,164332527.76,25.9039882144,16.84,16.25,1.5191,16.33,6.707523318512,25.96,34.5560760382,,,0.55,44.75,45.65,8178309134.280001,714253497.08,6.0263,2026-02-25T09:50:34.207Z
mm1r3xhjtcwod6djw,000526,学大教育,2025Q1,2025,2025-03-31,863682650.93,73773510.85,58827444.06,22.456842344,47,27.92,0.6199,45.45,7.001231270593,8.55,32.0173971542,,,0.55,44.75,45.65,8178309134.280001,714253497.08,6.0263,2026-02-25T09:50:34.207Z
mm1r3xhjch3wqdw0p,000526,学大教育,2025Q2,2025,2025-06-30,1915877874.38,229680964.69,211458395.46,18.2703534082,42.18,39.05,1.9396,41.39,7.955283561879,25.97,36.2976098106,,,0.55,44.75,45.65,8178309134.280001,714253497.08,6.0263,2026-02-25T09:50:34.207Z
mm1r3xhjypupuezvl,000526,学大教育,2025Q3,2025,2025-09-30,2612951311.05,231113717.46,209157749.64,16.2956918895,31.52,29.75,1.9477,30.53,8.183455660083,25.22,33.861671379,14.81,4.58,0.55,44.75,45.65,8178309134.280001,714253497.08,6.0263,2026-02-25T09:50:34.207Z
mm1r3ydek9g2wgfp6,688234,天岳先进,2020Q4,2020,2020-12-31,424811901.45,-641613245.23,22687831.63,58.1822970787,-219.7138143891,,-1.66,,5.515390367272,-80.74,35.2786080659,,,10.03,409.6,461.94,4081913308.1,199543308.53,0.47,2026-02-25T09:50:35.318Z
mm1r3ydexvqmg0yxf,688234,天岳先进,2021Q1,2021,2021-03-31,126891120.74,23889077.02,,0,0,,0.06,,0,0,39.9083117043,,,10.03,409.6,461.94,4081913308.1,199543308.53,0.47,2026-02-25T09:50:35.318Z
mm1r3ydemz9vsxap2,688234,天岳先进,2021Q2,2021,2021-06-30,247215801.48,47908004.02,23172718.67,0,0,,0.12,,5.638477242714,2.22,40.0090880024,,,10.03,409.6,461.94,4081913308.1,199543308.53,0.47,2026-02-25T09:50:35.318Z
mm1r3yde9518ko2ii,688234,天岳先进,2021Q3,2021,2021-09-30,370103451.6,53534321.78,22946664.46,29.91,-108.69,,0.14,,5.652926883277,2.48,39.3110776679,,,10.03,409.6,461.94,4081913308.1,199543308.53,0.47,2026-02-25T09:50:35.318Z
mm1r3yde6o1k1dgos,688234,天岳先进,2021Q4,2021,2021-12-31,493856844.38,89951507.57,12769779.34,16.2530622834,114.0195839532,-43.72,0.23,113.86,5.746663358449,4.12,28.4309344373,,,10.03,409.6,461.94,4081913308.1,199543308.53,0.47,2026-02-25T09:50:35.318Z
mm1r3ydehgoa6061n,688234,天岳先进,2022Q1,2022,2022-03-31,67644914.95,-43765110.6,-49941639.36,-46.6905843722,-283.2,,-0.11,-283.33,12.524475092849,-1,-23.431892895,,,10.03,409.6,461.94,4081913308.1,199543308.53,0.47,2026-02-25T09:50:35.318Z
mm1r3ydeydkhiqjev,688234,天岳先进,2022Q2,2022,2022-06-30,160809861.17,-72999042.08,-104761667.67,-34.9516251764,-252.05,,-0.17,-241.67,12.456356547867,-1.49,-9.9967190277,,,10.03,409.6,461.94,4081913308.1,199543308.53,0.47,2026-02-25T09:50:35.318Z
mm1r3ydeu9i68g4xc,688234,天岳先进,2022Q3,2022,2022-09-30,269484703.56,-117789972.62,-169617420.66,-27.1866548677,-319.17,,-0.28,-300,12.353414628901,-2.34,-10.6769037871,,,10.03,409.6,461.94,4081913308.1,199543308.53,0.47,2026-02-25T09:50:35.318Z
mm1r3ydehf5dzpasz,688234,天岳先进,2022Q4,2022,2022-12-31,417034531.58,-175681853.81,-258256925.81,-15.5555832979,-294.8,,-0.41,-278.26,12.21859188576,-3.46,-5.7539898505,,,10.03,409.6,461.94,4081913308.1,199543308.53,0.47,2026-02-25T09:50:35.318Z
mm1r3yde8ypru6b3w,688234,天岳先进,2023Q1,2023,2023-03-31,193084860.79,-28156102.73,-45565936.99,185.4388403514,35.6654139702,,-0.07,36.36,12.152202527054,-0.54,12.0736734743,,,10.03,409.6,461.94,4081913308.1,199543308.53,0.47,2026-02-25T09:50:35.318Z
mm1r3ydeonawkv3af,688234,天岳先进,2023Q2,2023,2023-06-30,438014583.58,-72055688.39,-110402391.86,172.3804251761,1.2922822863,,-0.17,,12.046851138041,-1.38,11.3003132785,,,10.03,409.6,461.94,4081913308.1,199543308.53,0.47,2026-02-25T09:50:35.318Z
mm1r3yde51x5nq4jg,688234,天岳先进,2023Q3,2023,2023-09-30,824780609.12,-68253393.11,-113987264.9,206.0584137891,42.0550055392,,-0.16,42.86,12.053997955961,-1.31,14.765232267,,,10.03,409.6,461.94,4081913308.1,199543308.53,0.47,2026-02-25T09:50:35.318Z
mm1r3yde97dljmfcp,688234,天岳先进,2023Q4,2023,2023-12-31,1250695717.95,-45720451.65,-112720791.56,199.9021959193,73.9754273657,,-0.11,73.17,12.162853996208,-0.87,15.813480571,,,10.03,409.6,461.94,4081913308.1,199543308.53,0.47,2026-02-25T09:50:35.318Z
mm1r3yde72k1d86p1,688234,天岳先进,2024Q1,2024,2024-03-31,426068533.52,46099895.98,43606691.7,120.6638737894,263.7296767314,,0.11,257.14,12.144125536997,0.88,21.9237649489,,,10.03,409.6,461.94,4081913308.1,199543308.53,0.47,2026-02-25T09:50:35.318Z
mm1r3ydfyj8sjvxgv,688234,天岳先进,2024Q2,2024,2024-06-30,912232128.09,101888317.98,96226078.91,108.2652409959,241.4021852495,,0.24,241.18,12.156722907522,1.95,23.0122803063,,,10.03,409.6,461.94,4081913308.1,199543308.53,0.47,2026-02-25T09:50:35.318Z
mm1r3ydf2g580fevn,688234,天岳先进,2024Q3,2024,2024-09-30,1281219949.92,143032051.19,135425934.6,55.3406973628,309.5603524934,,0.33,306.25,12.287903145096,2.74,25.7811491337,,,10.03,409.6,461.94,4081913308.1,199543308.53,0.47,2026-02-25T09:50:35.318Z
mm1r3ydfxita8pdcq,688234,天岳先进,2024Q4,2024,2024-12-31,1768140956.17,179025054.91,156093027.43,41.3725921336,491.5644934579,,0.42,481.82,12.364080093599,3.37,25.8966054608,,,10.03,409.6,461.94,4081913308.1,199543308.53,0.47,2026-02-25T09:50:35.318Z
mm1r3ydfu5kpncn8n,688234,天岳先进,2025Q1,2025,2025-03-31,407961034.96,8518174.22,3595818.42,-4.2499028056,-81.52,-91.75,0.02,-81.82,12.40015540827,0.16,23.948280188,,,10.03,409.6,461.94,4081913308.1,199543308.53,0.47,2026-02-25T09:50:35.318Z
mm1r3ydf98og6jfw8,688234,天岳先进,2025Q2,2025,2025-06-30,793805202.95,10880178.5,-10944685.02,-12.9821041699,-89.32,,0.03,-87.5,12.403207118922,0.21,18.4532068051,,,10.03,409.6,461.94,4081913308.1,199543308.53,0.47,2026-02-25T09:50:35.318Z
mm1r3ydfuv2ncik61,688234,天岳先进,2025Q3,2025,2025-09-30,1112006114.02,1119900.9,-29708130.5,-13.2072432927,-99.22,,0,,15.266307269146,0.02,19.0656868867,30936.1,6.24,10.03,409.6,461.94,4081913308.1,199543308.53,0.47,2026-02-25T09:50:35.318Z
mm1r3z5pbkp0unt8o,002415,海康威视,2020Q4,2020,2020-12-31,63503450891.78,13385526714.15,12805839276.44,10.1379334493,7.82,,1.445,,5.757455764645,27.72,46.5262164798,,,1.32,2888.53,2926.34,218603211354.42,28992484939.71,3.1470000000000002,2026-02-25T09:50:36.418Z
mm1r3z5p9ue4scpru,002415,海康威视,2021Q1,2021,2021-03-31,13988385531.58,2169440312.25,2022056316.46,48.3564479303,44.99,,0.235,,5.9886330955,3.95,46.8196783202,,,1.32,2888.53,2926.34,218603211354.42,28992484939.71,3.1470000000000002,2026-02-25T09:50:36.418Z
mm1r3z5paxcx95l61,002415,海康威视,2021Q2,2021,2021-06-30,33902098368.1,6481424653.39,6221476627.98,39.6805897387,40.17,,0.695,,5.666985242919,11.62,46.3006815484,,,1.32,2888.53,2926.34,218603211354.42,28992484939.71,3.1470000000000002,2026-02-25T09:50:36.418Z
mm1r3z5pqtcumpx1m,002415,海康威视,2021Q3,2021,2021-09-30,55629267490.88,10965641158.11,10693898565.44,32.3838306764,29.94,,1.179,,6.16241512105,20.16,46.3335969502,,,1.32,2888.53,2926.34,218603211354.42,28992484939.71,3.1470000000000002,2026-02-25T09:50:36.418Z
mm1r3z5pil0u81lx8,002415,海康威视,2021Q4,2021,2021-12-31,81420053539.27,16800411032.05,16444723630.97,28.213589019,25.51,28.42,1.81,25.26,6.797579758013,28.99,44.326491617,,,1.32,2888.53,2926.34,218603211354.42,28992484939.71,3.1470000000000002,2026-02-25T09:50:36.418Z
mm1r3z5pov5vsks9u,002415,海康威视,2022Q1,2022,2022-03-31,16521549351.36,2283755331.73,2209658039.65,18.1090506411,5.29,9.28,0.247,5.11,6.989730683477,3.53,43.7221567617,,,1.32,2888.53,2926.34,218603211354.42,28992484939.71,3.1470000000000002,2026-02-25T09:50:36.418Z
mm1r3z5p9kzjkdeiv,002415,海康威视,2022Q2,2022,2022-06-30,37257516590.62,5758668046.56,5645272288.81,9.8973762216,-11.14,-9.26,0.608,-12.52,6.573988815055,8.81,43.144477573,,,1.32,2888.53,2926.34,218603211354.42,28992484939.71,3.1470000000000002,2026-02-25T09:50:36.418Z
mm1r3z5p2f9fqe29u,002415,海康威视,2022Q3,2022,2022-09-30,59721536891.77,8840604273.67,8525864001.24,7.3563244412,-19.38,-20.27,0.938,-20.44,6.923361006902,13.64,42.3517472788,,,1.32,2888.53,2926.34,218603211354.42,28992484939.71,3.1470000000000002,2026-02-25T09:50:36.418Z
mm1r3z5ps33dnqamj,002415,海康威视,2022Q4,2022,2022-12-31,83166321681.14,12837704462.49,12331058280.04,2.1447641778,-23.59,-25.02,1.37,-24.31,7.25160779641,19.62,42.288833393,,,1.32,2888.53,2926.34,218603211354.42,28992484939.71,3.1470000000000002,2026-02-25T09:50:36.418Z
mm1r3z5pixttidjre,002415,海康威视,2023Q1,2023,2023-03-31,16201189412.53,1811255388.03,1554094332.67,-1.9390429555,-20.69,-29.67,0.196,-20.65,7.520128518662,2.61,45.1653121934,,,1.32,2888.53,2926.34,218603211354.42,28992484939.71,3.1470000000000002,2026-02-25T09:50:36.418Z
mm1r3z5pxsfhmnhjx,002415,海康威视,2023Q2,2023,2023-06-30,37571352435.63,5337937850.82,5036198466.9,0.8423423613,-7.31,-10.79,0.568,-6.58,7.233321208372,7.6,45.1855677823,,,1.32,2888.53,2926.34,218603211354.42,28992484939.71,3.1470000000000002,2026-02-25T09:50:36.418Z
mm1r3z5p1xonk1910,002415,海康威视,2023Q3,2023,2023-09-30,61276013250.23,8851262013.63,8462093844.4,2.6028740039,0.12,-0.75,0.949,1.17,7.664321718518,12.59,44.8522129934,,,1.32,2888.53,2926.34,218603211354.42,28992484939.71,3.1470000000000002,2026-02-25T09:50:36.418Z
mm1r3z5p274d1jjrm,002415,海康威视,2023Q4,2023,2023-12-31,89341177610.4,14107726276.26,13665962325.65,7.4247072666,9.89,10.83,1.52,10.95,8.183209860199,19.64,44.3338784223,,,1.32,2888.53,2926.34,218603211354.42,28992484939.71,3.1470000000000002,2026-02-25T09:50:36.418Z
mm1r3z5pnfpwtfz4b,002415,海康威视,2024Q1,2024,2024-03-31,17817550424.43,1915795733.79,1760276683.16,9.9768046082,5.78,13.27,0.207,5.61,8.411469662603,2.47,45.5646786999,,,1.32,2888.53,2926.34,218603211354.42,28992484939.71,3.1470000000000002,2026-02-25T09:50:36.418Z
mm1r3z5pejzbogrmy,002415,海康威视,2024Q2,2024,2024-06-30,41209096206.36,5064118857.29,5243005903.72,9.6822273751,-5.13,4.11,0.539,-5.11,7.904314781958,6.51,44.8365920769,,,1.32,2888.53,2926.34,218603211354.42,28992484939.71,3.1470000000000002,2026-02-25T09:50:36.418Z
mm1r3z5pqks0nc6o3,002415,海康威视,2024Q3,2024,2024-09-30,64991467788.45,8107748494.46,8151135979.78,6.0634730315,-8.4,-3.67,0.878,-7.48,8.320808153406,10.52,44.5376145378,,,1.32,2888.53,2926.34,218603211354.42,28992484939.71,3.1470000000000002,2026-02-25T09:50:36.418Z
mm1r3z5pnq6woqbqz,002415,海康威视,2024Q4,2024,2024-12-31,92495525118.3,11977327023.54,11814861641.16,3.5306759909,-15.1,-13.55,1.297,-14.67,8.736805840694,15.34,43.8309498262,,,1.32,2888.53,2926.34,218603211354.42,28992484939.71,3.1470000000000002,2026-02-25T09:50:36.418Z
mm1r3z5ps1mwz9b1b,002415,海康威视,2025Q1,2025,2025-03-31,18531863690.67,2038683389.01,1926435015.1,4.0090430459,6.41,9.44,0.221,6.76,8.865467308882,2.51,44.9234984641,,,1.32,2888.53,2926.34,218603211354.42,28992484939.71,3.1470000000000002,2026-02-25T09:50:36.418Z
mm1r3z5pkme5dhz6d,002415,海康威视,2025Q2,2025,2025-06-30,41818040088.44,5657349798.68,5489000328.37,1.4776928837,11.71,4.69,0.615,14.1,8.507600037753,6.85,45.1923155878,,,1.32,2888.53,2926.34,218603211354.42,28992484939.71,3.1470000000000002,2026-02-25T09:50:36.418Z
mm1r3z5psmu94rizx,002415,海康威视,2025Q3,2025,2025-09-30,65757782457.01,9319124728.48,8970971794.87,1.1791004183,14.94,10.06,1.014,15.49,8.553755439659,11.43,45.3662272476,20.63,3.51,1.32,2888.53,2926.34,218603211354.42,28992484939.71,3.1470000000000002,2026-02-25T09:50:36.418Z
mm1r3zxislfjv46l7,300033,同花顺,2020Q4,2020,2020-12-31,2843697937.51,1723975028.38,1657632842.6,63.2344817125,92.05,,3.21,,9.717654438914,38.37,91.6641115885,,,10.55,1051.9,1805.85,9975248042.69,3651719779.5699997,6.780000000000001,2026-02-25T09:50:37.591Z
mm1r3zxi0f4ap9zsh,300033,同花顺,2021Q1,2021,2021-03-31,530334416.88,169542697.61,169048342.78,37.9505221895,33.66,,0.32,,8.837231101507,3.19,83.7376565305,,,10.55,1051.9,1805.85,9975248042.69,3651719779.5699997,6.780000000000001,2026-02-25T09:50:37.591Z
mm1r3zxi40olgcjq6,300033,同花顺,2021Q2,2021,2021-06-30,1327299207.96,577171252.93,573530388.11,33.8656143528,31.42,,1.07,,9.581134507571,11.13,88.3186939704,,,10.55,1051.9,1805.85,9975248042.69,3651719779.5699997,6.780000000000001,2026-02-25T09:50:37.591Z
mm1r3zxismib39l2y,300033,同花顺,2021Q3,2021,2021-09-30,2185008345.42,990652348.81,986972718.01,31.2878361121,28.31,,1.84,,10.351744102121,18.75,89.4495820685,,,10.55,1051.9,1805.85,9975248042.69,3651719779.5699997,6.780000000000001,2026-02-25T09:50:37.591Z
mm1r3zxi0tnyizshd,300033,同花顺,2021Q4,2021,2021-12-31,3509864834.4,1911204641.07,1886101020.96,23.4260779988,10.86,13.78,3.56,10.9,12.047460645926,33.59,91.415118499,,,10.55,1051.9,1805.85,9975248042.69,3651719779.5699997,6.780000000000001,2026-02-25T09:50:37.591Z
mm1r3zxiz88k9doyu,300033,同花顺,2022Q1,2022,2022-03-31,514981191.05,111876748.85,108203896.57,-2.8950083836,-34.01,-35.99,0.21,-34.38,10.45124914654,1.71,83.9810203278,,,10.55,1051.9,1805.85,9975248042.69,3651719779.5699997,6.780000000000001,2026-02-25T09:50:37.591Z
mm1r3zxinpgdl5wzl,300033,同花顺,2022Q2,2022,2022-06-30,1389497988.98,484940831.07,465006524.46,4.6861160353,-15.98,-18.92,0.9,-15.89,11.194733713876,7.76,87.5448583199,,,10.55,1051.9,1805.85,9975248042.69,3651719779.5699997,6.780000000000001,2026-02-25T09:50:37.591Z
mm1r3zxi4rgqxc68q,300033,同花顺,2022Q3,2022,2022-09-30,2275663278.79,882437333.92,847466008.56,4.1489513557,-10.92,-14.13,1.64,-10.87,11.989145031994,13.99,88.4207070094,,,10.55,1051.9,1805.85,9975248042.69,3651719779.5699997,6.780000000000001,2026-02-25T09:50:37.591Z
mm1r3zxilnttwuv6s,300033,同花顺,2022Q4,2022,2022-12-31,3559137454.21,1691066996.78,1615665288.39,1.403832402,-11.51,-14.34,3.15,-11.52,13.476678699665,25.55,89.6147264688,,,10.55,1051.9,1805.85,9975248042.69,3651719779.5699997,6.780000000000001,2026-02-25T09:50:37.591Z
mm1r3zxinl32r5vfu,300033,同花顺,2023Q1,2023,2023-03-31,609828431.36,122235551.26,115844834.98,18.4176125184,9.26,7.06,0.23,9.52,11.192429374554,1.67,82.3977092933,,,10.55,1051.9,1805.85,9975248042.69,3651719779.5699997,6.780000000000001,2026-02-25T09:50:37.591Z
mm1r3zxiwe1j7jcls,300033,同花顺,2023Q2,2023,2023-06-30,1470499130.06,459307724.24,448803081.84,5.8295256073,-5.29,-3.48,0.85,-5.56,11.895695612128,6.73,86.0056710505,,,10.55,1051.9,1805.85,9975248042.69,3651719779.5699997,6.780000000000001,2026-02-25T09:50:37.591Z
mm1r3zxizhd4b3ar7,300033,同花顺,2023Q3,2023,2023-09-30,2372398760.91,770622473.6,757941846.5,4.2508697584,-12.67,-10.56,1.43,-12.8,12.46910711529,11.39,88.0623205712,,,10.55,1051.9,1805.85,9975248042.69,3651719779.5699997,6.780000000000001,2026-02-25T09:50:37.591Z
mm1r3zxib8quhu6xs,300033,同花顺,2023Q4,2023,2023-12-31,3564260219.05,1402468555.23,1368922316.8,0.143932762,-17.07,-15.27,2.61,-17.14,13.61447445558,20.19,89.0860161382,,,10.55,1051.9,1805.85,9975248042.69,3651719779.5699997,6.780000000000001,2026-02-25T09:50:37.591Z
mm1r3zxi00l802r8s,300033,同花顺,2024Q1,2024,2024-03-31,618822422.15,103866228.77,98960278.13,1.4748395331,-15.03,-14.58,0.19,-17.39,11.614569355171,1.41,82.5386509437,,,10.55,1051.9,1805.85,9975248042.69,3651719779.5699997,6.780000000000001,2026-02-25T09:50:37.591Z
mm1r3zxisy4rm6ou8,300033,同花顺,2024Q2,2024,2024-06-30,1389443967.18,362892634.66,344418463.91,-5.5120850617,-20.99,-23.26,0.68,-20,12.103940170629,5.25,84.8548547879,,,10.55,1051.9,1805.85,9975248042.69,3651719779.5699997,6.780000000000001,2026-02-25T09:50:37.591Z
mm1r3zxixu8zsqnt9,300033,同花顺,2024Q3,2024,2024-09-30,2334720341.07,650963893.65,631037084.8,-1.5881992716,-15.53,-16.74,1.21,-15.38,12.615065523772,9.5,85.6870943851,,,10.55,1051.9,1805.85,9975248042.69,3651719779.5699997,6.780000000000001,2026-02-25T09:50:37.591Z
mm1r3zxix7ikvsvzh,300033,同花顺,2024Q4,2024,2024-12-31,4186794650.06,1823266690.03,1764896337.92,17.466020794,30,28.93,3.39,29.89,14.832789199684,24.8,89.4096110994,,,10.55,1051.9,1805.85,9975248042.69,3651719779.5699997,6.780000000000001,2026-02-25T09:50:37.591Z
mm1r3zxi43sw1qs3t,300033,同花顺,2025Q1,2025,2025-03-31,748187189.04,120393590.22,112534527.21,20.9049902298,15.91,13.72,0.22,15.79,12.053409176023,1.5,84.2978284979,,,10.55,1051.9,1805.85,9975248042.69,3651719779.5699997,6.780000000000001,2026-02-25T09:50:37.591Z
mm1r3zxi0xmqr56j6,300033,同花顺,2025Q2,2025,2025-06-30,1779405283.66,501859087.71,484395150.84,28.0659980317,38.29,40.64,0.93,36.76,12.754004882589,6.77,86.9481173799,,,10.55,1051.9,1805.85,9975248042.69,3651719779.5699997,6.780000000000001,2026-02-25T09:50:37.591Z
mm1r3zxiljuyzz3nw,300033,同花顺,2025Q3,2025,2025-09-30,3260860919.93,1206200411.61,1170558293.88,39.6681590753,85.29,85.5,2.24,85.12,13.955859194996,16.1,89.0408362271,112.29,24.07,10.55,1051.9,1805.85,9975248042.69,3651719779.5699997,6.780000000000001,2026-02-25T09:50:37.591Z
mm1r40p95hg5redvu,002315,焦点科技,2020Q4,2020,2020-12-31,1158561329.85,173377334.13,148375918.31,14.7272605487,14.88,,0.57,,7.195051707267,8.43,75.1978484765,,,2.05,91.14,142.91,4439732551.71,1274230695.02,4.0186,2026-02-25T09:50:39.068Z
mm1r40p97ambzneyt,002315,焦点科技,2021Q1,2021,2021-03-31,330712508.4,19491415.31,17516656.79,40.1282477597,195.87,,0.06,,7.499487243044,0.87,76.384213408,,,2.05,91.14,142.91,4439732551.71,1274230695.02,4.0186,2026-02-25T09:50:39.068Z
mm1r40p9b7khs2wz2,002315,焦点科技,2021Q2,2021,2021-06-30,734599497.96,128043407.2,96217456.13,35.2594773774,168.5,,0.42,,7.005225099476,5.83,77.3434075986,,,2.05,91.14,142.91,4439732551.71,1274230695.02,4.0186,2026-02-25T09:50:39.068Z
mm1r40p9311mvl91z,002315,焦点科技,2021Q3,2021,2021-09-30,1087832003.75,192627063.21,158341766.71,29.296238955,40.58,,0.63,,6.734040073052,9.08,76.2081624073,,,2.05,91.14,142.91,4439732551.71,1274230695.02,4.0186,2026-02-25T09:50:39.068Z
mm1r40p9xi6t9fnty,002315,焦点科技,2021Q4,2021,2021-12-31,1474847079.86,245025889.35,202975505.72,27.2998711299,41.33,36.8,0.8,40.35,6.842726458522,11.64,75.2947471385,,,2.05,91.14,142.91,4439732551.71,1274230695.02,4.0186,2026-02-25T09:50:39.068Z
mm1r40p9ohh4qu0vr,002315,焦点科技,2022Q1,2022,2022-03-31,347858705.54,40559603.32,35790594.69,5.1846231106,108.09,104.32,0.1325,120.83,6.997083074855,1.91,80.5225717204,,,2.05,91.14,142.91,4439732551.71,1274230695.02,4.0186,2026-02-25T09:50:39.068Z
mm1r40p98kkfqmhv2,002315,焦点科技,2022Q2,2022,2022-06-30,727367376.29,142645628.7,135854041.79,-0.984498586,11.4,41.19,0.4656,10.86,6.59570291467,6.8,79.9000104601,,,2.05,91.14,142.91,4439732551.71,1274230695.02,4.0186,2026-02-25T09:50:39.068Z
mm1r40p9g2a52e2xh,002315,焦点科技,2022Q3,2022,2022-09-30,1112144949.44,238717918.52,225342205.31,2.2349908447,23.93,42.31,0.7775,23.41,6.911539088917,10.57,78.5681183199,,,2.05,91.14,142.91,4439732551.71,1274230695.02,4.0186,2026-02-25T09:50:39.068Z
mm1r40p9amddizmvf,002315,焦点科技,2022Q4,2022,2022-12-31,1474855118.74,300399006.04,278979020.85,0.0005450653,22.6,37.44,0.9775,22.19,7.234847810841,14.34,80.2260066393,,,2.05,91.14,142.91,4439732551.71,1274230695.02,4.0186,2026-02-25T09:50:39.068Z
mm1r40p9ocwawgn9j,002315,焦点科技,2023Q1,2023,2023-03-31,346067683.77,48584409.56,46472377.55,-0.5148704751,19.79,29.85,0.1561,17.81,6.488217435347,2.13,78.5552990119,,,2.05,91.14,142.91,4439732551.71,1274230695.02,4.0186,2026-02-25T09:50:39.068Z
mm1r40p9a3v4zx8uf,002315,焦点科技,2023Q2,2023,2023-06-30,739036855.22,189723654.97,186562885.94,1.6043445596,33,37.33,0.609,30.8,7.073878099401,8.51,78.4100645421,,,2.05,91.14,142.91,4439732551.71,1274230695.02,4.0186,2026-02-25T09:50:39.068Z
mm1r40p92vx4autyp,002315,焦点科技,2023Q3,2023,2023-09-30,1124687762.91,297668026.11,294664858.67,1.1278038421,24.69,30.76,0.9554,22.88,7.56385877559,13.15,78.4805708082,,,2.05,91.14,142.91,4439732551.71,1274230695.02,4.0186,2026-02-25T09:50:39.068Z
mm1r40p9zz9w2or6e,002315,焦点科技,2023Q4,2023,2023-12-31,1526570607.98,378864573.68,367454372.59,3.5064792862,26.12,31.71,1.213,24.09,7.809500958065,16.66,79.4495072769,,,2.05,91.14,142.91,4439732551.71,1274230695.02,4.0186,2026-02-25T09:50:39.068Z
mm1r40p9m3pvtfl8j,002315,焦点科技,2024Q1,2024,2024-03-31,384246060.36,76726553.95,72973925.15,11.0320548206,57.92,57.03,0.2424,55.29,7.017720535678,3.5,79.0305240433,,,2.05,91.14,142.91,4439732551.71,1274230695.02,4.0186,2026-02-25T09:50:39.068Z
mm1r40p9juwue7w3q,002315,焦点科技,2024Q2,2024,2024-06-30,793734661.05,233703930.96,230477092.42,7.4012284291,23.18,23.54,0.7385,21.26,7.575621178288,9.59,80.1652098753,,,2.05,91.14,142.91,4439732551.71,1274230695.02,4.0186,2026-02-25T09:50:39.068Z
mm1r40p9l125iq5c0,002315,焦点科技,2024Q3,2024,2024-09-30,1212180457.04,357714192.07,352884188.86,7.7792874623,20.17,19.76,1.1297,18.24,7.57805624231,14.46,80.0823833528,,,2.05,91.14,142.91,4439732551.71,1274230695.02,4.0186,2026-02-25T09:50:39.068Z
mm1r40p9vjx9t21fa,002315,焦点科技,2024Q4,2024,2024-12-31,1668820342.7,451186149.5,437549981.54,9.3182545227,19.09,19.08,1.4242,17.41,7.916757459258,18.37,80.2902333609,,,2.05,91.14,142.91,4439732551.71,1274230695.02,4.0186,2026-02-25T09:50:39.068Z
mm1r40p90oguvgxga,002315,焦点科技,2025Q1,2025,2025-03-31,443049123.31,111973222.11,109000907.12,15.3034914385,45.94,49.37,0.353,45.63,7.656362814257,4.38,80.485540394,,,2.05,91.14,142.91,4439732551.71,1274230695.02,4.0186,2026-02-25T09:50:39.068Z
mm1r40p93ram0s0dx,002315,焦点科技,2025Q2,2025,2025-06-30,919354164.04,294755629.15,286180015.14,15.8263849564,26.12,24.17,0.9291,25.81,8.378763666822,11.4,80.0548516815,,,2.05,91.14,142.91,4439732551.71,1274230695.02,4.0186,2026-02-25T09:50:39.068Z
mm1r40p9epk0ykp48,002315,焦点科技,2025Q3,2025,2025-09-30,1408508921.66,416315694.26,404406158.19,16.1963067033,16.38,14.6,1.3123,16.16,8.253884306979,15.82,79.5232905758,28.35,5.21,2.05,91.14,142.91,4439732551.71,1274230695.02,4.0186,2026-02-25T09:50:39.068Z
mm1r41h60oslqhgeh,688083,中望软件,2020Q4,2020,2020-12-31,456090102.13,120381858.67,95434123.44,26.3134711464,35.15,,2.59,,10.565768122494,28.16,98.7602566568,,,5.94,112.05,112.05,1885030938.81,-77260093.10999998,-0.42000000000000004,2026-02-25T09:50:40.166Z
mm1r41h6mk3m12avc,688083,中望软件,2021Q1,2021,2021-03-31,85205724.71,5785098.37,-2821903.25,52.1171011568,52.83,,0.09,,43.115595443145,1.46,97.3598342392,,,5.94,112.05,112.05,1885030938.81,-77260093.10999998,-0.42000000000000004,2026-02-25T09:50:40.166Z
mm1r41h64woydrohe,688083,中望软件,2021Q2,2021,2021-06-30,205988543.46,48655340.36,16352541.64,47.0597638097,74.29,,0.9,,43.103271576227,3.06,98.1446092604,,,5.94,112.05,112.05,1885030938.81,-77260093.10999998,-0.42000000000000004,2026-02-25T09:50:40.166Z
mm1r41h6yw1lw3y01,688083,中望软件,2021Q3,2021,2021-09-30,356459476.79,98419307.34,43778765.61,34.3292077485,44.74,,1.73,,43.929213029631,5,98.0702381455,,,5.94,112.05,112.05,1885030938.81,-77260093.10999998,-0.42000000000000004,2026-02-25T09:50:40.166Z
mm1r41h6ip9yf5i01,688083,中望软件,2021Q4,2021,2021-12-31,618680713.15,181650184.98,99403765.64,35.64879182,50.89,4.16,2.23,-13.9,45.401704700113,8.3,97.8746626716,,,5.94,112.05,112.05,1885030938.81,-77260093.10999998,-0.42000000000000004,2026-02-25T09:50:40.166Z
mm1r41h6budvw42w1,688083,中望软件,2022Q1,2022,2022-03-31,86262394.84,-19714180.11,-36862637.51,1.2401398305,-440.78,,-0.23,-355.56,45.16214985741,-0.7,97.8951068964,,,5.94,112.05,112.05,1885030938.81,-77260093.10999998,-0.42000000000000004,2026-02-25T09:50:40.166Z
mm1r41h68fjm30n2k,688083,中望软件,2022Q2,2022,2022-06-30,194191836.39,-36390768.6,-69446924.3,-5.7268753261,-174.79,,-0.3,-133.33,31.171570127267,-1.31,98.2134128785,,,5.94,112.05,112.05,1885030938.81,-77260093.10999998,-0.42000000000000004,2026-02-25T09:50:40.166Z
mm1r41h6t05wernr6,688083,中望软件,2022Q3,2022,2022-09-30,349648105.59,-19033184.5,-74297199.84,-1.9108402619,-119.34,,-0.16,-109.25,31.085396546357,-0.69,98.6180200113,,,5.94,112.05,112.05,1885030938.81,-77260093.10999998,-0.42000000000000004,2026-02-25T09:50:40.166Z
mm1r41h6qqa821rrf,688083,中望软件,2022Q4,2022,2022-12-31,600977013.34,6003513.77,-67711608.8,-2.8615244396,-96.53,,0.05,-97.76,31.273439868415,0.22,98.3806927347,,,5.94,112.05,112.05,1885030938.81,-77260093.10999998,-0.42000000000000004,2026-02-25T09:50:40.166Z
mm1r41h6p1hww9rr3,688083,中望软件,2023Q1,2023,2023-03-31,115609098.28,-17669708.67,-51063846.99,34.0202744132,10.3705628567,,-0.2,13.04,31.068972724787,-0.65,95.965628874,,,5.94,112.05,112.05,1885030938.81,-77260093.10999998,-0.42000000000000004,2026-02-25T09:50:40.166Z
mm1r41h68ffvlbdfu,688083,中望软件,2023Q2,2023,2023-06-30,275686869.6,-1288170.1,-57157043.64,41.9662508605,96.4601734188,,-0.01,96.67,21.905974078273,-0.05,97.4734218608,,,5.94,112.05,112.05,1885030938.81,-77260093.10999998,-0.42000000000000004,2026-02-25T09:50:40.166Z
mm1r41h63qdhc1302,688083,中望软件,2023Q3,2023,2023-09-30,465269020.04,4146643.72,-69100959.83,33.0677937622,121.7863895556,,0.03,118.75,21.807668262805,0.15,97.5025636547,,,5.94,112.05,112.05,1885030938.81,-77260093.10999998,-0.42000000000000004,2026-02-25T09:50:40.166Z
mm1r41h6qul47mefd,688083,中望软件,2023Q4,2023,2023-12-31,827590280.49,61406393.21,-77740166.42,37.7074766788,922.84,,0.51,920,22.11651641611,2.26,93.6743995702,,,5.94,112.05,112.05,1885030938.81,-77260093.10999998,-0.42000000000000004,2026-02-25T09:50:40.166Z
mm1r41h6bqzcvmt4q,688083,中望软件,2024Q1,2024,2024-03-31,120047502.54,-25611101.02,-78290665.56,3.8391478924,-44.9435386758,,-0.21,-5,21.872524806251,-0.96,95.1157537342,,,5.94,112.05,112.05,1885030938.81,-77260093.10999998,-0.42000000000000004,2026-02-25T09:50:40.166Z
mm1r41h6xm98guuxh,688083,中望软件,2024Q2,2024,2024-06-30,308201855.08,5976248.99,-83967822.66,11.7941726884,563.93321736,,0.04,500,21.446595469693,0.22,97.7131022563,,,5.94,112.05,112.05,1885030938.81,-77260093.10999998,-0.42000000000000004,2026-02-25T09:50:40.166Z
mm1r41h6bks4lvjtt,688083,中望软件,2024Q3,2024,2024-09-30,512305768,10768244.12,-94854140.89,10.1095808949,159.69,,0.06,100,21.493459258601,0.41,97.3513605219,,,5.94,112.05,112.05,1885030938.81,-77260093.10999998,-0.42000000000000004,2026-02-25T09:50:40.166Z
mm1r41h6jeiqhkwf7,688083,中望软件,2024Q4,2024,2024-12-31,888057263.42,63964303.34,-91353728.89,7.3063911401,4.17,,0.53,3.92,22.109504733731,2.4,94.4168680273,,,5.94,112.05,112.05,1885030938.81,-77260093.10999998,-0.42000000000000004,2026-02-25T09:50:40.166Z
mm1r41h6hkadd3y2r,688083,中望软件,2025Q1,2025,2025-03-31,125516674.99,-47969790.03,-74060639.84,4.5558402585,-87.3007723976,,-0.4,-90.48,21.673119726695,-1.81,93.7159295842,,,5.94,112.05,112.05,1885030938.81,-77260093.10999998,-0.42000000000000004,2026-02-25T09:50:40.166Z
mm1r41h6hy0ptas4w,688083,中望软件,2025Q2,2025,2025-06-30,333599725.85,-52405919.53,-114858688.94,8.2406612262,-976.9,,-0.31,-875,15.12340957322,-1.98,95.132653578,,,5.94,112.05,112.05,1885030938.81,-77260093.10999998,-0.42000000000000004,2026-02-25T09:50:40.166Z
mm1r41h6qi83rmaak,688083,中望软件,2025Q3,2025,2025-09-30,537857274.55,-40848686.89,-133749892.08,4.9875500426,-479.34,,-0.24,-500,15.298107890455,-1.54,96.0367722463,-205.73,4.32,5.94,112.05,112.05,1885030938.81,-77260093.10999998,-0.42000000000000004,2026-02-25T09:50:40.166Z
mm1r4297gs1xpc28w,002236,大华股份,2020Q4,2020,2020-12-31,26465968181.1,3902778775.35,2735061861.04,1.2104949163,22.42,,1.34,,6.600736128797,22.09,42.7025263089,,,0.53,402.46,625.14,76530933576.62,9570068294.04,2.95,2026-02-25T09:50:41.270Z
mm1r42970x6sh1k5c,002236,大华股份,2021Q1,2021,2021-03-31,5114399101.72,347573484.46,311445134.94,46.0604923998,9.33,,0.12,,6.920249224792,1.74,40.9049951914,,,0.53,402.46,625.14,76530933576.62,9570068294.04,2.95,2026-02-25T09:50:41.270Z
mm1r4297wlks62cnv,002236,大华股份,2021Q2,2021,2021-06-30,13505005733.89,1643175887.55,1439592047.22,37.2693059444,20.03,,0.56,,7.18053187472,7.92,41.4238313937,,,0.53,402.46,625.14,76530933576.62,9570068294.04,2.95,2026-02-25T09:50:41.270Z
mm1r42978csu9czo1,002236,大华股份,2021Q3,2021,2021-09-30,21485105535.26,2399047215.98,2137713932.42,32.9013579235,-15.08,,0.81,,7.564185794743,11.36,40.5721902426,,,0.53,402.46,625.14,76530933576.62,9570068294.04,2.95,2026-02-25T09:50:41.270Z
mm1r4297lhce2m62f,002236,大华股份,2021Q4,2021,2021-12-31,32835479336.85,3378410889.6,3103383711.14,24.0667982073,-13.44,13.47,1.15,-14.18,7.886860047801,15.58,38.9120744894,,,0.53,402.46,625.14,76530933576.62,9570068294.04,2.95,2026-02-25T09:50:41.270Z
mm1r4297qx8kl2ouh,002236,大华股份,2022Q1,2022,2022-03-31,5847968885.65,355574576.71,345713991.57,14.3432252615,2.3,11,0.12,,8.012334390635,1.49,39.0287765504,,,0.53,402.46,625.14,76530933576.62,9570068294.04,2.95,2026-02-25T09:50:41.270Z
mm1r42971r0vrbjfz,002236,大华股份,2022Q2,2022,2022-06-30,14087085840.97,1519848967.71,1255639844.11,4.3101063306,-7.51,-12.78,0.51,-8.93,8.031605363476,6.27,37.5131470008,,,0.53,402.46,625.14,76530933576.62,9570068294.04,2.95,2026-02-25T09:50:41.270Z
mm1r42975gs1ydlq4,002236,大华股份,2022Q3,2022,2022-09-30,21171868473.02,1693101190.89,1583860680.57,-1.4579265702,-29.43,-25.91,0.57,-29.63,8.281884160564,6.97,37.5279010922,,,0.53,402.46,625.14,76530933576.62,9570068294.04,2.95,2026-02-25T09:50:41.270Z
mm1r4297sc64zmnb3,002236,大华股份,2022Q4,2022,2022-12-31,30565370012.64,2324356092.2,1580552515.57,-6.9135866753,-31.2,-49.07,0.79,-31.3,8.518109480681,9.49,37.8715269501,,,0.53,402.46,625.14,76530933576.62,9570068294.04,2.95,2026-02-25T09:50:41.270Z
mm1r4297yx1igzrzn,002236,大华股份,2023Q1,2023,2023-03-31,6015629882.58,495351177.84,398105107.61,2.8669953655,39.31,15.15,0.17,41.67,10.409958441747,1.9,42.5274039978,,,0.53,402.46,625.14,76530933576.62,9570068294.04,2.95,2026-02-25T09:50:41.270Z
mm1r4297hd7n5d0qx,002236,大华股份,2023Q2,2023,2023-06-30,14633547280.64,1976018373.13,1754769829.96,3.8791659669,30.01,39.75,0.63,23.53,9.826377425774,6.7,42.8437429474,,,0.53,402.46,625.14,76530933576.62,9570068294.04,2.95,2026-02-25T09:50:41.270Z
mm1r42978cp2vpm2b,002236,大华股份,2023Q3,2023,2023-09-30,22278484044.04,2590132339.63,2402367085.12,5.2268205446,52.98,51.68,0.82,43.86,9.945718967235,8.52,42.6483538686,,,0.53,402.46,625.14,76530933576.62,9570068294.04,2.95,2026-02-25T09:50:41.270Z
mm1r42972t8n1u0lu,002236,大华股份,2023Q4,2023,2023-12-31,32218317636.77,7361892404.52,2961742139.01,5.407909747,216.73,87.39,2.31,192.41,10.538625171706,22.43,41.6356187704,,,0.53,402.46,625.14,76530933576.62,9570068294.04,2.95,2026-02-25T09:50:41.270Z
mm1r4297c8yp9oscq,002236,大华股份,2024Q1,2024,2024-03-31,6180916716.7,561037985.01,501290511.61,2.7476230644,13.26,25.92,0.17,,10.724881737782,1.6,41.5315464364,,,0.53,402.46,625.14,76530933576.62,9570068294.04,2.95,2026-02-25T09:50:41.270Z
mm1r4297ck47ame4n,002236,大华股份,2024Q2,2024,2024-06-30,14866622569.81,1809589445.46,1762237469.53,1.592746343,-8.42,0.43,0.56,-11.11,10.754279872146,5.1,40.9232192623,,,0.53,402.46,625.14,76530933576.62,9570068294.04,2.95,2026-02-25T09:50:41.270Z
mm1r4297rjsvpfa29,002236,大华股份,2024Q3,2024,2024-09-30,22450081877.91,2545010271.97,2261467748.56,0.7702401722,-1.74,-5.87,0.78,-4.88,10.862652222798,7.16,40.3811670276,,,0.53,402.46,625.14,76530933576.62,9570068294.04,2.95,2026-02-25T09:50:41.270Z
mm1r42972q0aywjim,002236,大华股份,2024Q4,2024,2024-12-31,32180931827.17,2905728684.03,2347399066.67,-0.1160389876,-60.53,-20.74,0.9,-61.04,10.932067340673,8.19,38.8405323059,,,0.53,402.46,625.14,76530933576.62,9570068294.04,2.95,2026-02-25T09:50:41.270Z
mm1r4297wx95d5n6n,002236,大华股份,2025Q1,2025,2025-03-31,6256129778.73,653304288.99,503508968.09,1.2168593346,16.45,0.44,0.2,17.65,11.137832576562,1.8,40.1261302615,,,0.53,402.46,625.14,76530933576.62,9570068294.04,2.95,2026-02-25T09:50:41.270Z
mm1r42970wj5cof1b,002236,大华股份,2025Q2,2025,2025-06-30,15181329651.13,2475566750.61,1795933411.7,2.1168700547,36.8,1.91,0.76,35.71,11.299725165591,6.72,41.6090308135,,,0.53,402.46,625.14,76530933576.62,9570068294.04,2.95,2026-02-25T09:50:41.270Z
mm1r42970hb1a8err,002236,大华股份,2025Q3,2025,2025-09-30,22912542319.59,3535468570.41,2556444810.28,2.0599499111,38.92,13.04,1.09,39.74,11.62943089246,9.55,41.6527029223,16.22,1.64,0.53,402.46,625.14,76530933576.62,9570068294.04,2.95,2026-02-25T09:50:41.270Z
mm1r430qf5hsnfth5,688111,金山办公,2020Q4,2020,2020-12-31,2260968393.13,878141265.18,612028724.54,43.1426964902,119.22,,1.9049,,14.869644077918,13.64,87.6984153177,,,10.33,1369.73,1369.73,13257815081,3973530086.36,8.6,2026-02-25T09:50:42.408Z
mm1r430qcoczijdab,688111,金山办公,2021Q1,2021,2021-03-31,773353031.7,307396427.3,257495470.2,107.7425316477,178.65,,0.6668,,15.52249073,4.39,89.7432336723,,,10.33,1369.73,1369.73,13257815081,3973530086.36,8.6,2026-02-25T09:50:42.408Z
mm1r430qf69ryyf4w,688111,金山办公,2021Q2,2021,2021-06-30,1565084949.82,548768162.85,458796227.17,70.9039394394,53.54,,1.1904,,15.491983417657,7.69,88.0079061784,,,10.33,1369.73,1369.73,13257815081,3973530086.36,8.6,2026-02-25T09:50:42.408Z
mm1r430qhmdjqugod,688111,金山办公,2021Q3,2021,2021-09-30,2372330475.71,847906606.17,702523806.17,57.8216249178,42.44,,1.8393,,16.283020824295,11.78,88.2323552807,,,10.33,1369.73,1369.73,13257815081,3973530086.36,8.6,2026-02-25T09:50:42.408Z
mm1r430q0pbf8078l,688111,金山办公,2021Q4,2021,2021-12-31,3280058758.03,1041253876.4,840423962.07,45.0731805007,18.57,37.32,2.26,18.64,16.745152927614,14.34,86.9102105845,,,10.33,1369.73,1369.73,13257815081,3973530086.36,8.6,2026-02-25T09:50:42.408Z
mm1r430q8vshpcduc,688111,金山办公,2022Q1,2022,2022-03-31,868145318.07,250781948.53,201405478.53,12.257311019,-18.42,-21.78,0.54,-19.02,17.378684485141,3.19,86.5306359528,,,10.33,1369.73,1369.73,13257815081,3973530086.36,8.6,2026-02-25T09:50:42.408Z
mm1r430qunprb2gk4,688111,金山办公,2022Q2,2022,2022-06-30,1791525427.69,519710379.93,411894945.31,14.4682547676,-5.3,-10.22,1.13,-5.07,17.419371900065,6.48,85.1125715674,,,10.33,1369.73,1369.73,13257815081,3973530086.36,8.6,2026-02-25T09:50:42.408Z
mm1r430qvs5186ku0,688111,金山办公,2022Q3,2022,2022-09-30,2795348667.69,813131492.09,662640561.51,17.8313348967,-4.1,-5.68,1.76,-4.31,18.180431222845,10.1,85.0758962064,,,10.33,1369.73,1369.73,13257815081,3973530086.36,8.6,2026-02-25T09:50:42.408Z
mm1r430qmff2yhmgs,688111,金山办公,2022Q4,2022,2022-12-31,3884959481.38,1117529482.04,938853046.53,18.4417648577,7.33,11.71,2.42,7.08,18.915643830559,13.64,84.9957081353,,,10.33,1369.73,1369.73,13257815081,3973530086.36,8.6,2026-02-25T09:50:42.408Z
mm1r430qqsplaqop7,688111,金山办公,2023Q1,2023,2023-03-31,1051441001.94,267286859.36,250491196.14,21.1134795126,6.58,24.37,0.58,7.41,19.588496706785,3.01,86.8198258928,,,10.33,1369.73,1369.73,13257815081,3973530086.36,8.6,2026-02-25T09:50:42.408Z
mm1r430qtjnbr6g84,688111,金山办公,2023Q2,2023,2023-06-30,2172147014.95,599317988.34,576164443.25,21.2456703866,15.32,39.88,1.3,15.04,19.740504878146,6.65,86.0700341124,,,10.33,1369.73,1369.73,13257815081,3973530086.36,8.6,2026-02-25T09:50:42.408Z
mm1r430qezm5ditvi,688111,金山办公,2023Q3,2023,2023-09-30,3270364301.43,893272523.84,860417886.54,16.9930727866,9.86,29.85,1.94,10.23,20.505187100975,9.82,85.6479454162,,,10.33,1369.73,1369.73,13257815081,3973530086.36,8.6,2026-02-25T09:50:42.408Z
mm1r430q19r6f4bkh,688111,金山办公,2023Q4,2023,2023-12-31,4555968287.39,1317737042.69,1262287835.3,17.2719640765,17.92,34.45,2.86,18.18,21.547097896031,14.18,85.2975241063,,,10.33,1369.73,1369.73,13257815081,3973530086.36,8.6,2026-02-25T09:50:42.408Z
mm1r430qnbuvecq53,688111,金山办公,2024Q1,2024,2024-03-31,1225297495.19,367017201.69,352094578.62,16.5350688179,37.31,40.56,0.79,36.21,22.383638811084,3.62,84.7998569359,,,10.33,1369.73,1369.73,13257815081,3973530086.36,8.6,2026-02-25T09:50:42.408Z
mm1r430q9b3bees22,688111,金山办公,2024Q2,2024,2024-06-30,2412993928.06,721437815.34,687649317.05,11.0879655683,20.38,19.35,1.56,20,22.423661849948,7.03,84.9182485319,,,10.33,1369.73,1369.73,13257815081,3973530086.36,8.6,2026-02-25T09:50:42.408Z
mm1r430q0b0pvyomz,688111,金山办公,2024Q3,2024,2024-09-30,3626818036.47,1039877046.95,990823684.28,10.8995115585,16.41,15.16,2.25,15.98,23.143306860567,10.06,85.1037520874,,,10.33,1369.73,1369.73,13257815081,3973530086.36,8.6,2026-02-25T09:50:42.408Z
mm1r430qu4rnycuq0,688111,金山办公,2024Q4,2024,2024-12-31,5120838798.82,1645080509.02,1556338879.94,12.3984732948,24.84,23.3,3.56,24.48,24.551195661188,15.51,85.1438026505,,,10.33,1369.73,1369.73,13257815081,3973530086.36,8.6,2026-02-25T09:50:42.408Z
mm1r430qk9axhwfjh,688111,金山办公,2025Q1,2025,2025-03-31,1301469310.66,402807538.27,389837879.31,6.2165976646,9.75,10.72,0.87,10.13,25.478989645612,3.48,85.9578426842,,,10.33,1369.73,1369.73,13257815081,3973530086.36,8.6,2026-02-25T09:50:42.408Z
mm1r430qk0l2gfa4q,688111,金山办公,2025Q2,2025,2025-06-30,2657121733.79,747204516.37,727320191.45,10.1172159155,3.57,5.77,1.62,3.85,25.122790336592,6.35,85.0319212138,,,10.33,1369.73,1369.73,13257815081,3973530086.36,8.6,2026-02-25T09:50:42.408Z
mm1r430qzxvcv4bgm,688111,金山办公,2025Q3,2025,2025-09-30,4178385237.73,1178437522.7,1148772059.65,15.2080196942,13.32,15.94,2.55,13.33,26.186745968715,9.97,85.5532434119,87.17,11.27,10.33,1369.73,1369.73,13257815081,3973530086.36,8.6,2026-02-25T09:50:42.408Z
mm1r43stkl2xu5zab,002230,科大讯飞,2020Q4,2020,2020-12-31,13024657865.85,1363789616.73,767389240.68,29.2296842341,66.48,,0.64,,5.694156821166,10.97,45.1161637255,,,2.2,1228.61,1297.41,55901281301.29,61308268.81999993,0.02779999999999999,2026-02-25T09:50:43.487Z
mm1r43starqcq7rfb,002230,科大讯飞,2021Q1,2021,2021-03-31,2501303217.85,139470569.39,105904298.59,77.5459142285,206.1054634242,,0.06,,5.772795073811,1.09,42.068812998,,,2.2,1228.61,1297.41,55901281301.29,61308268.81999993,0.02779999999999999,2026-02-25T09:50:43.487Z
mm1r43stcfn3kl6rm,002230,科大讯飞,2021Q2,2021,2021-06-30,6318650532.62,418577837.74,209458354.88,45.2830097134,62.12,,0.19,,5.62447644495,3.25,42.7938180813,,,2.2,1228.61,1297.41,55901281301.29,61308268.81999993,0.02779999999999999,2026-02-25T09:50:43.487Z
mm1r43stx1mziytlq,002230,科大讯飞,2021Q3,2021,2021-09-30,10867963799.76,728765412.67,514555404.47,49.2016986399,31.48,,0.33,,6.683752595262,5.43,43.1200171858,,,2.2,1228.61,1297.41,55901281301.29,61308268.81999993,0.02779999999999999,2026-02-25T09:50:43.487Z
mm1r43str4fw6jg2b,002230,科大讯飞,2021Q4,2021,2021-12-31,18313605605.92,1556463894.56,978739466.81,40.6071913331,14.13,27.54,0.7,9.37,7.219610826294,10.93,41.1347568741,,,2.2,1228.61,1297.41,55901281301.29,61308268.81999993,0.02779999999999999,2026-02-25T09:50:43.487Z
mm1r43stctokqr1xu,002230,科大讯飞,2022Q1,2022,2022-03-31,3505985011.99,110785750.36,145859876.97,40.1663335724,-20.57,37.73,0.05,-16.67,7.287284676668,0.66,40.5333790595,,,2.2,1228.61,1297.41,55901281301.29,61308268.81999993,0.02779999999999999,2026-02-25T09:50:43.487Z
mm1r43st1rzhnc3y7,002230,科大讯飞,2022Q2,2022,2022-06-30,8022667214.65,278081110.8,279014155.61,26.9680475797,-33.57,33.21,0.12,-36.84,7.293642964928,1.65,40.1188964878,,,2.2,1228.61,1297.41,55901281301.29,61308268.81999993,0.02779999999999999,2026-02-25T09:50:43.487Z
mm1r43stmiwsq3y1m,002230,科大讯飞,2022Q3,2022,2022-09-30,12660799886.28,420235989.99,426866474.69,16.4965224356,-42.34,-17.04,0.18,-45.45,6.857775728189,2.57,40.1844668977,,,2.2,1228.61,1297.41,55901281301.29,61308268.81999993,0.02779999999999999,2026-02-25T09:50:43.487Z
mm1r43stl5y508v0m,002230,科大讯飞,2022Q4,2022,2022-12-31,18820234052.91,561213020.79,417818753.6,2.7664047042,-63.94,-57.31,0.24,-65.71,7.057569952969,3.38,40.8275925725,,,2.2,1228.61,1297.41,55901281301.29,61308268.81999993,0.02779999999999999,2026-02-25T09:50:43.487Z
mm1r43strx0snngd6,002230,科大讯飞,2023Q1,2023,2023-03-31,2887584461.77,-57895269,-338131767.1,-17.6384253813,-152.26,,-0.03,-160,7.037835821662,-0.35,41.8835715198,,,2.2,1228.61,1297.41,55901281301.29,61308268.81999993,0.02779999999999999,2026-02-25T09:50:43.487Z
mm1r43st2vau1ukw8,002230,科大讯飞,2023Q2,2023,2023-06-30,7841552405.17,73571996.11,-304109160.61,-2.2575386045,-73.54,,0.0318,-73.5,7.13612856805,0.44,40.1332244683,,,2.2,1228.61,1297.41,55901281301.29,61308268.81999993,0.02779999999999999,2026-02-25T09:50:43.487Z
mm1r43st7lqepb2hv,002230,科大讯飞,2023Q3,2023,2023-09-30,12613745271.17,99362112.37,-324297905.67,-0.3716559422,-76.36,,0.04,-77.78,7.050995191415,0.6,40.3029845752,,,2.2,1228.61,1297.41,55901281301.29,61308268.81999993,0.02779999999999999,2026-02-25T09:50:43.487Z
mm1r43stpfu90zk6l,002230,科大讯飞,2023Q4,2023,2023-12-31,19650329209.04,657312908.24,118061711.15,4.410652672,17.12,-71.74,0.28,16.67,7.356164197282,3.94,42.6648489552,,,2.2,1228.61,1297.41,55901281301.29,61308268.81999993,0.02779999999999999,2026-02-25T09:50:43.487Z
mm1r43stgo2mj8vv4,002230,科大讯飞,2024Q1,2024,2024-03-31,3646215386.95,-300468030.2,-440542522.82,26.2721639912,-418.99,,-0.13,-333.33,7.227509885528,-1.76,38.0638093382,,,2.2,1228.61,1297.41,55901281301.29,61308268.81999993,0.02779999999999999,2026-02-25T09:50:43.487Z
mm1r43stec8441h99,002230,科大讯飞,2024Q2,2024,2024-06-30,9324545041.14,-400665617.21,-483098935.79,18.9119776206,-644.59,,-0.1736,-645.91,7.20517049999,-2.36,40.1912935899,,,2.2,1228.61,1297.41,55901281301.29,61308268.81999993,0.02779999999999999,2026-02-25T09:50:43.487Z
mm1r43stsrcjz1t9d,002230,科大讯飞,2024Q3,2024,2024-09-30,14849536928.14,-343704233.43,-468232524.49,17.7250420783,-445.91,,-0.1489,-472.25,7.132482991607,-2.03,40.4549768324,,,2.2,1228.61,1297.41,55901281301.29,61308268.81999993,0.02779999999999999,2026-02-25T09:50:43.487Z
mm1r43stsbaczw725,002230,科大讯飞,2024Q4,2024,2024-12-31,23343093018.69,560162663.16,188137288.93,18.7923763025,-14.78,59.36,0.24,-14.29,7.697258434964,3.21,42.6332857452,,,2.2,1228.61,1297.41,55901281301.29,61308268.81999993,0.02779999999999999,2026-02-25T09:50:43.487Z
mm1r43str8nvm7d4v,002230,科大讯飞,2025Q1,2025,2025-03-31,4657815685.81,-193251729.36,-227810135.04,27.7438437258,35.68,,-0.08,38.46,7.729303934047,-1.09,40.1811716737,,,2.2,1228.61,1297.41,55901281301.29,61308268.81999993,0.02779999999999999,2026-02-25T09:50:43.487Z
mm1r43stk9e8wbsc8,002230,科大讯飞,2025Q2,2025,2025-06-30,10910937822.71,-238927238.69,-364169755.22,17.0130850843,40.37,,-0.1034,40.44,7.728021540607,-1.35,40.2291495973,,,2.2,1228.61,1297.41,55901281301.29,61308268.81999993,0.02779999999999999,2026-02-25T09:50:43.487Z
mm1r43stsc1ryd2it,002230,科大讯飞,2025Q3,2025,2025-09-30,16989434774.08,-66675426.29,-337930808.45,14.4105358726,80.6,,-0.0288,80.66,7.699236663125,-0.38,40.2826277269,-1459.39,7.29,2.2,1228.61,1297.41,55901281301.29,61308268.81999993,0.02779999999999999,2026-02-25T09:50:43.487Z
mm1r44nlgf06q3fio,300624,万兴科技,2020Q4,2020,2020-12-31,976477439.98,125237982.65,109901744.04,38.8078652573,45.19,,0.97,,6.560124253696,15.86,94.8504052156,,,3.9,145.21,163.95,3721703710.99,-310671507.62,-1.61,2026-02-25T09:50:44.593Z
mm1r44nl0gdj33ref,300624,万兴科技,2021Q1,2021,2021-03-31,253358043.08,29330998.7,26592321.38,28.4537827539,-10.09,,0.23,,6.84477124427,3.38,95.1585440545,,,3.9,145.21,163.95,3721703710.99,-310671507.62,-1.61,2026-02-25T09:50:44.593Z
mm1r44nlnl914xbhr,300624,万兴科技,2021Q2,2021,2021-06-30,502820185.45,47277343.1,38242983.32,5.9420408101,-47.09,,0.37,,6.479175873571,5.44,95.0671186962,,,3.9,145.21,163.95,3721703710.99,-310671507.62,-1.61,2026-02-25T09:50:44.593Z
mm1r44nl7k7x83yk4,300624,万兴科技,2021Q3,2021,2021-09-30,756777699,21885571.13,9705098.74,5.3084090062,-83.49,,0.17,,6.403171800373,2.56,94.8566612466,,,3.9,145.21,163.95,3721703710.99,-310671507.62,-1.61,2026-02-25T09:50:44.593Z
mm1r44nl2ixk7yw2w,300624,万兴科技,2021Q4,2021,2021-12-31,1029158102.77,-34494372.21,-51829530.7,5.3949697794,-77.77,,-0.27,-127.84,6.110648493944,-4.16,95.4836304728,,,3.9,145.21,163.95,3721703710.99,-310671507.62,-1.61,2026-02-25T09:50:44.593Z
mm1r44nlpzzyp5o6p,300624,万兴科技,2022Q1,2022,2022-03-31,262750168.48,-3557404.67,-8696826.67,3.7070563404,-112.13,,-0.03,-113.04,6.584808123793,-0.4,95.8750552501,,,3.9,145.21,163.95,3721703710.99,-310671507.62,-1.61,2026-02-25T09:50:44.593Z
mm1r44nle6to1ox18,300624,万兴科技,2022Q2,2022,2022-06-30,540342094.67,10505792.31,1924703.37,7.4622917508,-75.26,-94.97,0.08,-78.38,6.556374341395,1.32,95.7189471451,,,3.9,145.21,163.95,3721703710.99,-310671507.62,-1.61,2026-02-25T09:50:44.593Z
mm1r44nlhkbymgcpl,300624,万兴科技,2022Q3,2022,2022-09-30,838418716.52,24377989.07,1832544.83,10.7879787721,11.39,-81.12,0.19,11.76,6.483344452572,2.78,95.6344955368,,,3.9,145.21,163.95,3721703710.99,-310671507.62,-1.61,2026-02-25T09:50:44.593Z
mm1r44nlv9j46bj34,300624,万兴科技,2022Q4,2022,2022-12-31,1180123604.41,40433488.31,9775221.35,14.6688347722,47.73,,0.31,214.81,6.136934882296,4.94,95.4722470205,,,3.9,145.21,163.95,3721703710.99,-310671507.62,-1.61,2026-02-25T09:50:44.593Z
mm1r44nlwv4tog7n3,300624,万兴科技,2023Q1,2023,2023-03-31,354720295.33,20855751.25,17984983.26,35.0028802577,686.26,,0.16,633.33,6.853301895501,2.5,95.7130058668,,,3.9,145.21,163.95,3721703710.99,-310671507.62,-1.61,2026-02-25T09:50:44.593Z
mm1r44nlmsy3bgvwp,300624,万兴科技,2023Q2,2023,2023-06-30,718140826.29,43727835.58,34461228.07,32.9048455365,275.06,1690.47,0.24,200,9.181145360885,4.22,95.3828294777,,,3.9,145.21,163.95,3721703710.99,-310671507.62,-1.61,2026-02-25T09:50:44.593Z
mm1r44nle1l99mkvy,300624,万兴科技,2023Q3,2023,2023-09-30,1095723164.18,64846358.78,51605231.5,30.689253781,166.91,2716.04,0.34,78.95,9.819681625109,6.16,95.1908713247,,,3.9,145.21,163.95,3721703710.99,-310671507.62,-1.61,2026-02-25T09:50:44.593Z
mm1r44nllnl2t741x,300624,万兴科技,2023Q4,2023,2023-12-31,1480936048.65,86205745.95,89683073.51,25.489909965,113.2,817.45,0.46,48.39,9.62470365085,7.69,94.768986442,,,3.9,145.21,163.95,3721703710.99,-310671507.62,-1.61,2026-02-25T09:50:44.593Z
mm1r44nlcto4k8olt,300624,万兴科技,2024Q1,2024,2024-03-31,357895828.37,25649765.62,22767873.42,0.8952216949,22.99,26.59,0.14,-12.5,9.828123108412,1.92,94.5012983304,,,3.9,145.21,163.95,3721703710.99,-310671507.62,-1.61,2026-02-25T09:50:44.593Z
mm1r44nl64nix1fl0,300624,万兴科技,2024Q2,2024,2024-06-30,705213221.33,24490776.88,15652306.46,-1.8001490079,-43.99,-54.58,0.13,-45.83,6.952176189819,1.84,93.7642651768,,,3.9,145.21,163.95,3721703710.99,-310671507.62,-1.61,2026-02-25T09:50:44.593Z
mm1r44nl9ckrtntoq,300624,万兴科技,2024Q3,2024,2024-09-30,1052864618.62,-5497330.36,-19428538.24,-3.9114392176,-108.48,,-0.03,-108.82,6.592772201203,-0.42,93.7212286745,,,3.9,145.21,163.95,3721703710.99,-310671507.62,-1.61,2026-02-25T09:50:44.593Z
mm1r44nls6xdo9pyr,300624,万兴科技,2024Q4,2024,2024-12-31,1439743390.5,-163455868.14,-161248390.1,-2.7815284926,-289.61,,-0.85,-284.78,5.832839145995,-13.24,93.2164739887,,,3.9,145.21,163.95,3721703710.99,-310671507.62,-1.61,2026-02-25T09:50:44.593Z
mm1r44nljgq0nzz4i,300624,万兴科技,2025Q1,2025,2025-03-31,379582355.04,-32814240.34,-37679054.18,6.0594522067,-227.93,,-0.17,-221.43,5.673075859402,-2.95,92.2629461328,,,3.9,145.21,163.95,3721703710.99,-310671507.62,-1.61,2026-02-25T09:50:44.593Z
mm1r44nl2e2gvgevh,300624,万兴科技,2025Q2,2025,2025-06-30,760004968.83,-52809082.71,-64534577.48,7.7695292491,-315.63,,-0.27,-307.69,5.509003507587,-4.8,92.4175685919,,,3.9,145.21,163.95,3721703710.99,-310671507.62,-1.61,2026-02-25T09:50:44.593Z
mm1r44nldlrub8vyn,300624,万兴科技,2025Q3,2025,2025-09-30,1142372996.62,-61592316.43,-81797894.02,8.5014138016,-1020.4,,-0.32,-966.67,5.585413852546,-5.6,91.7688439522,-199.64,15.18,3.9,145.21,163.95,3721703710.99,-310671507.62,-1.61,2026-02-25T09:50:44.593Z
mm1r45h0jvmn93qh8,300378,鼎捷数智,2020Q4,2020,2020-12-31,1496085348.78,121389515.74,82478389.52,2.0022389576,17.44,,0.46,,5.712166055103,8.33,66.3456786833,,,2.34,126.58,127.52,5413438208.23,243426745.78,0.9099999999999999,2026-02-25T09:50:45.698Z
mm1r45h0ji6paawkb,300378,鼎捷数智,2021Q1,2021,2021-03-31,285956216.25,-17273697.75,-18873462.65,23.5950799915,65.8202679818,,-0.06,,5.684992263235,-1.14,57.8422689981,,,2.34,126.58,127.52,5413438208.23,243426745.78,0.9099999999999999,2026-02-25T09:50:45.698Z
mm1r45h097cxeu74i,300378,鼎捷数智,2021Q2,2021,2021-06-30,723299393.31,34190817.6,25299762.11,20.1427345549,417.68,,0.13,,5.831968774298,2.23,62.4875205607,,,2.34,126.58,127.52,5413438208.23,243426745.78,0.9099999999999999,2026-02-25T09:50:45.698Z
mm1r45h0h4hnvpqk3,300378,鼎捷数智,2021Q3,2021,2021-09-30,1172497251.02,66956383.91,53244676.37,15.4930168211,-15.93,,0.25,,6.045217037875,4.26,64.2450845164,,,2.34,126.58,127.52,5413438208.23,243426745.78,0.9099999999999999,2026-02-25T09:50:45.698Z
mm1r45h09q1kytmlv,300378,鼎捷数智,2021Q4,2021,2021-12-31,1788139319.94,112192104.35,91333880.33,19.5212105645,-7.58,10.74,0.42,-8.7,6.258909968566,7.03,66.3039045196,,,2.34,126.58,127.52,5413438208.23,243426745.78,0.9099999999999999,2026-02-25T09:50:45.698Z
mm1r45h054zk0qydh,300378,鼎捷数智,2022Q1,2022,2022-03-31,325647390.09,-16940409.86,-23367246.7,13.880157725,1.93,,-0.06,,6.213560243218,-1.02,58.186396147,,,2.34,126.58,127.52,5413438208.23,243426745.78,0.9099999999999999,2026-02-25T09:50:45.698Z
mm1r45h0kzjbkwdrw,300378,鼎捷数智,2022Q2,2022,2022-06-30,814483915.04,34463078.32,26607922.95,12.6067466078,0.8,5.17,0.13,,6.274332414758,2.03,62.945168574,,,2.34,126.58,127.52,5413438208.23,243426745.78,0.9099999999999999,2026-02-25T09:50:45.698Z
mm1r45h0ol183qnnx,300378,鼎捷数智,2022Q3,2022,2022-09-30,1278827820.91,47647648.37,43948107.72,9.0687265832,-28.84,-17.46,0.18,-28,6.384605725636,2.85,63.0968928269,,,2.34,126.58,127.52,5413438208.23,243426745.78,0.9099999999999999,2026-02-25T09:50:45.698Z
mm1r45h08uaw9xurn,300378,鼎捷数智,2022Q4,2022,2022-12-31,1995204338.21,133838907.33,119813030.25,11.5799152762,19.07,31.18,0.51,21.43,6.900794777097,7.59,65.3246803167,,,2.34,126.58,127.52,5413438208.23,243426745.78,0.9099999999999999,2026-02-25T09:50:45.698Z
mm1r45h0v85wolvgm,300378,鼎捷数智,2023Q1,2023,2023-03-31,358343820.69,-10620766.78,-17572629.41,10.0404399344,37.31,,-0.04,33.33,6.885852194567,-0.58,59.4175197747,,,2.34,126.58,127.52,5413438208.23,243426745.78,0.9099999999999999,2026-02-25T09:50:45.698Z
mm1r45h02h18byp2f,300378,鼎捷数智,2023Q2,2023,2023-06-30,904635580.46,36125684.57,26280757.64,11.0685630195,4.82,-1.23,0.14,7.69,7.205903560654,1.89,61.163442405,,,2.34,126.58,127.52,5413438208.23,243426745.78,0.9099999999999999,2026-02-25T09:50:45.698Z
mm1r45h0ulpet8b17,300378,鼎捷数智,2023Q3,2023,2023-09-30,1414445953.87,48840423.65,28579080.5,10.6048782129,2.5,-34.97,0.19,5.56,7.208859096373,2.55,60.0133221123,,,2.34,126.58,127.52,5413438208.23,243426745.78,0.9099999999999999,2026-02-25T09:50:45.698Z
mm1r45h08owed7cwr,300378,鼎捷数智,2023Q4,2023,2023-12-31,2227739993.94,150255339.32,121676920.59,11.6547288554,12.27,1.56,0.56,9.8,7.676205850036,7.66,61.905504602,,,2.34,126.58,127.52,5413438208.23,243426745.78,0.9099999999999999,2026-02-25T09:50:45.698Z
mm1r45h0bfddush40,300378,鼎捷数智,2024Q1,2024,2024-03-31,405903967.45,-9693691.38,-13976064.17,13.2722106575,8.73,,-0.04,,7.586366912651,-0.47,55.3086584865,,,2.34,126.58,127.52,5413438208.23,243426745.78,0.9099999999999999,2026-02-25T09:50:45.698Z
mm1r45h0esrfcveo4,300378,鼎捷数智,2024Q2,2024,2024-06-30,1003946631.16,42441334.97,40479762.89,10.9780173194,17.48,54.03,0.16,14.29,7.586698582665,2.04,57.4350036798,,,2.34,126.58,127.52,5413438208.23,243426745.78,0.9099999999999999,2026-02-25T09:50:45.698Z
mm1r45h0cq37ofiv2,300378,鼎捷数智,2024Q3,2024,2024-09-30,1573058137.28,49889369.07,45470309.79,11.2137323435,2.15,59.1,0.19,,7.671484481775,2.4,56.989167443,,,2.34,126.58,127.52,5413438208.23,243426745.78,0.9099999999999999,2026-02-25T09:50:45.698Z
mm1r45h0tnmeclitq,300378,鼎捷数智,2024Q4,2024,2024-12-31,2330672885.7,155644375.93,137713998.31,4.6205074219,3.59,13.18,0.58,3.57,8.088490618894,7.34,58.2543989511,,,2.34,126.58,127.52,5413438208.23,243426745.78,0.9099999999999999,2026-02-25T09:50:45.698Z
mm1r45h0p92rgwdzy,300378,鼎捷数智,2025Q1,2025,2025-03-31,423462398.41,-8333054.04,-9515505.8,4.3257598762,14.04,,-0.03,25,8.056401546975,-0.38,59.6770010416,,,2.34,126.58,127.52,5413438208.23,243426745.78,0.9099999999999999,2026-02-25T09:50:45.698Z
mm1r45h0ofv4olfn9,300378,鼎捷数智,2025Q2,2025,2025-06-30,1044928746.04,45026657.09,36477269.79,4.0821009412,6.09,-9.89,0.17,6.25,8.455079516802,2,58.3185395808,,,2.34,126.58,127.52,5413438208.23,243426745.78,0.9099999999999999,2026-02-25T09:50:45.698Z
mm1r45h09zcfxnppv,300378,鼎捷数智,2025Q3,2025,2025-09-30,1614374178.08,51088766.8,39983757.09,2.626478947,2.4,-12.07,0.19,,8.384341991054,2.29,57.2844318155,187.21,5.6,2.34,126.58,127.52,5413438208.23,243426745.78,0.9099999999999999,2026-02-25T09:50:45.698Z
mm1r468w6eflsb5vn,688369,致远互联,2020Q4,2020,2020-12-31,763291342,107599190.37,88557511.76,9.0671717185,10.4,,1.4,,17.0269237624,8.5,77.0627403396,,,1.61,29.77,29.77,1843889782.87,-657098429.78,-5.71,2026-02-25T09:50:46.797Z
mm1r468w3qlmu7dy9,688369,致远互联,2021Q1,2021,2021-03-31,117598817.25,3084815.08,1848517.92,66.2255771724,3308.5345687019,,0.04,,17.120307370934,0.25,68.5853880388,,,1.61,29.77,29.77,1843889782.87,-657098429.78,-5.71,2026-02-25T09:50:46.797Z
mm1r468w10ubw3dzh,688369,致远互联,2021Q2,2021,2021-06-30,365425953.5,44530519.11,43744106.05,45.2232877289,12.95,,0.58,,17.266362552321,3.31,75.2643716889,,,1.61,29.77,29.77,1843889782.87,-657098429.78,-5.71,2026-02-25T09:50:46.797Z
mm1r468wujtzes12a,688369,致远互联,2021Q3,2021,2021-09-30,552021589.43,66640823.76,63929867.51,41.1983886332,16.47,,0.87,,17.605072331279,5,72.7196002722,,,1.61,29.77,29.77,1843889782.87,-657098429.78,-5.71,2026-02-25T09:50:46.797Z
mm1r468wc8vgceret,688369,致远互联,2021Q4,2021,2021-12-31,1031229259.91,128789371.84,120370909.32,35.1029683119,19.69,35.92,1.67,19.29,18.579462741862,9.49,72.2908613847,,,1.61,29.77,29.77,1843889782.87,-657098429.78,-5.71,2026-02-25T09:50:46.797Z
mm1r468wtiu7sas5n,688369,致远互联,2022Q1,2022,2022-03-31,141827617.74,-27896449.5,-29687215.34,20.602928717,-1004.32,,-0.36,-1000,18.262396220668,-1.97,61.1702785201,,,1.61,29.77,29.77,1843889782.87,-657098429.78,-5.71,2026-02-25T09:50:46.797Z
mm1r468wveb0umuap,688369,致远互联,2022Q2,2022,2022-06-30,423225908.47,33501224.85,30160984.13,15.8171455575,-24.77,-31.05,0.43,-25.86,18.675048185798,2.3,72.4703522118,,,1.61,29.77,29.77,1843889782.87,-657098429.78,-5.71,2026-02-25T09:50:46.797Z
mm1r468w1g35ji7vy,688369,致远互联,2022Q3,2022,2022-09-30,644246939.22,27762436.4,24550913.8,16.7068374781,-58.34,-61.6,0.36,-58.62,17.999333596039,1.93,71.232831834,,,1.61,29.77,29.77,1843889782.87,-657098429.78,-5.71,2026-02-25T09:50:46.797Z
mm1r468wdwrhbniqc,688369,致远互联,2022Q4,2022,2022-12-31,1032429773.92,94080587.34,84400330.12,0.1164158211,-26.95,-29.88,0.82,-50.9,18.745953048314,6.53,72.2192666538,,,1.61,29.77,29.77,1843889782.87,-657098429.78,-5.71,2026-02-25T09:50:46.797Z
mm1r468wjlfx55evw,688369,致远互联,2023Q1,2023,2023-03-31,163348478.03,-40633116.77,-42040930.44,15.1739559847,-45.6569473832,,-0.53,-47.22,18.243982761978,-2.84,63.0873130701,,,1.61,29.77,29.77,1843889782.87,-657098429.78,-5.71,2026-02-25T09:50:46.797Z
mm1r468wr4rfzrjxu,688369,致远互联,2023Q2,2023,2023-06-30,478817847.23,20500011.08,17905586.54,13.135287242,-38.81,-40.63,0.25,-41.86,12.78034790104,1.4,77.2337409976,,,1.61,29.77,29.77,1843889782.87,-657098429.78,-5.71,2026-02-25T09:50:46.797Z
mm1r468w28hmb1y0a,688369,致远互联,2023Q3,2023,2023-09-30,705315930.69,-32716893.57,-35861699.75,9.479127917,-217.85,,-0.36,-200,12.358434377267,-2.29,72.5367676014,,,1.61,29.77,29.77,1843889782.87,-657098429.78,-5.71,2026-02-25T09:50:46.797Z
mm1r468wnidq26wpt,688369,致远互联,2023Q4,2023,2023-12-31,1044650186.05,-50018117.03,-58383730.78,1.1836555317,-153.17,,-0.44,-153.66,12.0777611039,-3.52,68.4392363996,,,1.61,29.77,29.77,1843889782.87,-657098429.78,-5.71,2026-02-25T09:50:46.797Z
mm1r468w5xowgm7eq,688369,致远互联,2024Q1,2024,2024-03-31,182589827.01,-30980741.19,-32084241.78,11.7793255328,23.7549475583,,-0.27,49.06,11.818457113421,-2.25,67.4629398675,,,1.61,29.77,29.77,1843889782.87,-657098429.78,-5.71,2026-02-25T09:50:46.797Z
mm1r468w8lnnklk5q,688369,致远互联,2024Q2,2024,2024-06-30,402139344.52,-68424809.24,-70471239.77,-16.0141279515,-433.78,,-0.6,-340,10.796568901129,-5.2,73.168733378,,,1.61,29.77,29.77,1843889782.87,-657098429.78,-5.71,2026-02-25T09:50:46.797Z
mm1r468wjotyn3brf,688369,致远互联,2024Q3,2024,2024-09-30,616875159.54,-109404414.6,-112573575.63,-12.5391710724,-234.3973179053,,-0.95,-163.89,10.327236672078,-8.45,68.8279132583,,,1.61,29.77,29.77,1843889782.87,-657098429.78,-5.71,2026-02-25T09:50:46.797Z
mm1r468we969vy2yw,688369,致远互联,2024Q4,2024,2024-12-31,846525778.96,-235587344.3,-239942618.14,-18.9656221514,-371.0040247191,,-2.05,-365.91,9.098829202782,-19.33,64.2194369553,,,1.61,29.77,29.77,1843889782.87,-657098429.78,-5.71,2026-02-25T09:50:46.797Z
mm1r468w8ozyhgzb9,688369,致远互联,2025Q1,2025,2025-03-31,105180361.51,-66981432.02,-68317269.25,-42.3952784049,-116.2034523616,,-0.58,-114.81,8.534616164942,-6.6,61.4403287574,,,1.61,29.77,29.77,1843889782.87,-657098429.78,-5.71,2026-02-25T09:50:46.797Z
mm1r468w1dzoqjh3h,688369,致远互联,2025Q2,2025,2025-06-30,337867983.27,-135491445.53,-134146336.49,-15.9823608721,-98.0150869764,,-1.18,-96.67,7.955176559934,-13.79,60.6527007669,,,1.61,29.77,29.77,1843889782.87,-657098429.78,-5.71,2026-02-25T09:50:46.797Z
mm1r468wotzlvf7qf,688369,致远互联,2025Q3,2025,2025-09-30,554315659.13,-219038207.93,-218157423.94,-10.1413550931,-100.2096613111,,-1.9,-100,7.342196664792,-22.69,58.5103412971,-10.19,3.52,1.61,29.77,29.77,1843889782.87,-657098429.78,-5.71,2026-02-25T09:50:46.797Z
mm1r470oba2icgh32,603039,泛微网络,2020Q4,2020,2020-12-31,1482395169.37,229550091.47,138513317.6,15.2687021117,64.28,,0.92,,6.05065291564,21.38,95.3785250151,,,2.59,124.02,124.02,4796976483.98,394764722.71,1.52,2026-02-25T09:50:47.894Z
mm1r470o9pra6hvc1,603039,泛微网络,2021Q1,2021,2021-03-31,249878103.82,26064119.13,15325038.11,24.1011915081,37.9,,0.12,,7.086101438367,1.84,96.6923731837,,,2.59,124.02,124.02,4796976483.98,394764722.71,1.52,2026-02-25T09:50:47.894Z
mm1r470ospx8hfyhd,603039,泛微网络,2021Q2,2021,2021-06-30,698208065.5,115100499.12,56345136.31,30.955274793,128.79,,0.45,,6.318684792983,7.63,96.0817967391,,,2.59,124.02,124.02,4796976483.98,394764722.71,1.52,2026-02-25T09:50:47.894Z
mm1r470o6vqf2bvqv,603039,泛微网络,2021Q3,2021,2021-09-30,1133083975.13,167327862.54,83544996.3,30.8387432029,113.17,,0.65,,6.531935185446,10.71,95.551985486,,,2.59,124.02,124.02,4796976483.98,394764722.71,1.52,2026-02-25T09:50:47.894Z
mm1r470o24khpp6i3,603039,泛微网络,2021Q4,2021,2021-12-31,2002863165.68,308698725.21,206868304.52,35.1099360727,34.48,49.35,1.2,30.43,7.212316011907,18.69,95.4656616979,,,2.59,124.02,124.02,4796976483.98,394764722.71,1.52,2026-02-25T09:50:47.894Z
mm1r470obqxt3uiod,603039,泛微网络,2022Q1,2022,2022-03-31,293014893.88,15130698.7,1866868.25,17.263133264,-41.95,-87.82,0.06,-50,7.284963685981,0.8,94.577692284,,,2.59,124.02,124.02,4796976483.98,394764722.71,1.52,2026-02-25T09:50:47.894Z
mm1r470owah7ddoap,603039,泛微网络,2022Q2,2022,2022-06-30,789050120.93,70830812.5,42458863.4,13.0107427741,-38.46,-24.65,0.27,-40,6.953137670215,3.73,94.5927902261,,,2.59,124.02,124.02,4796976483.98,394764722.71,1.52,2026-02-25T09:50:47.894Z
mm1r470oyxmx6n1wi,603039,泛微网络,2022Q3,2022,2022-09-30,1344464703.3,123609257.19,47814985.07,18.6553453062,-26.13,-42.77,0.48,-26.15,6.951432310969,6.59,91.8265606044,,,2.59,124.02,124.02,4796976483.98,394764722.71,1.52,2026-02-25T09:50:47.894Z
mm1r470ol0absjgdz,603039,泛微网络,2022Q4,2022,2022-12-31,2331483695.41,223336614.78,122895827.77,16.407537737,-27.69,-40.59,0.86,-28.33,7.333212192053,11.78,93.2296076614,,,2.59,124.02,124.02,4796976483.98,394764722.71,1.52,2026-02-25T09:50:47.894Z
mm1r470ohafh8q0ww,603039,泛微网络,2023Q1,2023,2023-03-31,332916645.62,575500.14,-7146489,13.6176530864,-96.2,,0,,7.343897755035,0.03,94.2057779496,,,2.59,124.02,124.02,4796976483.98,394764722.71,1.52,2026-02-25T09:50:47.894Z
mm1r470oqgoemdwha,603039,泛微网络,2023Q2,2023,2023-06-30,905235858.64,38579511.42,22092710.71,14.7247601424,-45.53,-47.97,0.15,-44.44,7.717663986065,2,93.7660235218,,,2.59,124.02,124.02,4796976483.98,394764722.71,1.52,2026-02-25T09:50:47.894Z
mm1r470oh28xevqzj,603039,泛微网络,2023Q3,2023,2023-09-30,1397614554.76,11380035.83,-13035658.51,3.9532351671,-90.79,,0.04,-91.67,8.012355969993,0.57,93.8381290924,,,2.59,124.02,124.02,4796976483.98,394764722.71,1.52,2026-02-25T09:50:47.894Z
mm1r470ot6q9w1qfz,603039,泛微网络,2023Q4,2023,2023-12-31,2393192535.19,178682564.54,147731785.92,2.646762656,-19.99,20.21,0.69,-19.77,7.979518659091,8.67,93.9357977565,,,2.59,124.02,124.02,4796976483.98,394764722.71,1.52,2026-02-25T09:50:47.894Z
mm1r470onkaedqcc9,603039,泛微网络,2024Q1,2024,2024-03-31,343349180.9,27994696.82,17377210.7,3.1336778792,4764.41,,0.11,,7.838912630973,1.34,94.0743530459,,,2.59,124.02,124.02,4796976483.98,394764722.71,1.52,2026-02-25T09:50:47.894Z
mm1r470ovc6emrrwa,603039,泛微网络,2024Q2,2024,2024-06-30,885677371.42,47448068.37,32186340.04,-2.1605957203,22.99,45.69,0.19,26.67,7.710525895103,2.3,93.6274918236,,,2.59,124.02,124.02,4796976483.98,394764722.71,1.52,2026-02-25T09:50:47.894Z
mm1r470ouidqv1iu5,603039,泛微网络,2024Q3,2024,2024-09-30,1385478649.6,86225413.51,64766182.83,-0.8683299067,657.69,,0.34,750,7.876566735113,4.19,93.0755701217,,,2.59,124.02,124.02,4796976483.98,394764722.71,1.52,2026-02-25T09:50:47.894Z
mm1r470oaaqqsc7c6,603039,泛微网络,2024Q4,2024,2024-12-31,2361803665.31,202944976.68,166987661.58,-1.311589829,13.58,13.03,0.78,13.04,8.29054153026,9.66,93.2456597619,,,2.59,124.02,124.02,4796976483.98,394764722.71,1.52,2026-02-25T09:50:47.894Z
mm1r470oq8xhv5syz,603039,泛微网络,2025Q1,2025,2025-03-31,328531340.44,26115618.51,23806234.65,-4.3156766593,-6.71,37,0.1,-9.09,8.402414009024,1.2,93.2174818572,,,2.59,124.02,124.02,4796976483.98,394764722.71,1.52,2026-02-25T09:50:47.894Z
mm1r470ofz3ijdet7,603039,泛微网络,2025Q2,2025,2025-06-30,807865483.97,65694644.36,57895088.69,-8.7855792595,38.46,79.87,0.25,31.58,8.495082939371,2.99,93.9281868191,,,2.59,124.02,124.02,4796976483.98,394764722.71,1.52,2026-02-25T09:50:47.894Z
mm1r470ok2gbonui8,603039,泛微网络,2025Q3,2025,2025-09-30,1298775994.26,100009483.16,85443240.89,-6.2579567982,15.99,31.93,0.39,14.71,8.641352390768,4.53,94.2793920392,93.01,5.55,2.59,124.02,124.02,4796976483.98,394764722.71,1.52,2026-02-25T09:50:47.894Z
mm1r47shug6fy37e5,300459,汤姆猫,2020Q4,2020,2020-12-31,1807222572.12,752917670.98,507174716.39,-6.9895583164,126.8028808533,,0.21,,0.781269124338,22.92,77.9250794532,,,6.41,163.37,174.74,2549278392.59,-930457231.3100001,-0.2617,2026-02-25T09:50:49.132Z
mm1r47sh9xh8r09f1,300459,汤姆猫,2021Q1,2021,2021-03-31,494864838.15,228309155.86,226862090.3,5.5036193203,4.62,,0.06,,0.842096870932,8,82.9760979271,,,6.41,163.37,174.74,2549278392.59,-930457231.3100001,-0.2617,2026-02-25T09:50:49.132Z
mm1r47shtpx46xq5f,300459,汤姆猫,2021Q2,2021,2021-06-30,917070903.47,412423336.66,408293207.79,-2.4712790309,-17.58,,0.12,,0.919261586827,13.8,84.2606403405,,,6.41,163.37,174.74,2549278392.59,-930457231.3100001,-0.2617,2026-02-25T09:50:49.132Z
mm1r47sha598vo2x3,300459,汤姆猫,2021Q3,2021,2021-09-30,1402053180.02,600324750.03,588181775.81,13.2342433857,-3.31,,0.17,,0.982708513642,19.52,82.3578249645,,,6.41,163.37,174.74,2549278392.59,-930457231.3100001,-0.2617,2026-02-25T09:50:49.132Z
mm1r47shwup39rwp0,300459,汤姆猫,2021Q4,2021,2021-12-31,1941450203.88,708148729.87,707204379.97,7.4272883612,-5.95,39.44,0.2,-4.76,1.013864008238,22.4,95.300946302,,,6.41,163.37,174.74,2549278392.59,-930457231.3100001,-0.2617,2026-02-25T09:50:49.132Z
mm1r47shnsulhlkbp,300459,汤姆猫,2022Q1,2022,2022-03-31,464402219.18,182557772.86,180032654.9,-6.1557452908,-20.04,-20.64,0.05,-16.67,1.063866995381,5,93.2735792122,,,6.41,163.37,174.74,2549278392.59,-930457231.3100001,-0.2617,2026-02-25T09:50:49.132Z
mm1r47shfl4o96yai,300459,汤姆猫,2022Q2,2022,2022-06-30,852549338.11,290972986.68,277917855.18,-7.0356136168,-29.45,-31.93,0.08,-33.33,1.073190513806,7.93,94.1165348845,,,6.41,163.37,174.74,2549278392.59,-930457231.3100001,-0.2617,2026-02-25T09:50:49.132Z
mm1r47shi6845l0bu,300459,汤姆猫,2022Q3,2022,2022-09-30,1259347612.3,400387511.89,384753277.5,-10.1783277378,-33.3,-34.59,0.1139,-33,1.092093656046,10.82,94.4583964992,,,6.41,163.37,174.74,2549278392.59,-930457231.3100001,-0.2617,2026-02-25T09:50:49.132Z
mm1r47shijc35c220,300459,汤姆猫,2022Q4,2022,2022-12-31,1632896947.85,439976238.47,404439249.73,-15.8929266078,-37.87,-42.81,0.13,-35,1.104028073402,11.82,92.7788058159,,,6.41,163.37,174.74,2549278392.59,-930457231.3100001,-0.2617,2026-02-25T09:50:49.132Z
mm1r47shmunyn062w,300459,汤姆猫,2023Q1,2023,2023-03-31,341411332.81,102211043.28,100719647.78,-26.4836991062,-44.01,-44.05,0.03,-40,1.137390037468,2.59,91.323836073,,,6.41,163.37,174.74,2549278392.59,-930457231.3100001,-0.2617,2026-02-25T09:50:49.132Z
mm1r47shxfcoxnczs,300459,汤姆猫,2023Q2,2023,2023-06-30,688277670.79,186786990.4,180516590.41,-19.2682886464,-35.81,-35.05,0.05,-37.5,1.159429231974,4.69,90.9973016343,,,6.41,163.37,174.74,2549278392.59,-930457231.3100001,-0.2617,2026-02-25T09:50:49.132Z
mm1r47shthlohxd3f,300459,汤姆猫,2023Q3,2023,2023-09-30,1027841650.41,200429781.71,189169298.01,-18.383007172,-49.94,-50.83,0.057,-49.96,1.157597667339,5.04,91.5571789531,,,6.41,163.37,174.74,2549278392.59,-930457231.3100001,-0.2617,2026-02-25T09:50:49.132Z
mm1r47shxnylq1cud,300459,汤姆猫,2023Q4,2023,2023-12-31,1347715134.02,-864584159.63,-885649688.51,-17.4647771989,-296.51,,-0.25,-292.31,0.857241407522,-24.73,90.197740292,,,6.41,163.37,174.74,2549278392.59,-930457231.3100001,-0.2617,2026-02-25T09:50:49.132Z
mm1r47shfsqczrgpw,300459,汤姆猫,2024Q1,2024,2024-03-31,297236403.87,62118906.61,55783555.69,-12.938916988,-39.22,-44.62,0.0177,-41,0.870674207061,2.05,89.612187475,,,6.41,163.37,174.74,2549278392.59,-930457231.3100001,-0.2617,2026-02-25T09:50:49.132Z
mm1r47shlokuzytqs,300459,汤姆猫,2024Q2,2024,2024-06-30,575839373.89,73358433.45,63046819.23,-16.3361825716,-60.73,-65.07,0.02,-60,0.876417240572,2.41,88.6358028354,,,6.41,163.37,174.74,2549278392.59,-930457231.3100001,-0.2617,2026-02-25T09:50:49.132Z
mm1r47shtg0bah2bp,300459,汤姆猫,2024Q3,2024,2024-09-30,868484360.77,83512594.72,70536894.73,-15.5040700653,-58.33,-62.71,0.0238,-58.25,0.947877045586,2.63,89.4301329723,,,6.41,163.37,174.74,2549278392.59,-930457231.3100001,-0.2617,2026-02-25T09:50:49.132Z
mm1r47shl68cy6u6e,300459,汤姆猫,2024Q4,2024,2024-12-31,1143084913.2,-859138596.99,-867226223.3,-15.1834920937,0.63,,-0.24,4,0.709132134761,-31.2,89.3378256635,,,6.41,163.37,174.74,2549278392.59,-930457231.3100001,-0.2617,2026-02-25T09:50:49.132Z
mm1r47sh0tpuw3pp1,300459,汤姆猫,2025Q1,2025,2025-03-31,246530362.72,2948070.25,496496.06,-17.0591625016,-95.25,-99.11,0.0008,-95.48,0.60180732237,0.13,87.171907277,,,6.41,163.37,174.74,2549278392.59,-930457231.3100001,-0.2617,2026-02-25T09:50:49.132Z
mm1r47sh612jn5yjf,300459,汤姆猫,2025Q2,2025,2025-06-30,462864857.58,-30326887.12,-31043360.28,-19.6191023804,-141.34,,-0.01,-150,0.589596540919,-1.33,86.5895894291,,,6.41,163.37,174.74,2549278392.59,-930457231.3100001,-0.2617,2026-02-25T09:50:49.132Z
mm1r47sh01013l8t2,300459,汤姆猫,2025Q3,2025,2025-09-30,696798259.09,-43939817.45,-46170611.21,-19.7684736116,-152.61,,-0.0125,-152.52,0.595858445231,-1.92,87.6697539884,-298.25,8.34,6.41,163.37,174.74,2549278392.59,-930457231.3100001,-0.2617,2026-02-25T09:50:49.132Z
mm1r48kro36uhx4ss,300170,汉得信息,2020Q4,2020,2020-12-31,2493084967.52,65709488.68,42927593.73,-8.4582572226,-23.69,,0.07,,3.553563863882,2.13,33.7865359907,,,2.8,223.66,233.99,7990238199.18,453895506.35,0.47,2026-02-25T09:50:50.232Z
mm1r48krt5tlfl6bv,300170,汉得信息,2021Q1,2021,2021-03-31,653566450.78,17759893.76,-13144766.26,10.9007812407,46.4,,0.0203,,3.587528306491,0.53,24.1623685673,,,2.8,223.66,233.99,7990238199.18,453895506.35,0.47,2026-02-25T09:50:50.232Z
mm1r48kroliojom0o,300170,汉得信息,2021Q2,2021,2021-06-30,1338710546.19,31708015.32,-45110394.7,12.5802422056,24.09,,0.0362,,3.572238323831,0.95,27.4293792295,,,2.8,223.66,233.99,7990238199.18,453895506.35,0.47,2026-02-25T09:50:50.232Z
mm1r48kra1bj6koql,300170,汉得信息,2021Q3,2021,2021-09-30,2043985623.59,2020462.79,-80485286.57,9.7944647877,-95.06,,0.0023,,3.540754350895,0.06,26.2379192461,,,2.8,223.66,233.99,7990238199.18,453895506.35,0.47,2026-02-25T09:50:50.232Z
mm1r48krmohhxrgg2,300170,汉得信息,2021Q4,2021,2021-12-31,2810661529.65,197066619.71,-161621745.69,12.7382967796,199.91,,0.22,214.29,3.674704040107,5.79,25.7387253246,,,2.8,223.66,233.99,7990238199.18,453895506.35,0.47,2026-02-25T09:50:50.232Z
mm1r48krw9duty8lx,300170,汉得信息,2022Q1,2022,2022-03-31,712350365.66,347840302.77,20443846.89,8.9943287037,1858.57,,0.3966,1853.69,4.006974897923,9.61,29.2760771038,,,2.8,223.66,233.99,7990238199.18,453895506.35,0.47,2026-02-25T09:50:50.232Z
mm1r48kruz56ctx3i,300170,汉得信息,2022Q2,2022,2022-06-30,1460016495.8,398319680.94,50589471.21,9.0614024036,1156.21,,0.4541,1154.42,4.100061649252,11.03,29.5730733428,,,2.8,223.66,233.99,7990238199.18,453895506.35,0.47,2026-02-25T09:50:50.232Z
mm1r48krpce6zdrud,300170,汉得信息,2022Q3,2022,2022-09-30,2230212650.67,442234380.82,81230236.17,9.110975387,21787.78,,0.5049,21852.17,4.299014777433,12.16,30.0145356367,,,2.8,223.66,233.99,7990238199.18,453895506.35,0.47,2026-02-25T09:50:50.232Z
mm1r48kr4i3jeet9d,300170,汉得信息,2022Q4,2022,2022-12-31,3006881053.26,437771215.55,83210966.33,6.9812576698,122.14,,0.49,122.73,4.366425916035,11.84,29.6049560013,,,2.8,223.66,233.99,7990238199.18,453895506.35,0.47,2026-02-25T09:50:50.232Z
mm1r48krjh5dg49qz,300170,汉得信息,2023Q1,2023,2023-03-31,720481173.53,31620906.58,22264829.97,1.141405727,-90.91,8.91,0.0363,-90.85,4.436820599127,0.79,29.3159616726,,,2.8,223.66,233.99,7990238199.18,453895506.35,0.47,2026-02-25T09:50:50.232Z
mm1r48kr4w99f1hi9,300170,汉得信息,2023Q2,2023,2023-06-30,1471506381.62,30660431.53,12537445.79,0.7869695893,-92.3,-75.22,0.0339,-92.53,5.006416512574,0.71,29.7229388797,,,2.8,223.66,233.99,7990238199.18,453895506.35,0.47,2026-02-25T09:50:50.232Z
mm1r48krxrt796a1n,300170,汉得信息,2023Q3,2023,2023-09-30,2251360033.73,40171366.01,15515214.23,0.9482227201,-90.92,-80.9,0.0432,-91.44,5.008166917764,0.89,29.8473252191,,,2.8,223.66,233.99,7990238199.18,453895506.35,0.47,2026-02-25T09:50:50.232Z
mm1r48krml8am09tb,300170,汉得信息,2023Q4,2023,2023-12-31,2979698875.85,-25380322.74,-83393039.6,-0.9039990917,-105.8,,-0.03,-106.12,4.924943205412,-0.55,26.7960146453,,,2.8,223.66,233.99,7990238199.18,453895506.35,0.47,2026-02-25T09:50:50.232Z
mm1r48krr1no4w92v,300170,汉得信息,2024Q1,2024,2024-03-31,732248023.51,50445623.71,27079731.4,1.633193262,59.53,21.63,0.05,37.74,4.97187279783,1.04,30.3673251072,,,2.8,223.66,233.99,7990238199.18,453895506.35,0.47,2026-02-25T09:50:50.232Z
mm1r48kryzfva1z5o,300170,汉得信息,2024Q2,2024,2024-06-30,1520788401.57,83418215.76,61808385.15,3.3490863897,172.07,392.99,0.08,135.99,4.990987016239,1.71,32.4364588112,,,2.8,223.66,233.99,7990238199.18,453895506.35,0.47,2026-02-25T09:50:50.232Z
mm1r48kr49gpyby2r,300170,汉得信息,2024Q3,2024,2024-09-30,2352648180.71,135791908.11,113702237.04,4.4989759729,238.03,632.84,0.14,224.07,5.070326875953,2.76,32.7904651815,,,2.8,223.66,233.99,7990238199.18,453895506.35,0.47,2026-02-25T09:50:50.232Z
mm1r48krjkg5zyl8w,300170,汉得信息,2024Q4,2024,2024-12-31,3235150721.11,188391916.49,137272361.59,8.5730758678,842.28,,0.19,733.33,5.1898237364,3.79,32.9238426003,,,2.8,223.66,233.99,7990238199.18,453895506.35,0.47,2026-02-25T09:50:50.232Z
mm1r48kr6v2bgxtb1,300170,汉得信息,2025Q1,2025,2025-03-31,741574100.14,35259078.84,34478278.88,1.273622643,-30.1,27.32,0.04,-20,5.252659968765,0.69,33.6623588597,,,2.8,223.66,233.99,7990238199.18,453895506.35,0.47,2026-02-25T09:50:50.232Z
mm1r48kr45o5iaqzm,300170,汉得信息,2025Q2,2025,2025-06-30,1574554348.69,85006663.16,81313437.97,3.5353996036,1.9,31.56,0.09,12.5,5.335518642804,1.64,34.8670752163,,,2.8,223.66,233.99,7990238199.18,453895506.35,0.47,2026-02-25T09:50:50.232Z
mm1r48kr76drpii2c,300170,汉得信息,2025Q3,2025,2025-09-30,2438959029.24,145237847.86,135551069.2,3.6686678968,6.96,19.22,0.15,7.14,5.41604952196,2.75,34.9224289616,120.83,4.24,2.8,223.66,233.99,7990238199.18,453895506.35,0.47,2026-02-25T09:50:50.232Z
mm1r49da5s3qspftg,688041,海光信息,2019Q4,2019,2019-12-31,379165118.93,-82904633.83,-92631197.78,685.8119145985,33.2248701033,,-0.05,,1.155143208568,-3.97,37.3146605282,,,21.61,5729.03,5729.03,26516506839.17,5599782986.47,2.42,2026-02-25T09:50:51.334Z
mm1r49davskbfp2ty,688041,海光信息,2020Q4,2020,2020-12-31,1021972813.24,-39144522.29,-95190849.74,169.5323916198,52.7836738652,,-0.02,60,2.386297600967,-1.16,50.5008835405,,,21.61,5729.03,5729.03,26516506839.17,5599782986.47,2.42,2026-02-25T09:50:51.334Z
mm1r49dasbawcfv4i,688041,海光信息,2021Q2,2021,2021-06-30,571371289.39,-41716847.85,-67749124.36,0,0,,-0.0206,,2.405119322921,-0.8602,48.3741322993,,,21.61,5729.03,5729.03,26516506839.17,5599782986.47,2.42,2026-02-25T09:50:51.334Z
mm1r49daecbekr196,688041,海光信息,2021Q3,2021,2021-09-30,1359978738.48,124410136.99,80972600,0,0,,0.06,,0,0,52.9848729617,,,21.61,5729.03,5729.03,26516506839.17,5599782986.47,2.42,2026-02-25T09:50:51.334Z
mm1r49da768ksrfiy,688041,海光信息,2021Q4,2021,2021-12-31,2310415312.15,327109490.76,265460641.44,126.0740483717,935.645632195,,0.16,900,2.670352801379,6.41,55.9512962895,,,21.61,5729.03,5729.03,26516506839.17,5599782986.47,2.42,2026-02-25T09:50:51.334Z
mm1r49daifqaylkf2,688041,海光信息,2022Q1,2022,2022-03-31,967441078.35,143457665.75,134213252.55,529.7617047658,257.6776051688,,0.07,,2.774470204829,2.6031,64.9564822813,,,21.61,5729.03,5729.03,26516506839.17,5599782986.47,2.42,2026-02-25T09:50:51.334Z
mm1r49dat2xrmyy6a,688041,海光信息,2022Q2,2022,2022-06-30,2529731562.79,475902768.1,435904009.55,342.7474060677,1240.792731539,,0.24,1265.05,2.970926401602,8.33,57.8967197213,,,21.61,5729.03,5729.03,26516506839.17,5599782986.47,2.42,2026-02-25T09:50:51.334Z
mm1r49daidtpyytqn,688041,海光信息,2022Q3,2022,2022-09-30,3819873210.38,652104430.67,603617234.04,180.8774212639,424.16,645.46,0.32,433.33,7.243940957865,9.31,54.1515817758,,,21.61,5729.03,5729.03,26516506839.17,5599782986.47,2.42,2026-02-25T09:50:51.334Z
mm1r49davheu97yli,688041,海光信息,2022Q4,2022,2022-12-31,5125266686.59,803698128.25,748622856.83,121.8331336205,145.65,182.01,0.38,137.5,7.336776833758,8.49,52.4157537041,,,21.61,5729.03,5729.03,26516506839.17,5599782986.47,2.42,2026-02-25T09:50:51.334Z
mm1r49daaq8jscscf,688041,海光信息,2023Q1,2023,2023-03-31,1161313136.1,239394274.52,190509279.69,20.0396760163,66.87,41.95,0.1,42.86,7.466597474515,1.39,63.7393246826,,,21.61,5729.03,5729.03,26516506839.17,5599782986.47,2.42,2026-02-25T09:50:51.334Z
mm1r49da280oos1ny,688041,海光信息,2023Q2,2023,2023-06-30,2611694093.09,677451783.06,618997729.65,3.2399694697,42.35,42,0.29,20.83,7.641999934583,3.88,62.867051102,,,21.61,5729.03,5729.03,26516506839.17,5599782986.47,2.42,2026-02-25T09:50:51.334Z
mm1r49daycrqrl7k5,688041,海光信息,2023Q3,2023,2023-09-30,3942722953.12,901634547.05,833893633.39,3.2160685964,38.27,38.15,0.39,21.88,7.765331594095,5.13,60.6250342167,,,21.61,5729.03,5729.03,26516506839.17,5599782986.47,2.42,2026-02-25T09:50:51.334Z
mm1r49da84qn9ax8x,688041,海光信息,2023Q4,2023,2023-12-31,6011998991.03,1263178600.37,1136358033.6,17.3011934532,57.17,51.79,0.54,42.11,8.047488459229,7.11,59.6685892413,,,21.61,5729.03,5729.03,26516506839.17,5599782986.47,2.42,2026-02-25T09:50:51.334Z
mm1r49dacn3ajaswx,688041,海光信息,2024Q1,2024,2024-03-31,1592079880.4,288537305.29,271876253.55,37.0930742889,20.53,42.71,0.12,20,8.198507373685,1.53,62.8737542955,,,21.61,5729.03,5729.03,26516506839.17,5599782986.47,2.42,2026-02-25T09:50:51.334Z
mm1r49dau5k6qjpwj,688041,海光信息,2024Q2,2024,2024-06-30,3762912618.53,853395945.66,817630403.68,44.0793785339,25.97,32.09,0.37,27.59,8.266094226797,4.45,63.4258547333,,,21.61,5729.03,5729.03,26516506839.17,5599782986.47,2.42,2026-02-25T09:50:51.334Z
mm1r49darfb218xgf,688041,海光信息,2024Q3,2024,2024-09-30,6136539009.22,1525718345.3,1474892762.63,55.6421559969,69.22,76.87,0.66,69.23,8.528752978949,7.88,65.6338275493,,,21.61,5729.03,5729.03,26516506839.17,5599782986.47,2.42,2026-02-25T09:50:51.334Z
mm1r49da6xerlja1b,688041,海光信息,2024Q4,2024,2024-12-31,9162148135.92,1930990510.51,1815777649.92,52.3976991611,52.87,59.79,0.83,53.7,8.712570369329,9.92,63.7201964005,,,21.61,5729.03,5729.03,26516506839.17,5599782986.47,2.42,2026-02-25T09:50:51.334Z
mm1r49dawawno8dqg,688041,海光信息,2025Q1,2025,2025-03-31,2400148814.98,505894195.29,442161117.27,50.7555521886,75.33,62.63,0.22,83.33,8.941502970245,2.47,61.1949319314,,,21.61,5729.03,5729.03,26516506839.17,5599782986.47,2.42,2026-02-25T09:50:51.334Z
mm1r49da2r3fem9h7,688041,海光信息,2025Q2,2025,2025-06-30,5464235057.15,1201451841.15,1090013467.67,45.2129138009,40.78,33.31,0.52,40.54,9.082380084752,5.75,60.1469190848,,,21.61,5729.03,5729.03,26516506839.17,5599782986.47,2.42,2026-02-25T09:50:51.334Z
mm1r49dauqhutxpyu,688041,海光信息,2025Q3,2025,2025-09-30,9489974831.12,1961446439.52,1816705304.64,54.6470219917,28.56,23.18,0.85,28.79,9.420634304612,9.3,60.0972470918,219.06,26.42,21.61,5729.03,5729.03,26516506839.17,5599782986.47,2.42,2026-02-25T09:50:51.334Z
mm1r4a9i8a975q7yt,300750,宁德时代,2020Q4,2020,2020-12-31,50319487700,5583338700,4264694400,9.8966214176,22.43,,2.4942,,27.563003235924,11.27,27.7632677488,,,1.7,15416.67,16529.38,908675383000,144226488000,32.699999999999996,2026-02-25T09:50:52.448Z
mm1r4a9iuxemqsoqt,300750,宁德时代,2021Q1,2021,2021-03-31,19166685200,1954417200,1672086100,112.2369870098,163.38,,0.8463,,28.17985297864,3.01,27.2795235349,,,1.7,15416.67,16529.38,908675383000,144226488000,32.699999999999996,2026-02-25T09:50:52.448Z
mm1r4a9i9s9kg1b7x,300750,宁德时代,2021Q2,2021,2021-06-30,44074560600,4483787600,3918495100,134.0724411312,131.45,,1.9416,,29.522572977448,6.74,27.2556893057,,,1.7,15416.67,16529.38,908675383000,144226488000,32.699999999999996,2026-02-25T09:50:52.448Z
mm1r4a9ihrt1lk31r,300750,宁德时代,2021Q3,2021,2021-09-30,73361545500,7751145700,6603594618.67,132.727702058,130.9,,3.3464,,31.212711255834,11.36,27.5110256504,,,1.7,15416.67,16529.38,908675383000,144226488000,32.699999999999996,2026-02-25T09:50:52.448Z
mm1r4a9i707qoef86,300750,宁德时代,2021Q4,2021,2021-12-31,130355796400,15931317900,13442364300,159.0562868548,185.34,215.2,6.876,175.68,36.258544217666,21.52,26.283506408,,,1.7,15416.67,16529.38,908675383000,144226488000,32.699999999999996,2026-02-25T09:50:52.448Z
mm1r4a9iv7qvxdd3h,300750,宁德时代,2022Q1,2022,2022-03-31,48678419100,1492804600,977020300,153.97,-23.62,-41.57,0.6439,-23.92,36.558033863337,1.76,14.4845396181,,,1.7,15416.67,16529.38,908675383000,144226488000,32.699999999999996,2026-02-25T09:50:52.448Z
mm1r4a9iffj54yj3j,300750,宁德时代,2022Q2,2022,2022-06-30,112971257900,8168034600,7051287000,156.318511999,82.17,79.95,1.9574,0.81,57.23123749473,9.11,18.675464089,,,1.7,15416.67,16529.38,908675383000,144226488000,32.699999999999996,2026-02-25T09:50:52.448Z
mm1r4a9ito7qx1t7p,300750,宁德时代,2022Q3,2022,2022-09-30,210340240500,17591591700,16038385200,186.7172972794,126.95,142.87,4.1502,24.02,61.346502089146,15.98,18.9499569865,,,1.7,15416.67,16529.38,908675383000,144226488000,32.699999999999996,2026-02-25T09:50:52.448Z
mm1r4a9i4gm8i6rfs,300750,宁德时代,2022Q4,2022,2022-12-31,328593987500,30729163500,28213098000,152.0747036762,92.89,109.88,7.1766,4.37,67.340951957501,24.67,20.2512464718,,,1.7,15416.67,16529.38,908675383000,144226488000,32.699999999999996,2026-02-25T09:50:52.448Z
mm1r4a9iy0jtt3wuk,300750,宁德时代,2023Q1,2023,2023-03-31,89038465300,9822265100,7800056700,82.9115795998,557.97,698.35,2.2407,247.99,76.931767468991,5.8,21.2688454773,,,1.7,15416.67,16529.38,908675383000,144226488000,32.699999999999996,2026-02-25T09:50:52.448Z
mm1r4a9inntx77yjl,300750,宁德时代,2023Q2,2023,2023-06-30,189246041300,20717264500,17552996700,67.5169815915,153.64,148.93,4.7201,141.14,38.718789505585,12.31,21.6332700641,,,1.7,15416.67,16529.38,908675383000,144226488000,32.699999999999996,2026-02-25T09:50:52.448Z
mm1r4a9id32ve72c5,300750,宁德时代,2023Q3,2023,2023-09-30,294677250600,31145473600,26981002000,40.0955185273,77.05,68.23,7.0958,70.97,40.960939249078,18.25,21.9159138917,,,1.7,15416.67,16529.38,908675383000,144226488000,32.699999999999996,2026-02-25T09:50:52.448Z
mm1r4a9ibcv8kzges,300750,宁德时代,2023Q4,2023,2023-12-31,400917045000,44121248000,40091674000,22.0098541821,43.58,42.1,10.06,40.18,44.943443809685,24.04,19.1897341257,,,1.7,15416.67,16529.38,908675383000,144226488000,32.699999999999996,2026-02-25T09:50:52.448Z
mm1r4a9i2q1nqnvuh,300750,宁德时代,2024Q1,2024,2024-03-31,79770779000,10509923000,9247439000,-10.4086321218,7,18.56,2.39,6.66,47.221624634937,5.18,23.2518626902,,,1.7,15416.67,16529.38,908675383000,144226488000,32.699999999999996,2026-02-25T09:50:52.448Z
mm1r4a9i49v8zis0m,300750,宁德时代,2024Q2,2024,2024-06-30,166766834000,22864987000,20053941000,-11.8782972397,10.37,14.25,5.2,10.17,44.610080523647,11.39,23.4516594589,,,1.7,15416.67,16529.38,908675383000,144226488000,32.699999999999996,2026-02-25T09:50:52.448Z
mm1r4a9iyqgb0ney4,300750,宁德时代,2024Q3,2024,2024-09-30,259044749000,36001074000,32176411100,-12.0920435926,15.59,19.26,8.19,15.42,53.824627659235,17.73,24.9733531561,,,1.7,15416.67,16529.38,908675383000,144226488000,32.699999999999996,2026-02-25T09:50:52.448Z
mm1r4a9ik2gab6504,300750,宁德时代,2024Q4,2024,2024-12-31,362012554000,50744682000,44992920000,-9.7038755237,15.01,12.23,11.58,15.11,56.07628922308,24.13,24.4448967369,,,1.7,15416.67,16529.38,908675383000,144226488000,32.699999999999996,2026-02-25T09:50:52.448Z
mm1r4a9isbns7dtfd,300750,宁德时代,2025Q1,2025,2025-03-31,84704589000,13962558000,11829172000,6.184984103,32.85,27.92,3.18,33.05,59.399087976436,5.49,24.4077425368,,,1.7,15416.67,16529.38,908675383000,144226488000,32.699999999999996,2026-02-25T09:50:52.448Z
mm1r4a9icutj51hkd,300750,宁德时代,2025Q2,2025,2025-06-30,178886253000,30485139000,27197468000,7.2672837334,33.33,35.62,6.92,33.08,64.685888873536,11.63,25.0229680869,,,1.7,15416.67,16529.38,908675383000,144226488000,32.699999999999996,2026-02-25T09:50:52.448Z
mm1r4a9iqayt1gdng,300750,宁德时代,2025Q3,2025,2025-09-30,283071987000,49034109000,43619225000,9.2753233149,36.2,35.56,11.02,34.55,68.870925083292,17.76,25.3097598103,25.28,5.26,1.7,15416.67,16529.38,908675383000,144226488000,32.699999999999996,2026-02-25T09:50:52.448Z
mm1r4b193wowuls91,603019,中科曙光,2020Q4,2020,2020-12-31,10161133761.67,822381760.28,525742733.86,6.6621045023,38.53,,0.62,,8.015823250911,12.48,22.0384237651,,,4.36,1325.5,1325.88,30404099680.57,3792399480.54,2.6,2026-02-25T09:50:53.555Z
mm1r4b19a2vxmfjm9,603019,中科曙光,2021Q1,2021,2021-03-31,1982592947.83,81433408.81,36904003.47,-3.4409749588,38.48,,0.06,,8.071395829391,0.7,19.4469508863,,,4.36,1325.5,1325.88,30404099680.57,3792399480.54,2.6,2026-02-25T09:50:53.555Z
mm1r4b195bw5e20uj,603019,中科曙光,2021Q2,2021,2021-06-30,4498108970.28,352093087.82,206533597.53,12.7740176382,40.54,,0.24,,8.071389724089,2.99,21.6162850265,,,4.36,1325.5,1325.88,30404099680.57,3792399480.54,2.6,2026-02-25T09:50:53.555Z
mm1r4b1942qpsns00,603019,中科曙光,2021Q3,2021,2021-09-30,6502646094.17,465946283.73,234445931.71,9.1576772488,44.22,,0.32,,8.184530646916,3.95,21.7532340617,,,4.36,1325.5,1325.88,30404099680.57,3792399480.54,2.6,2026-02-25T09:50:53.555Z
mm1r4b19vijjk9qep,603019,中科曙光,2021Q4,2021,2021-12-31,11268605628.21,1176393795.02,791017355.79,10.899097409,40.78,50.46,0.81,30.65,8.671802106535,9.69,23.8689591019,,,4.36,1325.5,1325.88,30404099680.57,3792399480.54,2.6,2026-02-25T09:50:53.555Z
mm1r4b19720ggj1ep,603019,中科曙光,2022Q1,2022,2022-03-31,2180562684.21,109213120.31,39286125.19,9.9853949645,39.61,6.45,0.08,33.33,8.760481157031,0.86,20.9096145239,,,4.36,1325.5,1325.88,30404099680.57,3792399480.54,2.6,2026-02-25T09:50:53.555Z
mm1r4b19qhj3ot0vr,603019,中科曙光,2022Q2,2022,2022-06-30,5031681576.96,473270518.55,273202650.85,11.8621538563,37.05,32.28,0.33,37.5,9.019987456631,3.68,24.0453383253,,,4.36,1325.5,1325.88,30404099680.57,3792399480.54,2.6,2026-02-25T09:50:53.555Z
mm1r4b193492efdaa,603019,中科曙光,2022Q3,2022,2022-09-30,7386574437.54,653651873.37,372915960.79,13.5933638486,40.28,59.06,0.45,40.63,10.891711131837,4.95,24.0910011666,,,4.36,1325.5,1325.88,30404099680.57,3792399480.54,2.6,2026-02-25T09:50:53.555Z
mm1r4b19ob7pbw21b,603019,中科曙光,2022Q4,2022,2022-12-31,13007955200.9,1544304918.88,1151435731.36,15.4353575773,31.27,45.56,1.06,30.86,11.623637377105,10.21,26.2623001007,,,4.36,1325.5,1325.88,30404099680.57,3792399480.54,2.6,2026-02-25T09:50:53.555Z
mm1r4b19k9npsoa3l,603019,中科曙光,2023Q1,2023,2023-03-31,2297997842.11,130967541.52,48807654.09,5.385543775,19.92,24.24,0.09,12.5,11.732949627003,0.77,24.0371756038,,,4.36,1325.5,1325.88,30404099680.57,3792399480.54,2.6,2026-02-25T09:50:53.555Z
mm1r4b19uo2dmi322,603019,中科曙光,2023Q2,2023,2023-06-30,5400697692.86,544747215.16,305281669.6,7.3338527142,15.1,11.74,0.374,13.33,11.867408718744,3.15,26.0437619045,,,4.36,1325.5,1325.88,30404099680.57,3792399480.54,2.6,2026-02-25T09:50:53.555Z
mm1r4b19lw6yad73v,603019,中科曙光,2023Q3,2023,2023-09-30,7758143949.52,750275354.57,409587820.02,5.0303359849,14.78,9.83,0.514,14.22,11.950817876187,4.32,25.8754548747,,,4.36,1325.5,1325.88,30404099680.57,3792399480.54,2.6,2026-02-25T09:50:53.555Z
mm1r4b19b3kohbpmf,603019,中科曙光,2023Q4,2023,2023-12-31,14352658228.13,1835900702.06,1277827919.25,10.3375434991,18.88,10.98,1.26,18.87,12.742663385283,10.3,26.2608007827,,,4.36,1325.5,1325.88,30404099680.57,3792399480.54,2.6,2026-02-25T09:50:53.555Z
mm1r4b19fisc0h3mv,603019,中科曙光,2024Q1,2024,2024-03-31,2478641535.71,142577605.46,56619262.75,7.8609165896,8.86,16,0.098,8.89,12.842671853258,0.76,26.8511494015,,,4.36,1325.5,1325.88,30404099680.57,3792399480.54,2.6,2026-02-25T09:50:53.555Z
mm1r4b19colt9203p,603019,中科曙光,2024Q2,2024,2024-06-30,5712059095.8,563158665.42,366345850.84,5.7652070278,3.38,20,0.386,3.21,12.978525075149,2.97,26.2455231948,,,4.36,1325.5,1325.88,30404099680.57,3792399480.54,2.6,2026-02-25T09:50:53.555Z
mm1r4b19sxbhpyjq1,603019,中科曙光,2024Q3,2024,2024-09-30,8041454505.76,769521744.76,445040084.08,3.6517826697,2.57,8.66,0.528,2.72,13.109543522486,4.05,26.8114157656,,,4.36,1325.5,1325.88,30404099680.57,3792399480.54,2.6,2026-02-25T09:50:53.555Z
mm1r4b19gptkh4612,603019,中科曙光,2024Q4,2024,2024-12-31,13147685135.79,1911152257.13,1371680480.29,-8.3954698369,4.1,7.34,1.31,3.97,13.943440264066,9.81,29.161187698,,,4.36,1325.5,1325.88,30404099680.57,3792399480.54,2.6,2026-02-25T09:50:53.555Z
mm1r4b19membhjqz9,603019,中科曙光,2025Q1,2025,2025-03-31,2586233304.5,186472838.24,107067134.37,4.3407555001,30.79,89.1,0.128,30.61,13.808907342923,0.91,26.0682858463,,,4.36,1325.5,1325.88,30404099680.57,3792399480.54,2.6,2026-02-25T09:50:53.555Z
mm1r4b19zy8i8lznd,603019,中科曙光,2025Q2,2025,2025-06-30,5849961017.34,728660816.53,568586457.7,2.4142243493,29.39,55.2,0.5,29.53,14.225805638606,3.52,26.6495741589,,,4.36,1325.5,1325.88,30404099680.57,3792399480.54,2.6,2026-02-25T09:50:53.555Z
mm1r4b19hx5c988ck,603019,中科曙光,2025Q3,2025,2025-09-30,8820220222.94,966113568.64,757332693.11,9.684388771,25.55,70.17,0.662,25.38,14.396769938106,4.67,24.4533609774,62.76,5.98,4.36,1325.5,1325.88,30404099680.57,3792399480.54,2.6,2026-02-25T09:50:53.555Z
mm1r4bvfuixiepmh6,603259,药明康德,2020Q4,2020,2020-12-31,16535431465.41,2960235495.88,2385101961.61,28.4584080137,59.62,,1.06,,13.307918700364,12.91,37.9920883205,,,2.41,2469.57,2979.28,102552025055.48,33758664962.730003,11.83,2026-02-25T09:50:54.708Z
mm1r4bvfixgrxzaki,603259,药明康德,2021Q1,2021,2021-03-31,4950479646.73,1499805405.26,830008479.32,55.3084475639,394.92,,0.52,,14.402750900643,4.43,37.0991812224,,,2.41,2469.57,2979.28,102552025055.48,33758664962.730003,11.83,2026-02-25T09:50:54.708Z
mm1r4bvf5q9mee7y9,603259,药明康德,2021Q2,2021,2021-06-30,10536557946.98,2675100609.65,2127104631.62,45.7049588914,55.79,,0.92,,12.455638063205,7.7,36.9883700452,,,2.41,2469.57,2979.28,102552025055.48,33758664962.730003,11.83,2026-02-25T09:50:54.708Z
mm1r4bvfzljtqs61x,603259,药明康德,2021Q3,2021,2021-09-30,16521369391.37,3562226936.53,3106202684.32,39.8361818816,50.41,,1.22,,12.659502087588,10.23,36.9861288579,,,2.41,2469.57,2979.28,102552025055.48,33758664962.730003,11.83,2026-02-25T09:50:54.708Z
mm1r4bvfwuyht6j2l,603259,药明康德,2021Q4,2021,2021-12-31,22902385129.11,5097155283.68,4118691665.93,38.5049139904,72.19,72.68,1.75,65.09,13.022247562475,14.05,36.2849960593,,,2.41,2469.57,2979.28,102552025055.48,33758664962.730003,11.83,2026-02-25T09:50:54.708Z
mm1r4bvfn5zvewi0r,603259,药明康德,2022Q1,2022,2022-03-31,8474419333.59,1642947345.12,1714144938.66,71.183803153,9.54,106.52,0.56,7.69,13.655953879181,4.16,35.7911626301,,,2.41,2469.57,2979.28,102552025055.48,33758664962.730003,11.83,2026-02-25T09:50:54.708Z
mm1r4bvfffwr0j26s,603259,药明康德,2022Q2,2022,2022-06-30,17756257999.12,4635749253.06,3849967805.01,68.5204797285,73.29,81,1.59,72.83,14.231776138837,11.38,36.2517200684,,,2.41,2469.57,2979.28,102552025055.48,33758664962.730003,11.83,2026-02-25T09:50:54.708Z
mm1r4bvfee92hal94,603259,药明康德,2022Q3,2022,2022-09-30,28394561790.41,7377913928.98,6232172714.92,71.8656675351,107.12,100.64,2.52,106.56,15.136380061793,17.72,37.1226224167,,,2.41,2469.57,2979.28,102552025055.48,33758664962.730003,11.83,2026-02-25T09:50:54.708Z
mm1r4bvfpwtnh4158,603259,药明康德,2022Q4,2022,2022-12-31,39354777805.53,8813713033.51,8344743762.23,71.8370273824,72.91,102.61,3.01,72,15.73704889759,20.62,37.2954995012,,,2.41,2469.57,2979.28,102552025055.48,33758664962.730003,11.83,2026-02-25T09:50:54.708Z
mm1r4bvf5afryr9it,603259,药明康德,2023Q1,2023,2023-03-31,8963741607.53,2168128379.15,1868816896.68,5.7741097611,31.97,9.02,0.74,32.14,16.673237660133,4.53,39.8924938152,,,2.41,2469.57,2979.28,102552025055.48,33758664962.730003,11.83,2026-02-25T09:50:54.708Z
mm1r4bvf18o57nvea,603259,药明康德,2023Q2,2023,2023-06-30,18871285497.62,5313119704.09,4814845668.19,6.2796310943,14.61,25.06,1.81,13.84,16.786805416377,10.78,40.5155636487,,,2.41,2469.57,2979.28,102552025055.48,33758664962.730003,11.83,2026-02-25T09:50:54.708Z
mm1r4bvfkbzqbm32x,603259,药明康德,2023Q3,2023,2023-09-30,29541326133.58,8076407160.91,7709412169.46,4.0386759677,9.47,23.7,2.75,9.13,17.377107966262,16.19,41.2981425041,,,2.41,2469.57,2979.28,102552025055.48,33758664962.730003,11.83,2026-02-25T09:50:54.708Z
mm1r4bvf9svo6rd2d,603259,药明康德,2023Q4,2023,2023-12-31,40340806877.04,9606749135.07,9747587804.59,2.5054875837,9,16.81,3.27,8.64,18.566969886177,18.99,41.1791645366,,,2.41,2469.57,2979.28,102552025055.48,33758664962.730003,11.83,2026-02-25T09:50:54.708Z
mm1r4bvfo3q7oj925,603259,药明康德,2024Q1,2024,2024-03-31,7981934236.96,1942210693.65,2034382739.02,-10.9530976411,-10.42,8.86,0.67,-9.46,18.968042383881,3.51,38.1305038647,,,2.41,2469.57,2979.28,102552025055.48,33758664962.730003,11.83,2026-02-25T09:50:54.708Z
mm1r4bvft5doj96im,603259,药明康德,2024Q2,2024,2024-06-30,17240918263.02,4239822013.11,4413927157.98,-8.6394073939,-20.2,-8.33,1.46,-19.34,18.789596400659,7.62,39.3655446249,,,2.41,2469.57,2979.28,102552025055.48,33758664962.730003,11.83,2026-02-25T09:50:54.708Z
mm1r4bvf0exaanqeo,603259,药明康德,2024Q3,2024,2024-09-30,27702002254.76,6532934698.28,6681732283.44,-6.2262739002,-19.11,-13.33,2.25,-18.18,18.94743371453,11.73,40.6531846399,,,2.41,2469.57,2979.28,102552025055.48,33758664962.730003,11.83,2026-02-25T09:50:54.708Z
mm1r4bvfrm0o6y6b1,603259,药明康德,2024Q4,2024,2024-12-31,39241431359.88,9450308427.78,9988102785.24,-2.7252194546,-1.63,2.47,3.28,0.31,20.302238842236,16.78,41.4789046556,,,2.41,2469.57,2979.28,102552025055.48,33758664962.730003,11.83,2026-02-25T09:50:54.708Z
mm1r4bvf9xfgd4nfw,603259,药明康德,2025Q1,2025,2025-03-31,9654595304.28,3671960950.47,2329266627,20.9555856721,89.06,14.5,1.29,92.54,21.583290464667,6.08,42.2603537945,,,2.41,2469.57,2979.28,102552025055.48,33758664962.730003,11.83,2026-02-25T09:50:54.708Z
mm1r4bvfjghgq4jqt,603259,药明康德,2025Q2,2025,2025-06-30,20799281882.46,8560882627.56,5582126598.19,20.6390608966,101.92,26.47,3.01,106.16,20.859045130965,13.93,44.4494080411,,,2.41,2469.57,2979.28,102552025055.48,33758664962.730003,11.83,2026-02-25T09:50:54.708Z
mm1r4bvf7yfs33ctb,603259,药明康德,2025Q3,2025,2025-09-30,32856716508.86,12075512956.92,9522413145.23,18.6077316964,84.84,42.51,4.25,88.89,23.922951929888,19.26,46.622485442,18.5,4.2,2.41,2469.57,2979.28,102552025055.48,33758664962.730003,11.83,2026-02-25T09:50:54.708Z
mm1r4cqklrpz7wcyz,002812,恩捷股份,2020Q4,2020,2020-12-31,4283007589.11,1115604020.47,990507177.08,35.5570231716,31.27,,1.34,,12.419205828173,17.15,42.6338090907,,,1.92,540.14,644.93,28198447696.15,-709767693.9300001,-0.73,2026-02-25T09:50:55.803Z
mm1r4cqk8syx1o767,002812,恩捷股份,2021Q1,2021,2021-03-31,1443231634.43,432093790.46,404953748.72,161.0475252472,212.59,,0.49,,12.979785792923,3.8,48.5141450621,,,1.92,540.14,644.93,28198447696.15,-709767693.9300001,-0.73,2026-02-25T09:50:55.803Z
mm1r4cqkb6rnbkwfn,002812,恩捷股份,2021Q2,2021,2021-06-30,3393819309.12,1050192699.43,983755659.99,135.5764992988,226.76,,1.18,,13.519881015008,6.8,47.3095083172,,,1.92,540.14,644.93,28198447696.15,-709767693.9300001,-0.73,2026-02-25T09:50:55.803Z
mm1r4cqkd01n6voyn,002812,恩捷股份,2021Q3,2021,2021-09-30,5339086410,1755423408.66,1628381324.08,106.834754347,172.79,,1.97,,14.365504401261,14.61,48.2778706018,,,1.92,540.14,644.93,28198447696.15,-709767693.9300001,-0.73,2026-02-25T09:50:55.803Z
mm1r4cqkvk13yio3v,002812,恩捷股份,2021Q4,2021,2021-12-31,7982426810.59,2717628798.01,2567054537.19,86.3743326275,143.6,159.17,3.06,128.36,15.443085220509,21.85,49.8645736542,,,1.92,540.14,644.93,28198447696.15,-709767693.9300001,-0.73,2026-02-25T09:50:55.803Z
mm1r4cqk4n8ikrzya,002812,恩捷股份,2022Q1,2022,2022-03-31,2592318997.05,915710134.51,878373867.17,79.6190531864,111.92,116.91,1.03,110.2,16.466044223487,6.41,48.5393267562,,,1.92,540.14,644.93,28198447696.15,-709767693.9300001,-0.73,2026-02-25T09:50:55.803Z
mm1r4cqkxumdxlbrr,002812,恩捷股份,2022Q2,2022,2022-06-30,5756434454.32,2019699929.02,1940921991.9,69.6152308065,92.32,97.3,2.26,91.53,17.417766492592,13.69,50.0189084265,,,1.92,540.14,644.93,28198447696.15,-709767693.9300001,-0.73,2026-02-25T09:50:55.803Z
mm1r4cqkhhjg5hwg6,002812,恩捷股份,2022Q3,2022,2022-09-30,9279642533.46,3226000594,3111927673.26,73.8058128462,83.77,91.11,3.61,83.25,18.857956513899,21.24,49.6567096247,,,1.92,540.14,644.93,28198447696.15,-709767693.9300001,-0.73,2026-02-25T09:50:55.803Z
mm1r4cqk2jmwvdvnu,002812,恩捷股份,2022Q4,2022,2022-12-31,12590925529.68,4000461964.37,3839792123.08,57.7330532236,47.2,49.58,4.48,46.41,19.806873875139,25.39,47.8342686789,,,1.92,540.14,644.93,28198447696.15,-709767693.9300001,-0.73,2026-02-25T09:50:55.803Z
mm1r4cqk7yw2mhc92,002812,恩捷股份,2023Q1,2023,2023-03-31,2568465530.97,649239029.72,627858465.64,-0.9201593672,-29.1,-28.52,0.73,-29.13,20.578065387976,3.59,46.0268502289,,,1.92,540.14,644.93,28198447696.15,-709767693.9300001,-0.73,2026-02-25T09:50:55.803Z
mm1r4cqkx5qvhfpuc,002812,恩捷股份,2023Q2,2023,2023-06-30,5568475902.67,1404661166.62,1343909206.82,-3.2651905123,-30.45,-30.76,1.55,-31.42,27.143846028123,7.6,43.5061493039,,,1.92,540.14,644.93,28198447696.15,-709767693.9300001,-0.73,2026-02-25T09:50:55.803Z
mm1r4cqk2oj6gdq8q,002812,恩捷股份,2023Q3,2023,2023-09-30,9093407562.35,2153560860.82,2053973609.88,-2.0069196678,-33.24,-34,2.31,-36.01,27.494179046399,11.24,40.3433992152,,,1.92,540.14,644.93,28198447696.15,-709767693.9300001,-0.73,2026-02-25T09:50:55.803Z
mm1r4cqkqc2c9l7xy,002812,恩捷股份,2023Q4,2023,2023-12-31,12042229789.3,2526688570.92,2461257928.99,-4.3578666166,-36.84,-35.9,2.68,-40.18,27.487738992713,11.87,37.4266760543,,,1.92,540.14,644.93,28198447696.15,-709767693.9300001,-0.73,2026-02-25T09:50:55.803Z
mm1r4cqk68q66yasf,002812,恩捷股份,2024Q1,2024,2024-03-31,2327574815.97,158141200.24,149108725.8,-9.3787793566,-75.64,-76.25,0.16,-78.08,27.536068618397,0.59,18.8706565472,,,1.92,540.14,644.93,28198447696.15,-709767693.9300001,-0.73,2026-02-25T09:50:55.803Z
mm1r4cqklaky4umua,002812,恩捷股份,2024Q2,2024,2024-06-30,4783241580.48,291027352.44,259507389.87,-14.1014226498,-79.28,-80.69,0.3,-80.65,26.017863967338,1.15,21.0232786331,,,1.92,540.14,644.93,28198447696.15,-709767693.9300001,-0.73,2026-02-25T09:50:55.803Z
mm1r4cqkq2tcht8dm,002812,恩捷股份,2024Q3,2024,2024-09-30,7464675528.2,443499563.79,416821031.27,-17.9111298266,-79.41,-79.71,0.45,-80.52,26.195825862631,1.74,20.9645926887,,,1.92,540.14,644.93,28198447696.15,-709767693.9300001,-0.73,2026-02-25T09:50:55.803Z
mm1r4cqkvauy5fc4r,002812,恩捷股份,2024Q4,2024,2024-12-31,10163655793.7,-556317501.09,-613297983.45,-15.5998849754,-122.02,,-0.57,-121.27,25.143139728626,-2.17,11.0679637874,,,1.92,540.14,644.93,28198447696.15,-709767693.9300001,-0.73,2026-02-25T09:50:55.803Z
mm1r4cqkne45amc9a,002812,恩捷股份,2025Q1,2025,2025-03-31,2728626155.64,25986601.51,29195738.48,17.2304381762,-83.57,-80.42,0.03,-81.25,25.352742439449,0.11,17.1404782071,,,1.92,540.14,644.93,28198447696.15,-709767693.9300001,-0.73,2026-02-25T09:50:55.803Z
mm1r4cqka64otjybd,002812,恩捷股份,2025Q2,2025,2025-06-30,5762881059.27,-93113809.97,-94538212.54,20.4806607048,-131.99,,-0.1,-133.33,25.52142217583,-0.38,15.5340097308,,,1.92,540.14,644.93,28198447696.15,-709767693.9300001,-0.73,2026-02-25T09:50:55.803Z
mm1r4cqk6v02mgmqs,002812,恩捷股份,2025Q3,2025,2025-09-30,9543284687.54,-86322984.38,-84365204.49,27.8459412132,-119.46,,-0.09,-120,25.540981134127,-0.35,15.8989063516,-560.33,2.61,1.92,540.14,644.93,28198447696.15,-709767693.9300001,-0.73,2026-02-25T09:50:55.803Z
mm1r4g9mdhg30sr1u,002311,海大集团,2020Q4,2020,2020-12-31,60323862405.94,2522730419.35,2459587964.11,26.6972992193,53.01,,1.6,,8.411207822968,23.87,11.6572156789,,,0.31,903.75,904.41,295155045498.37,12567313507.25,7.56,2026-02-25T09:51:00.594Z
mm1r4g9m1cn4s63fl,002311,海大集团,2021Q1,2021,2021-03-31,15713132477.82,707280316.86,691739925.38,49.7653609803,132.9,,0.43,,8.430844053398,4.97,11.6468781788,,,0.31,903.75,904.41,295155045498.37,12567313507.25,7.56,2026-02-25T09:51:00.594Z
mm1r4g9my9caxulwm,002311,海大集团,2021Q2,2021,2021-06-30,38191235359.27,1532586043.98,1496856775.18,47.5366863901,38.82,,0.93,,8.635159338707,10.68,10.6150563396,,,0.31,903.75,904.41,295155045498.37,12567313507.25,7.56,2026-02-25T09:51:00.594Z
mm1r4g9mm4j3lbada,002311,海大集团,2021Q3,2021,2021-09-30,64313902856.38,1746473858.81,1703773814.51,46.8157528871,-15.77,,1.06,,8.83400409966,12.26,9.1071595821,,,0.31,903.75,904.41,295155045498.37,12567313507.25,7.56,2026-02-25T09:51:00.594Z
mm1r4g9mkqseeexho,002311,海大集团,2021Q4,2021,2021-12-31,86091961539.13,1636237735.85,1564048490.25,42.7162620321,-36.73,-36.41,0.98,-38.75,8.729633394705,11.77,8.4782493881,,,0.31,903.75,904.41,295155045498.37,12567313507.25,7.56,2026-02-25T09:51:00.594Z
mm1r4g9mebwf6up1o,002311,海大集团,2022Q1,2022,2022-03-31,19953219403.77,200704938.91,184262785.31,26.9843516685,-71.62,-73.36,0.12,-72.09,8.89827524041,1.37,8.024905261,,,0.31,903.75,904.41,295155045498.37,12567313507.25,7.56,2026-02-25T09:51:00.594Z
mm1r4g9m4bnu48h3v,002311,海大集团,2022Q2,2022,2022-06-30,46325511713.26,918530907.67,905109382.97,21.2988039729,-40.07,-39.53,0.55,-40.86,9.155329476375,6.15,8.7610208687,,,0.31,903.75,904.41,295155045498.37,12567313507.25,7.56,2026-02-25T09:51:00.594Z
mm1r4g9mz18fome9j,002311,海大集团,2022Q3,2022,2022-09-30,78954942042.13,2101747970.81,2080137547.9,22.7649676594,20.34,22.09,1.27,19.81,9.845839645557,13.63,9.0324489524,,,0.31,903.75,904.41,295155045498.37,12567313507.25,7.56,2026-02-25T09:51:00.594Z
mm1r4g9mcvvxf95b4,002311,海大集团,2022Q4,2022,2022-12-31,104715417485.92,2957330734.56,2883311221.53,21.6320497452,80.54,84.35,1.79,82.65,10.734985159022,18.47,9.2745057212,,,0.31,903.75,904.41,295155045498.37,12567313507.25,7.56,2026-02-25T09:51:00.594Z
mm1r4g9m2cvf77lm5,002311,海大集团,2023Q1,2023,2023-03-31,23358349660.13,407909413.3,389199275.36,17.0655681545,103.24,111.22,0.25,108.33,10.99182769012,2.26,8.393696136,,,0.31,903.75,904.41,295155045498.37,12567313507.25,7.56,2026-02-25T09:51:00.594Z
mm1r4g9muocqz9720,002311,海大集团,2023Q2,2023,2023-06-30,52736651945.8,1100180560.23,1081385447.09,13.8393295518,19.78,19.48,0.67,21.82,10.950477529091,6.23,8.8607816628,,,0.31,903.75,904.41,295155045498.37,12567313507.25,7.56,2026-02-25T09:51:00.594Z
mm1r4g9mqm0s2762f,002311,海大集团,2023Q3,2023,2023-09-30,86926370791.72,2251573197.16,2184106383.57,10.0961745312,7.13,5,1.36,7.09,11.607878879769,12.02,8.7084525379,,,0.31,903.75,904.41,295155045498.37,12567313507.25,7.56,2026-02-25T09:51:00.594Z
mm1r4g9mhv0hqabii,002311,海大集团,2023Q4,2023,2023-12-31,116117168742.97,2741256374.98,2541491959.42,10.8883214438,-7.31,-11.86,1.66,-7.26,11.808930078712,14.53,8.4712281429,,,0.31,903.75,904.41,295155045498.37,12567313507.25,7.56,2026-02-25T09:51:00.594Z
mm1r4g9mpn70r1oz1,002311,海大集团,2024Q1,2024,2024-03-31,23171735504.66,860694642.71,759671794.96,-0.798918409,111,95.19,0.52,108,11.896785543467,4.29,10.7507011303,,,0.31,903.75,904.41,295155045498.37,12567313507.25,7.56,2026-02-25T09:51:00.594Z
mm1r4g9mjcpwgqyxw,002311,海大集团,2024Q2,2024,2024-06-30,52295799651.78,2125048357.31,2032794589.65,-0.835950478,93.15,87.98,1.28,91.04,12.103784449006,10.56,11.1455107908,,,0.31,903.75,904.41,295155045498.37,12567313507.25,7.56,2026-02-25T09:51:00.594Z
mm1r4g9m1ndznfq7i,002311,海大集团,2024Q3,2024,2024-09-30,84860629741.81,3623823222.79,3518747378.15,-2.3764261997,60.95,61.11,2.18,60.29,13.337297545815,17.28,11.3309179438,,,0.31,903.75,904.41,295155045498.37,12567313507.25,7.56,2026-02-25T09:51:00.594Z
mm1r4g9maoa6h37hn,002311,海大集团,2024Q4,2024,2024-12-31,114601056662.29,4503995518.39,4539064747.56,-1.3056743435,64.3,78.6,2.71,63.25,14.368326461668,20.88,11.3100869674,,,0.31,903.75,904.41,295155045498.37,12567313507.25,7.56,2026-02-25T09:51:00.594Z
mm1r4g9ms0ealve0q,002311,海大集团,2025Q1,2025,2025-03-31,25628943274.11,1282349455.39,1280674503.11,10.6043320275,48.99,68.58,0.77,48.08,14.753941155852,5.29,12.6601592586,,,0.31,903.75,904.41,295155045498.37,12567313507.25,7.56,2026-02-25T09:51:00.594Z
mm1r4g9m9dgebl0zc,002311,海大集团,2025Q2,2025,2025-06-30,58830895138.88,2638540924.21,2654242111.82,12.4964060797,24.16,30.57,1.59,24.22,14.6675468321,10.7,11.733066583,,,0.31,903.75,904.41,295155045498.37,12567313507.25,7.56,2026-02-25T09:51:00.594Z
mm1r4g9miwy35tpx8,002311,海大集团,2025Q3,2025,2025-09-30,96094150423.09,4142427609.26,4177150058.5,13.2376117352,14.31,18.71,2.49,14.22,15.187778797333,16.67,11.1325849866,16.37,3.58,0.31,903.75,904.41,295155045498.37,12567313507.25,7.56,2026-02-25T09:51:00.594Z
mm1r4juv7s6uyao2k,000034,神州数码,2020Q4,2020,2020-12-31,92060443406.22,624091822.04,656155411.58,6.0562932396,-11.02,,0.9637,,7.126045844722,14.43,3.5986019229,,,0.07,226,270.35,333895674234.2,2066395647.4,3.1288,2026-02-25T09:51:05.593Z
mm1r4juvvp4e2n61e,000034,神州数码,2021Q1,2021,2021-03-31,24018941906.96,156428462.64,153315170.71,33.6916026262,31.45,,0.2427,,7.196935433899,3.32,3.6157242964,,,0.07,226,270.35,333895674234.2,2066395647.4,3.1288,2026-02-25T09:51:05.593Z
mm1r4juv5652vlb35,000034,神州数码,2021Q2,2021,2021-06-30,56699791624.78,-129662823.33,341310259.16,39.5830667424,-154.09,,-0.202,,7.72879394445,-2.6,3.3945311939,,,0.07,226,270.35,333895674234.2,2066395647.4,3.1288,2026-02-25T09:51:05.593Z
mm1r4juvcfh109fkb,000034,神州数码,2021Q3,2021,2021-09-30,86010595812.24,48970353.81,504915232.49,35.0513447807,-88.38,,0.076,,8.930135664163,0.93,3.380221766,,,0.07,226,270.35,333895674234.2,2066395647.4,3.1288,2026-02-25T09:51:05.593Z
mm1r4juvjxhcr2y9y,000034,神州数码,2021Q4,2021,2021-12-31,122384875621.23,249163047.06,676600807.64,32.939698195,-61.85,3.12,0.3858,-59.97,9.262980903201,4.4,3.3525757671,,,0.07,226,270.35,333895674234.2,2066395647.4,3.1288,2026-02-25T09:51:05.593Z
mm1r4juv7snl0o4r4,000034,神州数码,2022Q1,2022,2022-03-31,28598823326.01,187325953.96,184184303.69,19.0677900667,19.75,20.13,0.2909,19.86,9.29606004039,3.86,3.8812531007,,,0.07,226,270.35,333895674234.2,2066395647.4,3.1288,2026-02-25T09:51:05.593Z
mm1r4juvqo0ga7auh,000034,神州数码,2022Q2,2022,2022-06-30,57673584821.54,389782203.79,376719136.76,1.7174546305,400.61,10.37,0.6082,401.09,10.088232931462,5.92,3.851801805,,,0.07,226,270.35,333895674234.2,2066395647.4,3.1288,2026-02-25T09:51:05.593Z
mm1r4juv51oxbey20,000034,神州数码,2022Q3,2022,2022-09-30,84499058554.25,681002922.16,659439429.91,-1.7573849404,1290.64,30.6,1.0623,1297.76,10.596833415311,10.11,3.9592262604,,,0.07,226,270.35,333895674234.2,2066395647.4,3.1288,2026-02-25T09:51:05.593Z
mm1r4juvkkcrluv2p,000034,神州数码,2022Q4,2022,2022-12-31,115880020611.9,1004405512.88,920772333.37,-5.3150807862,303.11,36.09,1.5652,305.7,11.372539348022,14.97,3.923875882,,,0.07,226,270.35,333895674234.2,2066395647.4,3.1288,2026-02-25T09:51:05.593Z
mm1r4juvb9ixqtxcu,000034,神州数码,2023Q1,2023,2023-03-31,27116531769.73,209104951.63,237820887.76,-5.1830508528,11.63,29.12,0.3193,9.76,11.702811556525,2.71,3.677077116,,,0.07,226,270.35,333895674234.2,2066395647.4,3.1288,2026-02-25T09:51:05.593Z
mm1r4juvin4w2nd33,000034,神州数码,2023Q2,2023,2023-06-30,55601481546.39,433394772.59,428267877.17,-3.5928116512,11.19,13.68,0.6616,8.78,11.596801149222,5.54,3.7039487619,,,0.07,226,270.35,333895674234.2,2066395647.4,3.1288,2026-02-25T09:51:05.593Z
mm1r4juvwsoyp8xa3,000034,神州数码,2023Q3,2023,2023-09-30,84155059026.81,850666710.82,842889412.63,-0.4071045682,24.91,27.82,1.2989,22.27,12.268054212177,10.57,3.9366385276,,,0.07,226,270.35,333895674234.2,2066395647.4,3.1288,2026-02-25T09:51:05.593Z
mm1r4juvvippjymnk,000034,神州数码,2023Q4,2023,2023-12-31,119623887693.45,1171783006.53,1263481880.75,3.2308132686,16.66,37.22,1.7937,14.6,12.675932374548,14.65,3.9564729907,,,0.07,226,270.35,333895674234.2,2066395647.4,3.1288,2026-02-25T09:51:05.593Z
mm1r4juvrykswlvr2,000034,神州数码,2024Q1,2024,2024-03-31,29271539087.87,234925119.88,202780612.66,7.9472085016,12.35,-14.73,0.3549,11.15,13.147051623202,2.7,4.5744664892,,,0.07,226,270.35,333895674234.2,2066395647.4,3.1288,2026-02-25T09:51:05.593Z
mm1r4juvpb1hesyin,000034,神州数码,2024Q2,2024,2024-06-30,62562141764.49,509343671.93,454550305.13,12.5188394707,17.52,6.14,0.7867,18.91,13.455416027135,5.81,4.452082299,,,0.07,226,270.35,333895674234.2,2066395647.4,3.1288,2026-02-25T09:51:05.593Z
mm1r4juv0lijc574m,000034,神州数码,2024Q3,2024,2024-09-30,91571184640.35,893535527.37,860570837.94,8.8124537007,5.04,2.1,1.3814,6.35,13.82864840678,9.99,4.492753904,,,0.07,226,270.35,333895674234.2,2066395647.4,3.1288,2026-02-25T09:51:05.593Z
mm1r4juv9h937jl28,000034,神州数码,2024Q4,2024,2024-12-31,128166392637.76,752694649.23,1014835672.12,7.1411363642,-35.77,-19.68,1.1653,-35.03,13.703639893364,8.47,4.2108084677,,,0.07,226,270.35,333895674234.2,2066395647.4,3.1288,2026-02-25T09:51:05.593Z
mm1r4juv817fu95mi,000034,神州数码,2025Q1,2025,2025-03-31,31778428736.85,217274596.04,223853196.6,8.5642563633,-7.51,10.39,0.3312,-6.68,15.015826246249,2.27,3.7265153458,,,0.07,226,270.35,333895674234.2,2066395647.4,3.1288,2026-02-25T09:51:05.593Z
mm1r4juvht6r1ngol,000034,神州数码,2025Q2,2025,2025-06-30,71585506815.36,426388431.88,436042649.29,14.4230437072,-16.29,-4.07,0.6382,-18.88,15.029965972729,4.19,3.4909581383,,,0.07,226,270.35,333895674234.2,2066395647.4,3.1288,2026-02-25T09:51:05.593Z
mm1r4juvxlgxuldya,000034,神州数码,2025Q3,2025,2025-09-30,102365346044.23,670037970.25,656058067.23,11.7877271614,-25.01,-23.76,0.9941,-28.04,15.364161221044,6.45,3.5493191739,30.26,2.43,0.07,226,270.35,333895674234.2,2066395647.4,3.1288,2026-02-25T09:51:05.593Z
mm1r4kr5sxr0mnmeq,600276,恒瑞医药,2020Q4,2020,2020-12-31,27734598747.82,6328383219.69,5961246061.35,19.0909999172,18.78,,0.99,,5.721290743088,22.51,87.9259487405,,,4.98,3690.89,3840.28,74139492022.45,18411858456.84,2.8899999999999997,2026-02-25T09:51:06.833Z
mm1r4kr6b488pkslf,600276,恒瑞医药,2021Q1,2021,2021-03-31,6929054893.69,1496547606.47,1471304323.43,25.3670289829,13.77,,0.23,,6.037341699199,4.78,86.861145375,,,4.98,3690.89,3840.28,74139492022.45,18411858456.84,2.8899999999999997,2026-02-25T09:51:06.833Z
mm1r4kr6zr1g00x7z,600276,恒瑞医药,2021Q2,2021,2021-06-30,13297542736.29,2667595055.64,2647023650.06,17.5849462992,0.21,,0.42,,5.124785254696,8.34,86.807937459,,,4.98,3690.89,3840.28,74139492022.45,18411858456.84,2.8899999999999997,2026-02-25T09:51:06.833Z
mm1r4kr6e8ytdud8j,600276,恒瑞医药,2021Q3,2021,2021-09-30,20198968493.15,4207201011.41,4148940893.77,4.0480006315,-1.21,,0.66,,5.351702729937,12.96,86.4915512642,,,4.98,3690.89,3840.28,74139492022.45,18411858456.84,2.8899999999999997,2026-02-25T09:51:06.833Z
mm1r4kr6mjnbusepi,600276,恒瑞医药,2021Q4,2021,2021-12-31,25905526375.8,4530217550.47,4200699248.35,-6.5949119677,-28.41,-29.53,0.71,-28.28,5.472622905414,13.96,85.5559833225,,,4.98,3690.89,3840.28,74139492022.45,18411858456.84,2.8899999999999997,2026-02-25T09:51:06.833Z
mm1r4kr634e8987vs,600276,恒瑞医药,2022Q1,2022,2022-03-31,5478539090.55,1236949171.02,1180040843.66,-20.9338189031,-17.35,-19.8,0.19,-17.39,5.681565646584,3.47,84.388267,,,4.98,3690.89,3840.28,74139492022.45,18411858456.84,2.8899999999999997,2026-02-25T09:51:06.833Z
mm1r4kr65ud680plm,600276,恒瑞医药,2022Q2,2022,2022-06-30,10228041760.89,2119331680.82,2008675627.68,-23.083219481,-20.55,-24.12,0.33,-21.43,5.654193913194,5.88,83.4970759502,,,4.98,3690.89,3840.28,74139492022.45,18411858456.84,2.8899999999999997,2026-02-25T09:51:06.833Z
mm1r4kr6os3tq91z6,600276,恒瑞医药,2022Q3,2022,2022-09-30,15945305398.3,3173389854.38,3051171760.23,-21.0588134552,-24.57,-26.46,0.5,-24.24,5.761566841048,8.88,83.2631109664,,,4.98,3690.89,3840.28,74139492022.45,18411858456.84,2.8899999999999997,2026-02-25T09:51:06.833Z
mm1r4kr63tko74u43,600276,恒瑞医药,2022Q4,2022,2022-12-31,21275270681.52,3906375067.36,3409628644.01,-17.8736213544,-13.77,-18.83,0.61,-14.08,5.929385047189,10.89,83.6117765913,,,4.98,3690.89,3840.28,74139492022.45,18411858456.84,2.8899999999999997,2026-02-25T09:51:06.833Z
mm1r4kr6z57mv05ca,600276,恒瑞医药,2023Q1,2023,2023-03-31,5492320140.43,1239107494.38,1220142401.43,0.2515460719,0.17,3.4,0.19,,6.09684844658,3.23,84.3505645173,,,4.98,3690.89,3840.28,74139492022.45,18411858456.84,2.8899999999999997,2026-02-25T09:51:06.833Z
mm1r4kr6o41k3n0k3,600276,恒瑞医药,2023Q2,2023,2023-06-30,11168379006.13,2308265047.72,2243299159.39,9.1937173041,8.91,11.68,0.36,9.09,6.091956952043,5.94,84.1573054031,,,4.98,3690.89,3840.28,74139492022.45,18411858456.84,2.8899999999999997,2026-02-25T09:51:06.833Z
mm1r4kr62z0komvoa,600276,恒瑞医药,2023Q3,2023,2023-09-30,17013632174.61,3473779150.73,3360195476.61,6.6999455302,9.47,10.13,0.55,10,6.213652055823,8.91,84.3798545949,,,4.98,3690.89,3840.28,74139492022.45,18411858456.84,2.8899999999999997,2026-02-25T09:51:06.833Z
mm1r4kr6p4hx51rxn,600276,恒瑞医药,2023Q4,2023,2023-12-31,22819784741.31,4302435930.05,4141262764.05,7.2596681984,10.14,21.46,0.68,11.48,6.343593185979,10.99,84.5517921099,,,4.98,3690.89,3840.28,74139492022.45,18411858456.84,2.8899999999999997,2026-02-25T09:51:06.833Z
mm1r4kr6bqfua817q,600276,恒瑞医药,2024Q1,2024,2024-03-31,5997533912.14,1368929247.85,1440480282.74,9.198549225,10.48,18.06,0.21,10.53,6.564271806304,3.33,84.2793822706,,,4.98,3690.89,3840.28,74139492022.45,18411858456.84,2.8899999999999997,2026-02-25T09:51:06.833Z
mm1r4kr6xjul5rho4,600276,恒瑞医药,2024Q2,2024,2024-06-30,13600734114.77,3431748098.1,3490051456.55,21.7789448881,48.67,55.58,0.54,50,6.681647219159,8.13,86.2264518991,,,4.98,3690.89,3840.28,74139492022.45,18411858456.84,2.8899999999999997,2026-02-25T09:51:06.833Z
mm1r4kr6s16917k58,600276,恒瑞医药,2024Q3,2024,2024-09-30,20189303845.1,4619575874.29,4616314757.24,18.6654539013,32.98,37.38,0.73,32.73,6.861246781514,10.88,85.9669124828,,,4.98,3690.89,3840.28,74139492022.45,18411858456.84,2.8899999999999997,2026-02-25T09:51:06.833Z
mm1r4kr6o6bna0o3n,600276,恒瑞医药,2024Q4,2024,2024-12-31,27984605342.06,6336527014.75,6177966481.3,22.6330820352,47.28,49.18,1,47.06,7.135890520976,14.73,86.2489488601,,,4.98,3690.89,3840.28,74139492022.45,18411858456.84,2.8899999999999997,2026-02-25T09:51:06.833Z
mm1r4kr6in66g9uhv,600276,恒瑞医药,2025Q1,2025,2025-03-31,7205611122.72,1874055519.98,1863286591.29,20.1428992029,36.9,29.35,0.3,42.86,7.365894770502,4.08,85.169023166,,,4.98,3690.89,3840.28,74139492022.45,18411858456.84,2.8899999999999997,2026-02-25T09:51:06.833Z
mm1r4kr6urtawxxn5,600276,恒瑞医药,2025Q2,2025,2025-06-30,15761193628.9,4450106384.46,4272848537.94,15.8848742715,29.67,22.43,0.7,29.63,8.808659122321,9.42,86.5812055928,,,4.98,3690.89,3840.28,74139492022.45,18411858456.84,2.8899999999999997,2026-02-25T09:51:06.833Z
mm1r4kr68rnf2j8o9,600276,恒瑞医药,2025Q3,2025,2025-09-30,23188081928.77,5751169537.65,5589349747.69,14.8533010681,24.5,21.08,0.89,21.92,8.965264255531,11.09,86.2194674266,50.08,6.45,4.98,3690.89,3840.28,74139492022.45,18411858456.84,2.8899999999999997,2026-02-25T09:51:06.833Z
mm1r4maoa108f64l4,600563,法拉电子,2020Q4,2020,2020-12-31,1890574260.67,555558927.85,486850550.57,12.5126207269,21.85,,2.47,,12.866753184667,20.46,44.0769419274,,,2.09,259.49,259.49,12418928321.36,2760603484.16,12.27,2026-02-25T09:51:08.841Z
mm1r4maor72hodube,600563,法拉电子,2021Q1,2021,2021-03-31,580620043.77,165433799.39,157498331.05,67.9635961818,78.08,,0.735,,13.600572713556,5.56,43.9826471425,,,2.09,259.49,259.49,12418928321.36,2760603484.16,12.27,2026-02-25T09:51:08.841Z
mm1r4maozoa3ysa7j,600563,法拉电子,2021Q2,2021,2021-06-30,1282751343.3,363602193.36,344930474.26,53.3438783252,57.87,,1.62,,13.181039699244,12.41,43.6538137064,,,2.09,259.49,259.49,12418928321.36,2760603484.16,12.27,2026-02-25T09:51:08.841Z
mm1r4maojc449saj3,600563,法拉电子,2021Q3,2021,2021-09-30,2020874216.08,551413241.37,524124390.35,51.2276126646,50.12,,2.45,,14.016511044933,18.23,42.4447990847,,,2.09,259.49,259.49,12418928321.36,2760603484.16,12.27,2026-02-25T09:51:08.841Z
mm1r4maon8xp4xdpd,600563,法拉电子,2021Q4,2021,2021-12-31,2810556214.32,830619056.16,735193195.29,48.6615084521,49.51,51.01,3.69,49.39,15.260707449733,26.66,42.143601767,,,2.09,259.49,259.49,12418928321.36,2760603484.16,12.27,2026-02-25T09:51:08.841Z
mm1r4maoqbraa783x,600563,法拉电子,2022Q1,2022,2022-03-31,840129840.25,204392674.38,192690858.46,44.6952872648,23.55,22.34,0.91,23.81,16.168154911511,5.77,37.8103468085,,,2.09,259.49,259.49,12418928321.36,2760603484.16,12.27,2026-02-25T09:51:08.841Z
mm1r4mao6il8jlk0w,600563,法拉电子,2022Q2,2022,2022-06-30,1763259784.46,432045316.05,430260314.32,37.4592038956,18.82,24.74,1.92,18.52,15.582291119911,12.45,38.5227145811,,,2.09,259.49,259.49,12418928321.36,2760603484.16,12.27,2026-02-25T09:51:08.841Z
mm1r4maoa67ta6c22,600563,法拉电子,2022Q3,2022,2022-09-30,2816633000.39,691431271.79,698082192.49,39.3769576542,25.39,33.19,3.07,25.31,16.734680666578,19.21,38.2622312257,,,2.09,259.49,259.49,12418928321.36,2760603484.16,12.27,2026-02-25T09:51:08.841Z
mm1r4maovkds6rubx,600563,法拉电子,2022Q4,2022,2022-12-31,3836216258.99,1006777692.24,974914659.24,36.4931339727,21.21,32.61,4.47,21.14,18.134637831422,27.23,38.3069818774,,,2.09,259.49,259.49,12418928321.36,2760603484.16,12.27,2026-02-25T09:51:08.841Z
mm1r4maoxk3c5pgvw,600563,法拉电子,2023Q1,2023,2023-03-31,929327381.39,231173787,229939752.85,10.617113792,13.1,19.33,1.03,13.19,19.1555707316,5.51,37.653084212,,,2.09,259.49,259.49,12418928321.36,2760603484.16,12.27,2026-02-25T09:51:08.841Z
mm1r4mao0756us88t,600563,法拉电子,2023Q2,2023,2023-06-30,1971766001.67,491084666.63,508636739.14,11.8250424043,13.67,18.22,2.18,13.54,18.519352153822,11.91,38.7714634857,,,2.09,259.49,259.49,12418928321.36,2760603484.16,12.27,2026-02-25T09:51:08.841Z
mm1r4maoj1oireson,600563,法拉电子,2023Q3,2023,2023-09-30,2871469588.83,714546739.88,727912971.93,1.9468843982,3.34,4.27,3.18,3.58,19.508843565022,16.87,38.6882187881,,,2.09,259.49,259.49,12418928321.36,2760603484.16,12.27,2026-02-25T09:51:08.841Z
mm1r4maoy8j74cby3,600563,法拉电子,2023Q4,2023,2023-12-31,3879793275.8,1024049476.14,998996662.85,1.1359374412,1.72,2.47,4.55,1.79,20.883027938133,23.69,38.5532309866,,,2.09,259.49,259.49,12418928321.36,2760603484.16,12.27,2026-02-25T09:51:08.841Z
mm1r4maod0i7uyy1e,600563,法拉电子,2024Q1,2024,2024-03-31,980251050.89,215553554.73,203175582.81,5.479626504,-6.76,-11.64,0.96,-6.8,21.839774589467,4.48,33.1159218575,,,2.09,259.49,259.49,12418928321.36,2760603484.16,12.27,2026-02-25T09:51:08.841Z
mm1r4mao1512pekvd,600563,法拉电子,2024Q2,2024,2024-06-30,2117212429.29,481940036.91,460267789.76,7.3764547871,-1.86,-9.51,2.14,-1.83,21.026791242978,10.22,34.0826962315,,,2.09,259.49,259.49,12418928321.36,2760603484.16,12.27,2026-02-25T09:51:08.841Z
mm1r4maoxor42878d,600563,法拉电子,2024Q3,2024,2024-09-30,3439073688.39,774767524.51,751584138.07,19.7670245845,8.43,3.25,3.44,8.18,22.3272814544,15.94,34.1133308338,,,2.09,259.49,259.49,12418928321.36,2760603484.16,12.27,2026-02-25T09:51:08.841Z
mm1r4mao0oyjgmbrz,600563,法拉电子,2024Q4,2024,2024-12-31,4771751247.83,1039196100.11,1023830576.68,22.9898324118,1.48,2.49,4.62,1.54,23.503683800978,21.13,33.3749403879,,,2.09,259.49,259.49,12418928321.36,2760603484.16,12.27,2026-02-25T09:51:08.841Z
mm1r4mao40kvbvo96,600563,法拉电子,2025Q1,2025,2025-03-31,1203595253.86,264291878.55,258462119.9,22.7843880164,22.61,27.21,1.17,21.87,24.672966845067,4.88,31.3008414358,,,2.09,259.49,259.49,12418928321.36,2760603484.16,12.27,2026-02-25T09:51:08.841Z
mm1r4maoslpwj9kym,600563,法拉电子,2025Q2,2025,2025-06-30,2499306915.58,569421625.53,555643626.59,18.0470547501,18.15,20.72,2.53,18.22,24.036984606267,10.65,33.0774763338,,,2.09,259.49,259.49,12418928321.36,2760603484.16,12.27,2026-02-25T09:51:08.841Z
mm1r4maocxdqkjwbd,600563,法拉电子,2025Q3,2025,2025-09-30,3944274904.09,887693879.97,866972907.63,14.6900375356,14.58,15.35,3.95,14.83,25.450426249244,16.12,32.8761552747,21.92,4.53,2.09,259.49,259.49,12418928321.36,2760603484.16,12.27,2026-02-25T09:51:08.841Z
mm1r4nr94wkku7jy1,600519,贵州茅台,2020Q4,2020,2020-12-31,97993240501.21,46697285429.81,47016420742.73,10.2852638045,13.33,,37.17,,128.421443730884,31.41,91.4091884819,,,4.17,18679.61,18679.61,447585172730.87,223105329670.65997,177.73000000000002,2026-02-25T09:51:10.944Z
mm1r4nr9qv81earul,600519,贵州茅台,2021Q1,2021,2021-03-31,28064735731.77,13954462085.61,13969463370.71,10.9344213204,6.57,,11.11,,139.527590162831,8.29,91.6762838214,,,4.17,18679.61,18679.61,447585172730.87,223105329670.65997,177.73000000000002,2026-02-25T09:51:10.944Z
mm1r4nr9nvmb38j39,600519,贵州茅台,2021Q2,2021,2021-06-30,50721582926.18,24653985551.58,24649117714.43,11.1477632066,9.08,,19.63,,128.75183367004,14.2,91.3784212563,,,4.17,18679.61,18679.61,447585172730.87,223105329670.65997,177.73000000000002,2026-02-25T09:51:10.944Z
mm1r4nr9r884e3und,600519,贵州茅台,2021Q3,2021,2021-09-30,77053154965.96,37266174159.97,37357031229.83,10.7485322905,10.17,,29.67,,138.79056386858,21.68,91.1914039151,,,4.17,18679.61,18679.61,447585172730.87,223105329670.65997,177.73000000000002,2026-02-25T09:51:10.944Z
mm1r4nr90foy0tats,600519,贵州茅台,2021Q4,2021,2021-12-31,109464278563.89,52460144378.16,52556464900.24,11.705948292,12.34,11.78,41.76,12.35,150.883379032578,29.89,91.5402912604,,,4.17,18679.61,18679.61,447585172730.87,223105329670.65997,177.73000000000002,2026-02-25T09:51:10.944Z
mm1r4nr9etj6ewue4,600519,贵州茅台,2022Q1,2022,2022-03-31,33187160227.05,17244968587.32,17243064446.83,18.2521743452,23.58,23.43,13.73,23.58,164.610215830063,8.7,92.3676761984,,,4.17,18679.61,18679.61,447585172730.87,223105329670.65997,177.73000000000002,2026-02-25T09:51:10.944Z
mm1r4nr95kl0nras8,600519,贵州茅台,2022Q2,2022,2022-06-30,59443518511.24,29793908077.83,29762821731.41,17.1957085759,20.85,20.75,23.72,20.84,152.92421395582,14.57,92.1091025759,,,4.17,18679.61,18679.61,447585172730.87,223105329670.65997,177.73000000000002,2026-02-25T09:51:10.944Z
mm1r4nr9ejyab3uuw,600519,贵州茅台,2022Q3,2022,2022-09-30,89785880318.36,44399815583.54,44393231516.91,16.5245996196,19.14,18.84,35.34,19.11,164.551135967903,21.91,91.8743753793,,,4.17,18679.61,18679.61,447585172730.87,223105329670.65997,177.73000000000002,2026-02-25T09:51:10.944Z
mm1r4nr9m1yrc0vct,600519,贵州茅台,2022Q4,2022,2022-12-31,127553959355.97,62717467870.12,62792896829.57,16.5256474801,19.55,19.48,49.93,19.56,157.204574979721,30.26,91.8666548564,,,4.17,18679.61,18679.61,447585172730.87,223105329670.65997,177.73000000000002,2026-02-25T09:51:10.944Z
mm1r4nr9lhui15pmo,600519,贵州茅台,2023Q1,2023,2023-03-31,39379301807.75,20794882754.55,20778475545.61,18.6582447499,20.59,20.5,16.55,20.54,173.759014147788,10,92.5955758567,,,4.17,18679.61,18679.61,447585172730.87,223105329670.65997,177.73000000000002,2026-02-25T09:51:10.944Z
mm1r4nr9zjynco25h,600519,贵州茅台,2023Q2,2023,2023-06-30,70987206095.38,35980415090.77,35947449205.45,19.4195900129,20.76,20.78,28.64,20.74,159.939870909701,16.7,91.7980815598,,,4.17,18679.61,18679.61,447585172730.87,223105329670.65997,177.73000000000002,2026-02-25T09:51:10.944Z
mm1r4nr90ujm4ht9z,600519,贵州茅台,2023Q3,2023,2023-09-30,105315900448.1,52876217064.12,52815640756.86,17.2967287002,19.09,18.97,42.09,19.1,173.387204504975,24.82,91.7074711036,,,4.17,18679.61,18679.61,447585172730.87,223105329670.65997,177.73000000000002,2026-02-25T09:51:10.944Z
mm1r4nr9bdozslz0b,600519,贵州茅台,2023Q4,2023,2023-12-31,150560330316.45,74734071550.75,74752564425.52,18.0365792459,19.16,19.05,59.49,19.15,171.683608749697,34.19,91.9649372414,,,4.17,18679.61,18679.61,447585172730.87,223105329670.65997,177.73000000000002,2026-02-25T09:51:10.944Z
mm1r4nr9jv0h4kfk7,600519,贵州茅台,2024Q1,2024,2024-03-31,46484738134.23,24065262374.15,24051471185.69,18.0435812731,15.73,15.75,19.16,15.77,190.839202162709,10.57,92.6133169925,,,4.17,18679.61,18679.61,447585172730.87,223105329670.65997,177.73000000000002,2026-02-25T09:51:10.944Z
mm1r4nr9m47a2y3dd,600519,贵州茅台,2024Q2,2024,2024-06-30,83451164646.53,41695610983.37,41670097819.99,17.5580350837,15.88,15.92,33.19,15.89,173.997764205717,17.63,91.7602847624,,,4.17,18679.61,18679.61,447585172730.87,223105329670.65997,177.73000000000002,2026-02-25T09:51:10.944Z
mm1r4nr9jow44oe8r,600519,贵州茅台,2024Q3,2024,2024-09-30,123122542625.45,60827552118.51,60778641454.76,16.9078383241,15.04,15.08,48.42,15.04,189.229319618519,26.09,91.5313752514,,,4.17,18679.61,18679.61,447585172730.87,223105329670.65997,177.73000000000002,2026-02-25T09:51:10.944Z
mm1r4nr9ffwj9zt2d,600519,贵州茅台,2024Q4,2024,2024-12-31,174144069958.25,86228146421.62,86240905977.42,15.663979743,15.38,15.37,68.64,15.38,185.564713136315,36.02,91.9312166361,,,4.17,18679.61,18679.61,447585172730.87,223105329670.65997,177.73000000000002,2026-02-25T09:51:10.944Z
mm1r4nr9gaf33l013,600519,贵州茅台,2025Q1,2025,2025-03-31,51443450583.77,26847474238.76,26849883702.9,10.6673989111,11.56,11.64,21.38,11.59,205.666530124802,10.92,91.9736093542,,,4.17,18679.61,18679.61,447585172730.87,223105329670.65997,177.73000000000002,2026-02-25T09:51:10.944Z
mm1r4nr9ofoilfepb,600519,贵州茅台,2025Q2,2025,2025-06-30,91093762553.97,45402962298.1,45390247623.82,9.1581680613,8.89,8.93,36.18,9.01,189.975286050079,17.89,91.2993094819,,,4.17,18679.61,18679.61,447585172730.87,223105329670.65997,177.73000000000002,2026-02-25T09:51:10.944Z
mm1r4nr98tsy4a4bj,600519,贵州茅台,2025Q3,2025,2025-09-30,130903889634.88,64626746712.18,64680616431.2,6.3200018806,6.25,6.42,51.53,6.42,205.283142014385,24.64,91.2933832134,21.68,8.23,4.17,18679.61,18679.61,447585172730.87,223105329670.65997,177.73000000000002,2026-02-25T09:51:10.944Z
mm1r4oji47e9m116e,600845,宝信软件,2020Q4,2020,2020-12-31,10225041913.62,1338123982.63,1236219143.68,49.2915338868,47.91,,0.908,,6.835560198051,18.12,28.9491308343,,,1.79,501.5,674.63,27949604261.23,4520430040.5,1.588,2026-02-25T09:51:12.030Z
mm1r4oji1c5j7ydhh,600845,宝信软件,2021Q1,2021,2021-03-31,2018224567.51,403752232.15,367419209.67,55.4957297057,44.39,,0.273,,6.697551669283,4.97,35.3599232508,,,1.79,501.5,674.63,27949604261.23,4520430040.5,1.588,2026-02-25T09:51:12.030Z
mm1r4ojinvqz9ntgv,600845,宝信软件,2021Q2,2021,2021-06-30,4873526207.32,940391474.02,882200868.86,42.728948443,40.44,,0.49,,4.848787624023,11.14,33.870716787,,,1.79,501.5,674.63,27949604261.23,4520430040.5,1.588,2026-02-25T09:51:12.030Z
mm1r4ojio0a8yhked,600845,宝信软件,2021Q3,2021,2021-09-30,7405051766.82,1415428070.67,1325224438.02,23.6303264095,44.57,,0.737,,5.644229977079,16.57,34.4773831271,,,1.79,501.5,674.63,27949604261.23,4520430040.5,1.588,2026-02-25T09:51:12.030Z
mm1r4ojit6bouk6s9,600845,宝信软件,2021Q4,2021,2021-12-31,11759361474.51,1818835200.72,1717746743.39,15.0055087681,35.92,38.95,0.935,2.97,5.931985384338,21.52,32.519353997,,,1.79,501.5,674.63,27949604261.23,4520430040.5,1.588,2026-02-25T09:51:12.030Z
mm1r4oji9zw3w39y6,600845,宝信软件,2022Q1,2022,2022-03-31,2497838016.43,454964434.31,441011896.04,23.7641269778,12.68,20.03,0.234,-14.29,6.26186848839,4.91,32.416274767,,,1.79,501.5,674.63,27949604261.23,4520430040.5,1.588,2026-02-25T09:51:12.030Z
mm1r4ojii9ullss04,600845,宝信软件,2022Q2,2022,2022-06-30,4962393941.81,990599487.26,942363527.2,1.8234791547,5.34,6.82,0.423,-13.67,6.714614841455,10.33,36.1669461977,,,1.79,501.5,674.63,27949604261.23,4520430040.5,1.588,2026-02-25T09:51:12.030Z
mm1r4oji5svl3xlcb,600845,宝信软件,2022Q3,2022,2022-09-30,7653052582.24,1529507726.06,1469854186.31,3.3490760528,8.06,10.91,0.652,-11.53,4.683186942449,15.99,36.9822342933,,,1.79,501.5,674.63,27949604261.23,4520430040.5,1.588,2026-02-25T09:51:12.030Z
mm1r4ojiw2wn0phe6,600845,宝信软件,2022Q4,2022,2022-12-31,13149886848.21,2185886525.27,2094028913.58,11.8248374005,20.18,21.91,0.933,-0.21,5.031205066584,22.99,33.0371218267,,,1.79,501.5,674.63,27949604261.23,4520430040.5,1.588,2026-02-25T09:51:12.030Z
mm1r4ojibt7rh1wua,600845,宝信软件,2023Q1,2023,2023-03-31,2522490740.15,498913812.01,487150356.72,0.9869624675,9.66,10.46,0.213,-8.97,5.245617516301,4.88,40.264454995,,,1.79,501.5,674.63,27949604261.23,4520430040.5,1.588,2026-02-25T09:51:12.030Z
mm1r4ojiqzqtflvjx,600845,宝信软件,2023Q2,2023,2023-06-30,5676931362.51,1161715660.51,1105329753.3,14.3990466916,17.27,17.29,0.412,-2.6,4.061771780203,11.54,39.4582001516,,,1.79,501.5,674.63,27949604261.23,4520430040.5,1.588,2026-02-25T09:51:12.030Z
mm1r4oji2ac4cmvyu,600845,宝信软件,2023Q3,2023,2023-09-30,8818257963.91,1871111153.04,1800213087.7,15.2253675138,22.33,22.48,0.662,1.53,4.389100156141,18.46,39.5663130046,,,1.79,501.5,674.63,27949604261.23,4520430040.5,1.588,2026-02-25T09:51:12.030Z
mm1r4oji0nkjl5i6z,600845,宝信软件,2023Q4,2023,2023-12-31,12915641411.44,2553638969.59,2412905582.48,-1.7813494479,16.82,15.23,0.903,-3.22,4.704823219942,24.65,36.9237006856,,,1.79,501.5,674.63,27949604261.23,4520430040.5,1.588,2026-02-25T09:51:12.030Z
mm1r4ojipdatx8hdx,600845,宝信软件,2024Q1,2024,2024-03-31,3391127645.46,589681019.87,586090919.4,34.4356826166,18.19,20.31,0.208,-2.35,4.979981743307,5.07,32.6840463072,,,1.79,501.5,674.63,27949604261.23,4520430040.5,1.588,2026-02-25T09:51:12.030Z
mm1r4ojixukwvukqh,600845,宝信软件,2024Q2,2024,2024-06-30,6742664532.45,1330841441.55,1303332217.92,18.7730501196,14.56,17.91,0.469,13.83,3.6342845849,11.82,36.1269424892,,,1.79,501.5,674.63,27949604261.23,4520430040.5,1.588,2026-02-25T09:51:12.030Z
mm1r4ojiyiz288kwq,600845,宝信软件,2024Q3,2024,2024-09-30,9756533663.8,1930289552.93,1884820033.13,10.6401480171,3.16,4.7,0.68,2.72,3.866010651968,17.41,36.0569340636,,,1.79,501.5,674.63,27949604261.23,4520430040.5,1.588,2026-02-25T09:51:12.030Z
mm1r4oji878pm2ld1,600845,宝信软件,2024Q4,2024,2024-12-31,13644424669.39,2265482898.16,2197819113.14,5.6426408471,-11.28,-8.91,0.797,-11.74,3.952499691472,20.67,34.7652357728,,,1.79,501.5,674.63,27949604261.23,4520430040.5,1.588,2026-02-25T09:51:12.030Z
mm1r4oji8zur6adkf,600845,宝信软件,2025Q1,2025,2025-03-31,2538047248.93,444637060.93,421718942.92,-25.1562455242,-24.6,-28.05,0.156,-25,4.173639133397,3.8,34.7908519478,,,1.79,501.5,674.63,27949604261.23,4520430040.5,1.588,2026-02-25T09:51:12.030Z
mm1r4oji2oi3ofie9,600845,宝信软件,2025Q2,2025,2025-06-30,4714707079.88,712525062.11,670393902.43,-30.0764993247,-46.46,-48.56,0.25,-46.7,3.673167072471,6.3,34.9945061563,,,1.79,501.5,674.63,27949604261.23,4520430040.5,1.588,2026-02-25T09:51:12.030Z
mm1r4ojimqi04vbgo,600845,宝信软件,2025Q3,2025,2025-09-30,7052425263.03,1097785019.3,1024026489.37,-27.7158721935,-43.13,-45.67,0.385,-43.38,3.830079882058,9.85,35.7991148943,46.09,6.14,1.79,501.5,674.63,27949604261.23,4520430040.5,1.588,2026-02-25T09:51:12.030Z
mm1r4pbpy10mw8uu2,300188,国投智能,2020Q4,2020,2020-12-31,2386098335.14,374620968.32,341065341.29,15.4148379276,29.32,,0.47,,4.092365372378,11.97,57.602687942,,,3.61,120.63,121.19,3337144989.43,-1115123678.09,-1.303,2026-02-25T09:51:13.124Z
mm1r4pbpybc4gdygu,300188,国投智能,2021Q1,2021,2021-03-31,273865007.72,-31466768.91,-43012412.96,19.1073072298,29.28,,-0.039,,4.026310960818,-0.96,64.0461424299,,,3.61,120.63,121.19,3337144989.43,-1115123678.09,-1.303,2026-02-25T09:51:13.124Z
mm1r4pbp8vbw0q41j,300188,国投智能,2021Q2,2021,2021-06-30,790499443.54,8086455.44,-7641621.48,29.2450109615,116.02,,0.009,,3.926304199615,0.25,60.2557229588,,,3.61,120.63,121.19,3337144989.43,-1115123678.09,-1.303,2026-02-25T09:51:13.124Z
mm1r4pbpnifncbcok,300188,国投智能,2021Q3,2021,2021-09-30,1241479787.53,33384796.3,9031440.21,15.1463494452,-51.94,,0.0408,,3.984399695933,1.02,60.7283985992,,,3.61,120.63,121.19,3337144989.43,-1115123678.09,-1.303,2026-02-25T09:51:13.124Z
mm1r4pbp13t4bbxtf,300188,国投智能,2021Q4,2021,2021-12-31,2535195494.67,310705643.61,273367758.29,6.248575649,-17.06,-19.85,0.39,-17.02,4.310597386034,9.16,58.3722314,,,3.61,120.63,121.19,3337144989.43,-1115123678.09,-1.303,2026-02-25T09:51:13.124Z
mm1r4pbpe9s7d6mwy,300188,国投智能,2022Q1,2022,2022-03-31,319802888.47,-57769254.96,-64099435.23,16.7739139558,-83.59,,-0.072,-84.62,4.209223098364,-1.68,55.282127765,,,3.61,120.63,121.19,3337144989.43,-1115123678.09,-1.303,2026-02-25T09:51:13.124Z
mm1r4pbptc8u2zlkb,300188,国投智能,2022Q2,2022,2022-06-30,687762623.13,-112777262.32,-132554884.86,-12.9964443681,-1494.64,,-0.14,-1655.56,4.013825524659,-3.31,52.3781545878,,,3.61,120.63,121.19,3337144989.43,-1115123678.09,-1.303,2026-02-25T09:51:13.124Z
mm1r4pbptjodhkic6,300188,国投智能,2022Q3,2022,2022-09-30,1103906937.34,-207477552.55,-234073320.44,-11.0813604516,-721.47,,-0.2581,-732.6,3.89805675626,-6.19,47.6030195332,,,3.61,120.63,121.19,3337144989.43,-1115123678.09,-1.303,2026-02-25T09:51:13.124Z
mm1r4pbpvmv3vxad9,300188,国投智能,2022Q4,2022,2022-12-31,2279694487.08,147863651.64,92022760.39,-10.0781580011,-52.41,-66.34,0.18,-53.85,4.893516891295,4.15,52.2367121932,,,3.61,120.63,121.19,3337144989.43,-1115123678.09,-1.303,2026-02-25T09:51:13.124Z
mm1r4pbp3a2zfn919,300188,国投智能,2023Q1,2023,2023-03-31,147370949.92,-167372053.17,-173796117.4,-53.9181929766,-189.73,,-0.195,-170.83,4.727793106464,-4.04,55.8432677096,,,3.61,120.63,121.19,3337144989.43,-1115123678.09,-1.303,2026-02-25T09:51:13.124Z
mm1r4pbp7q1bd4y9g,300188,国投智能,2023Q2,2023,2023-06-30,455165830.29,-278154900.02,-290503095.91,-33.8193418801,-146.64,,-0.324,-131.43,4.564655325188,-6.79,48.3093580948,,,3.61,120.63,121.19,3337144989.43,-1115123678.09,-1.303,2026-02-25T09:51:13.124Z
mm1r4pbpv4d7vbprr,300188,国投智能,2023Q3,2023,2023-09-30,750487584.54,-397091621.32,-411256575.35,-32.0153212962,-91.39,,-0.462,-79,4.397002428592,-9.93,48.4257926376,,,3.61,120.63,121.19,3337144989.43,-1115123678.09,-1.303,2026-02-25T09:51:13.124Z
mm1r4pbppulcqvpyu,300188,国投智能,2023Q4,2023,2023-12-31,1983722939.57,-205622734.04,-335204747.41,-12.9829478988,-239.06,,-0.24,-233.33,4.606789440538,-5.04,46.0223255203,,,3.61,120.63,121.19,3337144989.43,-1115123678.09,-1.303,2026-02-25T09:51:13.124Z
mm1r4pbpis1grw0j2,300188,国投智能,2024Q1,2024,2024-03-31,194202951.14,-34115449.7,-161225560.55,31.7783126494,79.62,,-0.04,79.49,4.564632361883,-4.09,41.2412319174,,,3.61,120.63,121.19,3337144989.43,-1115123678.09,-1.303,2026-02-25T09:51:13.124Z
mm1r4pbphye8wz2qf,300188,国投智能,2024Q2,2024,2024-06-30,548647606.97,-127587178.98,-266864111.08,20.5379601145,54.13,,-0.148,54.32,4.428473243965,-3.3,43.6476696568,,,3.61,120.63,121.19,3337144989.43,-1115123678.09,-1.303,2026-02-25T09:51:13.124Z
mm1r4pbpdsxnwi8g8,300188,国投智能,2024Q3,2024,2024-09-30,897375269.22,-241827886.85,-383269156.4,19.5723004225,39.1,,-0.281,39.18,4.303769719785,-6.33,40.7273987579,,,3.61,120.63,121.19,3337144989.43,-1115123678.09,-1.303,2026-02-25T09:51:13.124Z
mm1r4pbp420d10dm4,300188,国投智能,2024Q4,2024,2024-12-31,1769116515.87,-415012811.83,-575238402.12,-10.81836679,-101.83,,-0.48,-100,4.081530519648,-11.16,40.5755379021,,,3.61,120.63,121.19,3337144989.43,-1115123678.09,-1.303,2026-02-25T09:51:13.124Z
mm1r4pbptyqijy5y2,300188,国投智能,2025Q1,2025,2025-03-31,215288988.21,-126395521.3,-128321984.53,10.857732566,-270.49,,-0.15,-275,3.935664525245,-3.67,35.1995620074,,,3.61,120.63,121.19,3337144989.43,-1115123678.09,-1.303,2026-02-25T09:51:13.124Z
mm1r4pbp1g50ysxdg,300188,国投智能,2025Q2,2025,2025-06-30,557588405.64,-208165591.65,-219295330.52,1.6296067925,-63.16,,-0.247,-66.89,3.769250446484,-6.16,36.2886083791,,,3.61,120.63,121.19,3337144989.43,-1115123678.09,-1.303,2026-02-25T09:51:13.124Z
mm1r4pbp9w1nk8fix,300188,国投智能,2025Q3,2025,2025-09-30,795151079.71,-365549753.31,-383910138.24,-11.3914649775,-51.16,,-0.426,-51.6,3.599940301938,-11.08,34.9971212152,-24.86,3.92,3.61,120.63,121.19,3337144989.43,-1115123678.09,-1.303,2026-02-25T09:51:13.124Z
mm1r4q5gtboluf1mz,002063,远光软件,2020Q4,2020,2020-12-31,1691519226.39,262885099.41,239179011.49,8.0698937441,15.96,,0.1987,,2.398700217477,10.16,61.429740169,,,2.15,117.11,126.83,5439574930.24,501228880.08,0.2631,2026-02-25T09:51:14.248Z
mm1r4q5g7xosqhuzg,002063,远光软件,2021Q1,2021,2021-03-31,293471848.13,7207236.86,5334866.32,22.4414491548,3.63,,0.0054,,2.405235747922,0.27,65.2761591548,,,2.15,117.11,126.83,5439574930.24,501228880.08,0.2631,2026-02-25T09:51:14.248Z
mm1r4q5g0agwvyc18,002063,远光软件,2021Q2,2021,2021-06-30,751864477.53,83976544.98,78753828.77,15.8833868013,2.55,,0.0635,,2.020837570234,3.13,65.1435141901,,,2.15,117.11,126.83,5439574930.24,501228880.08,0.2631,2026-02-25T09:51:14.248Z
mm1r4q5g030j1wahe,002063,远光软件,2021Q3,2021,2021-09-30,1144826065.59,142513263.24,136513423.74,16.4246511051,2.95,,0.0898,,2.04733090222,5.28,63.0926311682,,,2.15,117.11,126.83,5439574930.24,501228880.08,0.2631,2026-02-25T09:51:14.248Z
mm1r4q5gr9kec426l,002063,远光软件,2021Q4,2021,2021-12-31,1915262774.29,305387468.25,283834008.07,13.2273724359,16.17,18.67,0.1923,-3.22,2.172198105452,11.01,58.9142448862,,,2.15,117.11,126.83,5439574930.24,501228880.08,0.2631,2026-02-25T09:51:14.248Z
mm1r4q5g9s9iy1mx9,002063,远光软件,2022Q1,2022,2022-03-31,366362986.04,7406026.96,4501953.21,24.837523045,2.76,-15.61,0.0047,-12.96,2.177792486591,0.25,53.8552629327,,,2.15,117.11,126.83,5439574930.24,501228880.08,0.2631,2026-02-25T09:51:14.248Z
mm1r4q5gvznedn4ua,002063,远光软件,2022Q2,2022,2022-06-30,895532229.81,86585709.98,79409765.46,19.1081978965,3.11,0.83,0.0545,-14.17,2.187698582498,2.97,58.1278653467,,,2.15,117.11,126.83,5439574930.24,501228880.08,0.2631,2026-02-25T09:51:14.248Z
mm1r4q5goge6i70i1,002063,远光软件,2022Q3,2022,2022-09-30,1344182331.25,146724930.11,136780823.27,17.413672841,2.96,0.2,0.077,-14.25,1.854502605015,5.01,56.4361103471,,,2.15,117.11,126.83,5439574930.24,501228880.08,0.2631,2026-02-25T09:51:14.248Z
mm1r4q5g0kh4sdvfs,002063,远光软件,2022Q4,2022,2022-12-31,2124768402.16,322626596.04,308161654.9,10.9387406617,5.65,8.57,0.1693,-11.96,1.984548849664,10.75,55.6882391821,,,2.15,117.11,126.83,5439574930.24,501228880.08,0.2631,2026-02-25T09:51:14.248Z
mm1r4q5gobaj1kr9y,002063,远光软件,2023Q1,2023,2023-03-31,456423800.06,7852060.32,3142796.34,24.5823998198,4.99,-30.19,0.0041,-12.77,1.993035227107,0.25,53.9296362564,,,2.15,117.11,126.83,5439574930.24,501228880.08,0.2631,2026-02-25T09:51:14.248Z
mm1r4q5gs5h9i9r9e,002063,远光软件,2023Q2,2023,2023-06-30,1083311144.98,90287375.79,79669674.58,20.9684150854,3.64,0.33,0.0474,-13.03,1.999128209199,2.86,58.2593244789,,,2.15,117.11,126.83,5439574930.24,501228880.08,0.2631,2026-02-25T09:51:14.248Z
mm1r4q5gx5dviml2a,002063,远光软件,2023Q3,2023,2023-09-30,1561400207.31,151630060.83,140603238.43,16.1598520536,2.82,2.79,0.0796,3.38,1.700232714189,4.76,59.1940738878,,,2.15,117.11,126.83,5439574930.24,501228880.08,0.2631,2026-02-25T09:51:14.248Z
mm1r4q5g0cg5tnady,002063,远光软件,2023Q4,2023,2023-12-31,2388767020.12,344189886.07,329127937.57,12.424818521,6.68,6.8,0.1807,6.73,1.798464084844,10.48,57.2148802474,,,2.15,117.11,126.83,5439574930.24,501228880.08,0.2631,2026-02-25T09:51:14.248Z
mm1r4q5gr4h2rt4e6,002063,远光软件,2024Q1,2024,2024-03-31,460242638.79,9145437.17,8324673.28,0.8366870285,16.47,164.88,0.0048,17.07,1.80326299597,0.27,60.9618777516,,,2.15,117.11,126.83,5439574930.24,501228880.08,0.2631,2026-02-25T09:51:14.248Z
mm1r4q5gvbvqh8b8n,002063,远光软件,2024Q2,2024,2024-06-30,1044629742.9,56455891.72,54523913.72,-3.570664094,-37.47,-31.56,0.0296,-37.55,1.831598414059,1.63,58.5562737417,,,2.15,117.11,126.83,5439574930.24,501228880.08,0.2631,2026-02-25T09:51:14.248Z
mm1r4q5gdymnel8s8,002063,远光软件,2024Q3,2024,2024-09-30,1538975398.63,110370793.89,108355372.21,-1.4361986488,-27.21,-22.94,0.0579,-27.26,1.834755317076,3.19,56.9929882116,,,2.15,117.11,126.83,5439574930.24,501228880.08,0.2631,2026-02-25T09:51:14.248Z
mm1r4q5guf3mtibhq,002063,远光软件,2024Q4,2024,2024-12-31,2398393258.86,292915290.55,289205332.91,0.4029793889,-14.9,-12.13,0.1538,-14.89,1.928205391623,8.25,55.6062117108,,,2.15,117.11,126.83,5439574930.24,501228880.08,0.2631,2026-02-25T09:51:14.248Z
mm1r4q5gwsrwu4rqm,002063,远光软件,2025Q1,2025,2025-03-31,416640093.59,9388417.57,8290883.36,-9.4738169663,2.66,-0.41,0.0049,2.08,1.933654417588,0.26,54.3890274571,,,2.15,117.11,126.83,5439574930.24,501228880.08,0.2631,2026-02-25T09:51:14.248Z
mm1r4q5glq69nrxi2,002063,远光软件,2025Q2,2025,2025-06-30,1054892016.77,75433504.88,73924738.75,0.9823838484,33.61,35.58,0.0396,33.78,1.967961983706,2.03,52.5245989013,,,2.15,117.11,126.83,5439574930.24,501228880.08,0.2631,2026-02-25T09:51:14.248Z
mm1r4q5g6slw04mde,002063,远光软件,2025Q3,2025,2025-09-30,1569649561.02,123491667.08,122294291.33,1.9931548235,11.89,12.86,0.0648,11.92,1.972447972646,3.32,51.0706692339,77.03,3.37,2.15,117.11,126.83,5439574930.24,501228880.08,0.2631,2026-02-25T09:51:14.248Z
mm1r4qxbyxap3ah23,000032,深桑达A,2020Q4,2020,2020-12-31,32057725206.07,213731955.64,140003631.34,2035.5784277026,11.25,,0.3012,,6.952697755662,7.69,13.1042584818,,,0.16,216.46,241.46,136387406250.73001,-100641528.44000006,-0.08839999999999998,2026-02-25T09:51:15.408Z
mm1r4qxbndwqj1jim,000032,深桑达A,2021Q1,2021,2021-03-31,8126470864.47,27657145.27,14623740.4,3063.838331847,10.59,,0.039,,3.875107472657,0.96,10.9421306803,,,0.16,216.46,241.46,136387406250.73001,-100641528.44000006,-0.08839999999999998,2026-02-25T09:51:15.408Z
mm1r4qxbi2lysevr3,000032,深桑达A,2021Q2,2021,2021-06-30,17283301907.59,36121899.85,13385283.86,31.1283952146,144.19,,0.0406,,4.365869307866,0.96,10.7331923914,,,0.16,216.46,241.46,136387406250.73001,-100641528.44000006,-0.08839999999999998,2026-02-25T09:51:15.408Z
mm1r4qxb5rikxyld3,000032,深桑达A,2021Q3,2021,2021-09-30,27925122403.29,5082500.37,-17632668.44,30.6963318854,-89.22,,0.0053,,4.348374814411,0.12,10.2097744866,,,0.16,216.46,241.46,136387406250.73001,-100641528.44000006,-0.08839999999999998,2026-02-25T09:51:15.408Z
mm1r4qxb0hqc1wqnx,000032,深桑达A,2021Q4,2021,2021-12-31,44134317283.88,387001298.35,338281308.09,37.6713943369,69.48,141.62,0.3901,29.52,5.443015570134,8.22,11.960365076,,,0.16,216.46,241.46,136387406250.73001,-100641528.44000006,-0.08839999999999998,2026-02-25T09:51:15.408Z
mm1r4qxbrx1zax6h4,000032,深桑达A,2022Q1,2022,2022-03-31,11406168476.17,-124869335.22,-136189322.13,40.3582030428,-564.02,,-0.1097,-381.28,5.181900606689,-2.15,9.7142118149,,,0.16,216.46,241.46,136387406250.73001,-100641528.44000006,-0.08839999999999998,2026-02-25T09:51:15.408Z
mm1r4qxbot3h5mn0j,000032,深桑达A,2022Q2,2022,2022-06-30,22738760329.9,-320488471.88,-356220836.28,31.5649084387,-1018.95,,-0.2814,-793.1,4.887497249612,-5.32,10.334938423,,,0.16,216.46,241.46,136387406250.73001,-100641528.44000006,-0.08839999999999998,2026-02-25T09:51:15.408Z
mm1r4qxbjy6e6d6qs,000032,深桑达A,2022Q3,2022,2022-09-30,34701779380.93,-521390280.9,-569288002.69,24.2672418039,-10860.04,,-0.4579,-8739.62,4.690231835519,-8.84,10.4824949856,,,0.16,216.46,241.46,136387406250.73001,-100641528.44000006,-0.08839999999999998,2026-02-25T09:51:15.408Z
mm1r4qxba3qfryemp,000032,深桑达A,2022Q4,2022,2022-12-31,51051921142.62,-158404699.08,-267038737.58,15.6739795344,-141.93,,-0.1391,-135.66,4.897535039247,-2.69,11.4081760526,,,0.16,216.46,241.46,136387406250.73001,-100641528.44000006,-0.08839999999999998,2026-02-25T09:51:15.408Z
mm1r4qxb8d52z3ybg,000032,深桑达A,2023Q1,2023,2023-03-31,12926328439.38,-56570897.29,-73495169.03,13.3275250702,54.7,,-0.0497,54.69,5.438917616384,-0.96,10.3240067674,,,0.16,216.46,241.46,136387406250.73001,-100641528.44000006,-0.08839999999999998,2026-02-25T09:51:15.408Z
mm1r4qxbv8fojoddb,000032,深桑达A,2023Q2,2023,2023-06-30,26719681577.64,-148833526.78,-183241729.03,17.5072043945,53.56,,-0.1308,53.52,5.282565888736,-2.51,10.656215944,,,0.16,216.46,241.46,136387406250.73001,-100641528.44000006,-0.08839999999999998,2026-02-25T09:51:15.408Z
mm1r4qxblzfccewel,000032,深桑达A,2023Q3,2023,2023-09-30,38671355991.88,-269797188.23,-339551502.42,11.4391154626,48.25,,-0.2371,48.22,5.168734943066,-4.56,10.7794329172,,,0.16,216.46,241.46,136387406250.73001,-100641528.44000006,-0.08839999999999998,2026-02-25T09:51:15.408Z
mm1r4qxbtr9asw8or,000032,深桑达A,2023Q4,2023,2023-12-31,56283718641.15,329641229.16,68582960.48,10.247993379,308.1,,0.2897,308.27,5.702153341787,5.29,11.2761023201,,,0.16,216.46,241.46,136387406250.73001,-100641528.44000006,-0.08839999999999998,2026-02-25T09:51:15.408Z
mm1r4qxb4pxovwns5,000032,深桑达A,2024Q1,2024,2024-03-31,15375565844.38,17054946.08,5292782.94,18.9476649652,130.15,,0.015,130.18,5.695105167098,0.26,10.2094865205,,,0.16,216.46,241.46,136387406250.73001,-100641528.44000006,-0.08839999999999998,2026-02-25T09:51:15.408Z
mm1r4qxbnxt0smwjm,000032,深桑达A,2024Q2,2024,2024-06-30,33250166315.01,-37891360.83,-89448599.83,24.4407281516,74.54,,-0.0333,74.54,5.560077420638,-0.59,9.5412751936,,,0.16,216.46,241.46,136387406250.73001,-100641528.44000006,-0.08839999999999998,2026-02-25T09:51:15.408Z
mm1r4qxbrvf8zrh1k,000032,深桑达A,2024Q3,2024,2024-09-30,48421683221.42,-126614513.38,-341152715.81,25.2133057646,53.07,,-0.1113,53.06,5.323068532163,-2.02,9.0205806164,,,0.16,216.46,241.46,136387406250.73001,-100641528.44000006,-0.08839999999999998,2026-02-25T09:51:15.408Z
mm1r4qxb42cs7wmko,000032,深桑达A,2024Q4,2024,2024-12-31,67389424494.27,329726273.71,8285336.91999996,19.731649083,0.03,-87.92,0.2898,0.03,5.707377216634,5.07,10.1764325324,,,0.16,216.46,241.46,136387406250.73001,-100641528.44000006,-0.08839999999999998,2026-02-25T09:51:15.408Z
mm1r4qxb57muo5iup,000032,深桑达A,2025Q1,2025,2025-03-31,12545228614.69,-34056072.04,-50965999.13,-18.4080199606,-299.68,,-0.0299,-299.33,5.675040264615,-0.53,8.4154910804,,,0.16,216.46,241.46,136387406250.73001,-100641528.44000006,-0.08839999999999998,2026-02-25T09:51:15.408Z
mm1r4qxb2f3uk3ucp,000032,深桑达A,2025Q2,2025,2025-06-30,23434208172.61,-97489074.55,-113242367.84,-29.5215309584,-157.29,,-0.0857,-157.36,5.495704712652,-1.52,9.2137073026,,,0.16,216.46,241.46,136387406250.73001,-100641528.44000006,-0.08839999999999998,2026-02-25T09:51:15.408Z
mm1r4qxba3hx84i93,000032,深桑达A,2025Q3,2025,2025-09-30,33018544969.16,-298822655.56,-452442996.51,-31.8104147306,-136.01,,-0.2626,-135.94,5.378764158488,-4.73,7.9969024254,-60.6,3.3,0.16,216.46,241.46,136387406250.73001,-100641528.44000006,-0.08839999999999998,2026-02-25T09:51:15.408Z
mm1r4rpcjfjlpsrpj,603659,璞泰来,2020Q4,2020,2020-12-31,5280674058.78,667637525.89,623691577.96,10.0478360453,2.54,,1.09,,17.971077150056,15.92,31.5833223834,,,1.84,634.72,634.72,34581403041.659996,4433481936.65,2.08,2026-02-25T09:51:16.507Z
mm1r4rpcrkoku931a,603659,璞泰来,2021Q1,2021,2021-03-31,1739187859.89,334579980.47,312726430.18,112.4329414803,260.21,,0.48,,18.674494574468,3.68,37.768016795,,,1.84,634.72,634.72,34581403041.659996,4433481936.65,2.08,2026-02-25T09:51:16.507Z
mm1r4rpc05zf7ih9w,603659,璞泰来,2021Q2,2021,2021-06-30,3922916380.56,774869887.26,716146752.22,107.8215319277,293.93,,0.56,,13.683728105425,8.24,36.9944753605,,,1.84,634.72,634.72,34581403041.659996,4433481936.65,2.08,2026-02-25T09:51:16.507Z
mm1r4rpcj3euv2enf,603659,璞泰来,2021Q3,2021,2021-09-30,6295111147.6,1230938594.01,1156527979.12,88.100308498,196.38,,0.89,,14.349540253106,13.07,35.920054675,,,1.84,634.72,634.72,34581403041.659996,4433481936.65,2.08,2026-02-25T09:51:16.507Z
mm1r4rpc3639hd5x9,603659,璞泰来,2021Q4,2021,2021-12-31,8995894111.31,1748727819.13,1660041467.57,70.3550344364,161.93,166.16,1.27,16.51,15.102176445833,18.07,35.6503092019,,,1.84,634.72,634.72,34581403041.659996,4433481936.65,2.08,2026-02-25T09:51:16.507Z
mm1r4rpcb8lv77bua,603659,璞泰来,2022Q1,2022,2022-03-31,3130580952.35,636639132.8,612931344.87,80.0024611802,90.28,96,0.46,-4.17,16.039094012797,5.89,38.731864142,,,1.84,634.72,634.72,34581403041.659996,4433481936.65,2.08,2026-02-25T09:51:16.507Z
mm1r4rpcxb065sz2y,603659,璞泰来,2022Q2,2022,2022-06-30,6894794543.62,1395801985.89,1333294655.2,75.7568572654,80.13,86.18,0.7,25,8.415432687604,12.52,37.4514806774,,,1.84,634.72,634.72,34581403041.659996,4433481936.65,2.08,2026-02-25T09:51:16.507Z
mm1r4rpcjtsnta71j,603659,璞泰来,2022Q3,2022,2022-09-30,11413731237.04,2273294135.78,2182117461.81,81.3110359678,84.68,88.68,1.13,26.97,9.057478283992,19.69,36.3818596515,,,1.84,634.72,634.72,34581403041.659996,4433481936.65,2.08,2026-02-25T09:51:16.507Z
mm1r4rpcdqkoxo42r,603659,璞泰来,2022Q4,2022,2022-12-31,15463905959.37,3104433993.56,2959051738.74,71.8995996177,77.53,78.25,1.54,21.26,9.675464692129,26,35.6577448613,,,1.84,634.72,634.72,34581403041.659996,4433481936.65,2.08,2026-02-25T09:51:16.507Z
mm1r4rpc8p4buy7zv,603659,璞泰来,2023Q1,2023,2023-03-31,3698994031.12,701974570.75,678128782.15,18.1567922191,10.26,10.64,0.34,-26.09,10.192961256999,5.09,34.3001194337,,,1.84,634.72,634.72,34581403041.659996,4433481936.65,2.08,2026-02-25T09:51:16.507Z
mm1r4rpcr51kw843u,603659,璞泰来,2023Q2,2023,2023-06-30,7805597427.32,1304391487.88,1253889330.96,13.210007607,-6.55,-5.96,0.65,-7.14,7.263176255112,9.28,30.8137377638,,,1.84,634.72,634.72,34581403041.659996,4433481936.65,2.08,2026-02-25T09:51:16.507Z
mm1r4rpck8315fy9b,603659,璞泰来,2023Q3,2023,2023-09-30,11687527605.25,1628919664.21,1547075701.39,2.3988331469,-28.35,-29.1,0.81,-28.32,7.300540036028,11.33,31.8530025716,,,1.84,634.72,634.72,34581403041.659996,4433481936.65,2.08,2026-02-25T09:51:16.507Z
mm1r4rpc9pzu07t79,603659,璞泰来,2023Q4,2023,2023-12-31,15340041057.24,1911603496.56,1780776488.62,-0.8009936329,-38.42,-39.82,0.95,-38.31,8.313622060374,13.27,32.823499294,,,1.84,634.72,634.72,34581403041.659996,4433481936.65,2.08,2026-02-25T09:51:16.507Z
mm1r4rpcyco7j0mkz,603659,璞泰来,2024Q1,2024,2024-03-31,3034281969.67,444789571.85,418751274.86,-17.970076617,-36.64,-38.25,0.21,-38.24,8.531733210671,2.47,31.3524501734,,,1.84,634.72,634.72,34581403041.659996,4433481936.65,2.08,2026-02-25T09:51:16.507Z
mm1r4rpc7mibrhg4k,603659,璞泰来,2024Q2,2024,2024-06-30,6331503447.13,857818309.78,768067187.61,-18.8850884755,-34.24,-38.75,0.4,-38.46,8.580524135125,4.71,29.3401046423,,,1.84,634.72,634.72,34581403041.659996,4433481936.65,2.08,2026-02-25T09:51:16.507Z
mm1r4rpcblw5cxpqb,603659,璞泰来,2024Q3,2024,2024-09-30,9840019484.79,1238510973.21,1137468509.25,-15.8075187744,-23.97,-26.48,0.58,-28.4,8.63060162911,6.7,29.0917354247,,,1.84,634.72,634.72,34581403041.659996,4433481936.65,2.08,2026-02-25T09:51:16.507Z
mm1r4rpctw90x9api,603659,璞泰来,2024Q4,2024,2024-12-31,13448428962.76,1190617983.28,1063131777.83,-12.3312062036,-37.72,-40.3,0.56,-41.05,8.603497085115,6.57,27.494967974,,,1.84,634.72,634.72,34581403041.659996,4433481936.65,2.08,2026-02-25T09:51:16.507Z
mm1r4rpcjrf8ikipp,603659,璞泰来,2025Q1,2025,2025-03-31,3215084905.6,487675831,474019334.54,5.9586728504,9.64,13.2,0.23,9.52,8.832811163001,2.62,32.1559085724,,,1.84,634.72,634.72,34581403041.659996,4433481936.65,2.08,2026-02-25T09:51:16.507Z
mm1r4rpcvlg2zddc3,603659,璞泰来,2025Q2,2025,2025-06-30,7087860729.92,1055331469.87,992110848.63,11.9459349443,23.03,29.17,0.49,22.5,8.933154032701,5.58,32.0963579337,,,1.84,634.72,634.72,34581403041.659996,4433481936.65,2.08,2026-02-25T09:51:16.507Z
mm1r4rpcrum3ok568,603659,璞泰来,2025Q3,2025,2025-09-30,10830028443.38,1699856652.5,1590434803.21,10.0610467298,37.25,39.82,0.8,37.93,9.242522858931,8.89,32.4467276141,28,3.21,1.84,634.72,634.72,34581403041.659996,4433481936.65,2.08,2026-02-25T09:51:16.507Z
mm1r4shth8cig9d0k,300059,东方财富,2020Q4,2020,2020-12-31,8238557108.92,4778104850.74,4711370113.92,94.69,160.91,,0.48,,3.849523022873,17.89,63.1367329071,,,9.07,3041.79,3593.84,33535246743.96,26989773407.35,1.7093,2026-02-25T09:51:17.600Z
mm1r4shtc3w9cf4ll,300059,东方财富,2021Q1,2021,2021-03-31,2889553490.62,1910523644.42,1902835056.36,71.12,118.67,,0.15,,4.073810144403,5.6,70.6642896205,,,9.07,3041.79,3593.84,33535246743.96,26989773407.35,1.7093,2026-02-25T09:51:17.600Z
mm1r4shtryuwxql2d,300059,东方财富,2021Q2,2021,2021-06-30,5780445013.62,3726941997.56,3627496288.46,73.17,106.08,,0.3,,3.521904042689,10.46,69.2644056061,,,9.07,3041.79,3593.84,33535246743.96,26989773407.35,1.7093,2026-02-25T09:51:17.600Z
mm1r4shtsy9ms964i,300059,东方财富,2021Q3,2021,2021-09-30,9636018981.3,6234404010.01,6130379773.96,62.07,83.48,,0.5,,3.770892370882,16.74,70.4129070999,,,9.07,3041.79,3593.84,33535246743.96,26989773407.35,1.7093,2026-02-25T09:51:17.600Z
mm1r4shtfd2ibfj7i,300059,东方财富,2021Q4,2021,2021-12-31,13094320648.24,8552927696.06,8440303766.19,58.94,79,79.15,0.69,43.75,4.059663652813,22.11,68.445150865,,,9.07,3041.79,3593.84,33535246743.96,26989773407.35,1.7093,2026-02-25T09:51:17.600Z
mm1r4shtplp8p05oz,300059,东方财富,2022Q1,2022,2022-03-31,3196271282.75,2171021151.7,2004369748.37,10.61,13.63,5.34,0.14,-6.67,5.414012371988,4.33,68.3104238068,,,9.07,3041.79,3593.84,33535246743.96,26989773407.35,1.7093,2026-02-25T09:51:17.600Z
mm1r4shtzzo9yaovi,300059,东方财富,2022Q2,2022,2022-06-30,6307997481.46,4443714713.22,4175814521.75,9.13,19.23,15.12,0.29,-3.33,4.625837081771,8.04,67.2377934207,,,9.07,3041.79,3593.84,33535246743.96,26989773407.35,1.7093,2026-02-25T09:51:17.600Z
mm1r4shti2demibg4,300059,东方财富,2022Q3,2022,2022-09-30,9561325966.36,6594205473.6,6329106217.43,-0.78,5.77,3.24,0.42,-16,4.80002427222,11.45,66.8092320097,,,9.07,3041.79,3593.84,33535246743.96,26989773407.35,1.7093,2026-02-25T09:51:17.600Z
mm1r4shturvncie5e,300059,东方财富,2022Q4,2022,2022-12-31,12485576441.96,8509461233.33,8204461568.37,-4.65,-0.51,-2.79,0.54,-21.74,4.931425885391,14.4,66.4957915577,,,9.07,3041.79,3593.84,33535246743.96,26989773407.35,1.7093,2026-02-25T09:51:17.600Z
mm1r4shtq1x7155dc,300059,东方财富,2023Q1,2023,2023-03-31,2809949248.02,2028957637.67,1891837755.13,-12.09,-6.54,-5.61,0.128,-8.57,5.084554258688,3.07,60.6699894983,,,9.07,3041.79,3593.84,33535246743.96,26989773407.35,1.7093,2026-02-25T09:51:17.600Z
mm1r4shtoieiv2zid,300059,东方财富,2023Q2,2023,2023-06-30,5750220293.53,4224638893.2,4077584967.71,-8.84,-4.93,-2.35,0.2664,-8.14,4.324090461645,6.3,62.4358546251,,,9.07,3041.79,3593.84,33535246743.96,26989773407.35,1.7093,2026-02-25T09:51:17.600Z
mm1r4shtrnegde2rc,300059,东方财富,2023Q3,2023,2023-09-30,8488393395.49,6208920957.81,5902358594.94,-11.22,-5.84,-6.74,0.3916,-6.76,4.442884895349,9.16,61.5032081362,,,9.07,3041.79,3593.84,33535246743.96,26989773407.35,1.7093,2026-02-25T09:51:17.600Z
mm1r4shtecb9pytsp,300059,东方财富,2023Q4,2023,2023-12-31,11081439282.37,8193469277.99,7861598966.25,-11.25,-3.71,-4.18,0.5168,-4.3,4.538240714828,11.94,60.9327016404,,,9.07,3041.79,3593.84,33535246743.96,26989773407.35,1.7093,2026-02-25T09:51:17.600Z
mm1r4shtq01bunshx,300059,东方财富,2024Q1,2024,2024-03-31,2455935755.21,1953787436.07,1936855174.14,-12.6,-3.7,2.38,0.1237,-3.36,4.634178365022,2.69,57.5970174944,,,9.07,3041.79,3593.84,33535246743.96,26989773407.35,1.7093,2026-02-25T09:51:17.600Z
mm1r4shtfez7d52ti,300059,东方财富,2024Q2,2024,2024-06-30,4944982097.77,4055792191.42,3879142572.48,-14,-4,-4.87,0.2568,-3.6,4.753996079186,5.52,58.1615897102,,,9.07,3041.79,3593.84,33535246743.96,26989773407.35,1.7093,2026-02-25T09:51:17.600Z
mm1r4sht4y69182pv,300059,东方财富,2024Q3,2024,2024-09-30,7303599002.2,6041773745.62,5696599707.16,-13.96,-2.69,-3.49,0.3826,-2.3,4.874218031126,8.14,57.7266322227,,,9.07,3041.79,3593.84,33535246743.96,26989773407.35,1.7093,2026-02-25T09:51:17.600Z
mm1r4sht7ml12802q,300059,东方财富,2024Q4,2024,2024-12-31,11604343090.16,9610120743.64,9253228906.81,4.72,17.29,17.7,0.6087,17.78,5.113988996607,12.64,63.3464342891,,,9.07,3041.79,3593.84,33535246743.96,26989773407.35,1.7093,2026-02-25T09:51:17.600Z
mm1r4shtrl4nncsqa,300059,东方财富,2025Q1,2025,2025-03-31,3485587013.94,2715030716.13,2698447664.45,41.93,38.96,39.32,0.172,39.05,5.275546168223,3.31,70.0649146082,,,9.07,3041.79,3593.84,33535246743.96,26989773407.35,1.7093,2026-02-25T09:51:17.600Z
mm1r4shtevzbzbg04,300059,东方财富,2025Q2,2025,2025-06-30,6856367524.9,5567372075.26,5251744713.43,38.65,37.27,35.38,0.3526,37.31,5.415217029742,6.69,69.0043798445,,,9.07,3041.79,3593.84,33535246743.96,26989773407.35,1.7093,2026-02-25T09:51:17.600Z
mm1r4shtowck8oszn,300059,东方财富,2025Q3,2025,2025-09-30,11588949114.96,9097249872.32,8685787164.38,58.67,50.57,52.47,0.576,50.55,5.623807796548,10.74,71.0685501023,29.63,4.04,9.07,3041.79,3593.84,33535246743.96,26989773407.35,1.7093,2026-02-25T09:51:17.600Z
mm1r4thqea5gapvdy,002268,电科网安,2020Q4,2020,2020-12-31,2383704942.48,161408158.18,157834650.54,13.306886536,3.62,,0.1925,,5.614930178761,3.65,35.4765332416,,,4.37,168.55,168.62,3861297784.4700003,-363478520.01,-0.4299,2026-02-25T09:51:18.963Z
mm1r4thqss51dgsf7,002268,电科网安,2021Q1,2021,2021-03-31,282760122.23,-76199276,-77726626.01,379.0031498252,43.91,,-0.0903,,5.582673728583,-1.61,42.2262713987,,,4.37,168.55,168.62,3861297784.4700003,-363478520.01,-0.4299,2026-02-25T09:51:18.963Z
mm1r4thqdpoxln6lb,002268,电科网安,2021Q2,2021,2021-06-30,843673221.29,-42036718.39,-43658397.88,94.7530223896,68.27,,-0.0498,,5.605460221504,-0.88,38.9184940691,,,4.37,168.55,168.62,3861297784.4700003,-363478520.01,-0.4299,2026-02-25T09:51:18.963Z
mm1r4thqq3kxtuvah,002268,电科网安,2021Q3,2021,2021-09-30,1635431216.15,18071240.63,17612235.4,66.909722879,110.1,,0.0214,,5.669799910292,0.37,36.7602944455,,,4.37,168.55,168.62,3861297784.4700003,-363478520.01,-0.4299,2026-02-25T09:51:18.963Z
mm1r4thqdw11upbcf,002268,电科网安,2021Q4,2021,2021-12-31,2954810984.81,251365338.53,183151646.32,23.9587556393,47.48,16.04,0.297,54.29,5.993897827587,5.09,36.9543669606,,,4.37,168.55,168.62,3861297784.4700003,-363478520.01,-0.4299,2026-02-25T09:51:18.963Z
mm1r4thqutx8t1srf,002268,电科网安,2022Q1,2022,2022-03-31,651331607.37,-36057117.34,-39220715.79,130.3477598727,49.54,,-0.0423,53.16,5.900218978367,-0.69,34.4019707219,,,4.37,168.55,168.62,3861297784.4700003,-363478520.01,-0.4299,2026-02-25T09:51:18.963Z
mm1r4thqntzey9y37,002268,电科网安,2022Q2,2022,2022-06-30,1353061906.97,14588464.54,6604216.45,60.3774865464,123.53,,0.0172,134.54,5.913772360683,0.2876,31.8443020885,,,4.37,168.55,168.62,3861297784.4700003,-363478520.01,-0.4299,2026-02-25T09:51:18.963Z
mm1r4thqdrhmopzo1,002268,电科网安,2022Q3,2022,2022-09-30,2058862678.03,49580760.52,35741614.33,25.891120195,174.36,102.94,0.0586,173.83,5.869390620076,0.98,34.0181209696,,,4.37,168.55,168.62,3861297784.4700003,-363478520.01,-0.4299,2026-02-25T09:51:18.963Z
mm1r4thq782vrh78m,002268,电科网安,2022Q4,2022,2022-12-31,3438032692.66,306636944.06,263372647.23,16.3537265271,21.99,43.8,0.3624,22.02,6.188685476893,5.9,36.6783093384,,,4.37,168.55,168.62,3861297784.4700003,-363478520.01,-0.4299,2026-02-25T09:51:18.963Z
mm1r4thqzgi8uc5oz,002268,电科网安,2023Q1,2023,2023-03-31,413167921.24,-36954112.11,-42301808.15,-36.5656577134,-2.49,,-0.0437,-3.31,6.145717801891,-0.71,52.3865577948,,,4.37,168.55,168.62,3861297784.4700003,-363478520.01,-0.4299,2026-02-25T09:51:18.963Z
mm1r4thq3yxavrxyg,002268,电科网安,2023Q2,2023,2023-06-30,1143511460.75,15422369.48,-7612443.35,-15.4871292393,5.72,,0.0182,5.81,6.148365682163,0.29,42.9479655882,,,4.37,168.55,168.62,3861297784.4700003,-363478520.01,-0.4299,2026-02-25T09:51:18.963Z
mm1r4thqs9pz2bluy,002268,电科网安,2023Q3,2023,2023-09-30,1721312988.76,76017781.73,44556513.22,-16.3949588708,53.32,24.66,0.0899,53.41,6.222875412465,1.45,43.7424831194,,,4.37,168.55,168.62,3861297784.4700003,-363478520.01,-0.4299,2026-02-25T09:51:18.963Z
mm1r4thq59axwcpwy,002268,电科网安,2023Q4,2023,2023-12-31,3072775783.47,348762592.11,301463171.95,-10.624009189,13.74,14.46,0.4123,13.77,6.546443922212,6.48,42.325132331,,,4.37,168.55,168.62,3861297784.4700003,-363478520.01,-0.4299,2026-02-25T09:51:18.963Z
mm1r4thqo7db5mgbn,002268,电科网安,2024Q1,2024,2024-03-31,128337109.62,-193523888.81,-198608308.21,-68.9382686742,-423.69,,-0.2288,-423.57,6.317908051815,-3.56,52.2655297666,,,4.37,168.55,168.62,3861297784.4700003,-363478520.01,-0.4299,2026-02-25T09:51:18.963Z
mm1r4thq2c1p6a0x5,002268,电科网安,2024Q2,2024,2024-06-30,640697984.37,-215376616.76,-232984442.66,-43.9710045451,-1496.52,,-0.2547,-1499.45,6.233260340059,-3.97,35.9345994582,,,4.37,168.55,168.62,3861297784.4700003,-363478520.01,-0.4299,2026-02-25T09:51:18.963Z
mm1r4thqdmcb4a1ka,002268,电科网安,2024Q3,2024,2024-09-30,992623175.2,-213221395.36,-235195490.04,-42.3333709975,-380.49,,-0.2521,-380.42,6.236731584032,-3.94,38.9358348955,,,4.37,168.55,168.62,3861297784.4700003,-363478520.01,-0.4299,2026-02-25T09:51:18.963Z
mm1r4thqw88lvd1u0,002268,电科网安,2024Q4,2024,2024-12-31,2467273131.54,158150563.89,101796633.14,-19.7053965079,-54.65,-66.23,0.187,-54.64,6.676670550588,2.83,40.7698544462,,,4.37,168.55,168.62,3861297784.4700003,-363478520.01,-0.4299,2026-02-25T09:51:18.963Z
mm1r4thqr9eh72vqd,002268,电科网安,2025Q1,2025,2025-03-31,148463072.45,-134684765.54,-141941489.39,15.6821069834,30.4,,-0.1593,30.38,6.516919538014,-2.41,51.7248996419,,,4.37,168.55,168.62,3861297784.4700003,-363478520.01,-0.4299,2026-02-25T09:51:18.963Z
mm1r4thqd3cfh2ced,002268,电科网安,2025Q2,2025,2025-06-30,488255299.94,-173660012.22,-185782578.14,-23.7932205421,19.37,,-0.2054,19.36,6.411145031568,-3.13,44.3698651457,,,4.37,168.55,168.62,3861297784.4700003,-363478520.01,-0.4299,2026-02-25T09:51:18.963Z
mm1r4thqxulkcftde,002268,电科网安,2025Q3,2025,2025-09-30,757306280.54,-213284306.14,-232174816.03,-23.7065686697,-0.03,,-0.2522,-0.04,6.364395431279,-3.86,43.8238814068,-59.29,3.13,4.37,168.55,168.62,3861297784.4700003,-363478520.01,-0.4299,2026-02-25T09:51:18.963Z
mm1r4u9ytek6fbb3i,300413,芒果超媒,2020Q4,2020,2020-12-31,14005534955.36,1982159476.82,1846203181.73,12.0383260871,71.42,,1.11,,5.947041074156,20.46,34.0954224608,,,0.8,255.83,468.43,32006845319.96,3522428646.6899996,1.88,2026-02-25T09:51:20.082Z
mm1r4u9yocwziu76z,300413,芒果超媒,2021Q1,2021,2021-03-31,4008953829.13,773455157.66,771179702.79,46.9971636529,61.18,,0.43,,6.38148263118,7.05,38.3118671966,,,0.8,255.83,468.43,32006845319.96,3522428646.6899996,1.88,2026-02-25T09:51:20.082Z
mm1r4u9yzk311ar4u,300413,芒果超媒,2021Q2,2021,2021-06-30,7853228785.77,1451207609.75,1440022162.65,36.0157563993,31.52,,0.82,,6.632151810746,12.87,37.758100183,,,0.8,255.83,468.43,32006845319.96,3522428646.6899996,1.88,2026-02-25T09:51:20.082Z
mm1r4u9y8an4m8o10,300413,芒果超媒,2021Q3,2021,2021-09-30,11631307463.29,1979999981.95,1971506291.6,22.8136125948,22.84,,1.11,,8.997773665452,16.54,38.7503547058,,,0.8,255.83,468.43,32006845319.96,3522428646.6899996,1.88,2026-02-25T09:51:20.082Z
mm1r4u9y0d88ov9m4,300413,芒果超媒,2021Q4,2021,2021-12-31,15355863482.07,2114090171.85,2067988835.94,9.6413919998,6.66,12.01,1.17,5.41,9.06944543632,16.22,35.4939383097,,,0.8,255.83,468.43,32006845319.96,3522428646.6899996,1.88,2026-02-25T09:51:20.082Z
mm1r4u9ym8ghkymea,300413,芒果超媒,2022Q1,2022,2022-03-31,3123969453.34,507478079.59,474325192.41,-22.0751950137,-34.39,-38.49,0.27,-37.21,9.340715264127,2.95,35.5464876874,,,0.8,255.83,468.43,32006845319.96,3522428646.6899996,1.88,2026-02-25T09:51:20.082Z
mm1r4u9ykug05i893,300413,芒果超媒,2022Q2,2022,2022-06-30,6714487102.29,1190764453.82,1095410126.2,-14.5002993615,-17.95,-23.93,0.64,-21.95,9.737679478533,6.8,36.3157428182,,,0.8,255.83,468.43,32006845319.96,3522428646.6899996,1.88,2026-02-25T09:51:20.082Z
mm1r4u9yyueoego0n,300413,芒果超媒,2022Q3,2022,2022-09-30,10238831740.41,1678292758,1537025410.9,-11.9717901644,-15.24,-22.04,0.8971,-19.18,9.998349435958,9.44,36.4088130323,,,0.8,255.83,468.43,32006845319.96,3522428646.6899996,1.88,2026-02-25T09:51:20.082Z
mm1r4u9ygw1q0tcdh,300413,芒果超媒,2022Q4,2022,2022-12-31,13976774034.92,1864245432.69,1604009042.23,-8.9808655095,-13.68,-22.44,1,-14.53,10.164366194942,10.17,34.1187022122,,,0.8,255.83,468.43,32006845319.96,3522428646.6899996,1.88,2026-02-25T09:51:20.082Z
mm1r4u9yek5fciefr,300413,芒果超媒,2023Q1,2023,2023-03-31,3100968397.41,548278325.03,521186210.63,-0.7362765953,7.39,9.88,0.29,7.41,10.359867848987,2.84,32.9718976225,,,0.8,255.83,468.43,32006845319.96,3522428646.6899996,1.88,2026-02-25T09:51:20.082Z
mm1r4u9y7vog3c5q8,300413,芒果超媒,2023Q2,2023,2023-06-30,6792721869.52,1259407379.27,1184138191.48,1.165163713,5.04,8.1,0.67,4.69,10.607198631283,6.42,35.1038063264,,,0.8,255.83,468.43,32006845319.96,3522428646.6899996,1.88,2026-02-25T09:51:20.082Z
mm1r4u9yf3djb50al,300413,芒果超媒,2023Q3,2023,2023-09-30,10365650609.35,1782224166.95,1613249837.47,1.238606827,5.21,4.96,0.95,5.9,10.882440413547,9,35.9055062891,,,0.8,255.83,468.43,32006845319.96,3522428646.6899996,1.88,2026-02-25T09:51:20.082Z
mm1r4u9yti6uja5fd,300413,芒果超媒,2023Q4,2023,2023-12-31,14628016301.84,3555705558.9,1695473001.05,4.6594605114,90.73,5.7,1.9,90,11.48884569739,17.34,32.9847144503,,,0.8,255.83,468.43,32006845319.96,3522428646.6899996,1.88,2026-02-25T09:51:20.082Z
mm1r4u9y2db3fhy68,300413,芒果超媒,2024Q1,2024,2024-03-31,3324411405.72,472318688.25,467007963.53,7.205588051,-13.85,-10.4,0.25,-13.79,11.741326898771,2.17,28.632272563,,,0.8,255.83,468.43,32006845319.96,3522428646.6899996,1.88,2026-02-25T09:51:20.082Z
mm1r4u9ytn18bv8th,300413,芒果超媒,2024Q2,2024,2024-06-30,6959926553.07,1064832991.18,912223572.37,2.4615270103,-15.45,-22.96,0.57,-14.93,11.894790950893,4.85,28.8446142189,,,0.8,255.83,468.43,32006845319.96,3522428646.6899996,1.88,2026-02-25T09:51:20.082Z
mm1r4u9yx67ffrtfl,300413,芒果超媒,2024Q3,2024,2024-09-30,10277740561.91,1444347079.5,1226323285.61,-0.8480900115,-18.96,-23.98,0.77,-18.95,12.064283885097,6.55,29.1469554867,,,0.8,255.83,468.43,32006845319.96,3522428646.6899996,1.88,2026-02-25T09:51:20.082Z
mm1r4u9yrltqauoua,300413,芒果超媒,2024Q4,2024,2024-12-31,14079689573.23,1364348174.2,1644849888.65,-3.7484694937,-61.63,-2.99,0.73,-61.58,12.021546371226,6.21,29.0347993408,,,0.8,255.83,468.43,32006845319.96,3522428646.6899996,1.88,2026-02-25T09:51:20.082Z
mm1r4u9yv6zvpefau,300413,芒果超媒,2025Q1,2025,2025-03-31,2900344772.02,378811611.91,303428595.79,-12.7561418232,-19.8,-35.03,0.2,-20,12.244352924464,1.67,26.434391926,,,0.8,255.83,468.43,32006845319.96,3522428646.6899996,1.88,2026-02-25T09:51:20.082Z
mm1r4u9ylrqfpjb62,300413,芒果超媒,2025Q2,2025,2025-06-30,5963683329.69,763397450.94,609820469.81,-14.3139904679,-28.31,-33.15,0.41,-28.07,12.229931739371,3.35,26.5572023213,,,0.8,255.83,468.43,32006845319.96,3522428646.6899996,1.88,2026-02-25T09:51:20.082Z
mm1r4u9yavocxl0w1,300413,芒果超媒,2025Q3,2025,2025-09-30,9063127645.02,1015871409.64,790941940.92,-11.8178982002,-29.67,-35.5,0.54,-29.87,12.378850377596,4.45,26.9119131502,34.58,2.02,0.8,255.83,468.43,32006845319.96,3522428646.6899996,1.88,2026-02-25T09:51:20.082Z
